iso3,country,year,pib_pc_ppp,tes_gj,ren_twh,gen_twh,penetracion_ren,continente
ARE,Emiratos Árabes Unidos,1990,88454.9925120448,654.2074748975356,0.0,17.081,0.0,Asia
ARG,Argentina,1990,7158.30849175961,52.79156567384912,0.1330218138651648,51.004894,0.0026080205923997173,America_Sur
AUS,Australia,1990,17385.4985419393,214.8426871693397,0.7595000000000001,155.6535,0.004879427703199736,Oceania
AUT,Austria,1990,19395.859898704,127.49513423928134,1.1424850000000002,49.296,0.023176018338201886,Europa
AZE,Azerbaiyán,1990,5342.57081589788,128.10035852848827,0.0,23.152,0.0,Asia
BEL,Bélgica,1990,18687.7257960975,225.3916197376144,0.289,70.923,0.004074841729763264,Europa
BGD,Bangladesh,1990,940.654470863744,2.325956136272654,0.0,7.732,0.0,Asia
BGR,Bulgaria,1990,7547.56931142519,132.22801911263136,0.0,42.141,0.0,Europa
BLR,Belarús,1990,5220.47473057813,164.66888554188762,0.0,39.526,0.0,Europa
BRA,Brasil,1990,6687.92294863479,27.957776520419763,3.8590625,222.8201152300268,0.017319183665335258,America_Sur
CAN,Canadá,1990,20225.9601080799,316.5133692512626,3.955919191919192,480.5932424242396,0.008231325043116479,America_Norte
CHE,Suiza,1990,28870.9155356947,148.95319260808304,0.439,56.01542743221691,0.00783712666534991,Europa
CHL,Chile,1990,4444.4667266396,36.9791315634665,0.963,18.398,0.05234264593977606,America_Sur
CHN,China,1990,990.717285163772,24.00018897602488,0.068020202020202,621.2,0.00010949807150708626,Asia
COL,Colombia,1990,5109.42000129613,22.042484078228156,0.274,38.24570622244135,0.0071642029148680135,America_Sur
CYP,Chipre,1990,13348.1103515625,85.37420435085937,0.0,1.974,0.0,Asia
CZE,República Checa,1990,12848.2484124716,193.57793625685736,0.0,62.559000000000005,0.0,Europa
DEU,Alemania,1990,19467.8150314767,189.1389367163561,1.507,549.9,0.002740498272413166,Europa
DNK,Dinamarca,1990,18225.4764138002,140.70560051563825,0.8203,25.97718888888889,0.031577704712724454,Europa
DZA,Argelia,1990,7602.18725707323,44.64702127735037,0.0,16.104,0.0,Africa
ECU,Ecuador,1990,4631.55325848459,20.493326075509096,0.0,6.3488547,0.0,America_Sur
EGY,"Egipto, República Árabe de",1990,3566.03456550614,22.92331379320631,0.0,41.9525,0.0,Africa
ESP,España,1990,13675.6055336815,94.81078524665551,0.562,151.92000000000002,0.003699315429173249,Europa
EST,Estonia,1990,7480.89807938724,285.3090873697624,0.0,17.181,0.0,Europa
FIN,Finlandia,1990,18148.6227791552,220.1832441377827,5.156454999999999,54.377455000000005,0.09482707493390412,Europa
FRA,Francia,1990,17474.7533591153,164.53232531174962,1.913271526,420.751,0.004547277430119002,Europa
GBR,Reino Unido,1990,16505.4176376936,157.3797704590159,0.6048,319.73900000000003,0.0018915427895877573,Europa
GRC,Grecia,1990,13126.2744827516,99.61884019699984,0.002,35.003,5.713795960346256e-05,Europa
HKG,"Hong Kong, Región Administrativa Especial",1990,18251.7091298869,90.22194469406791,0.0,28.96,0.0,Asia
HRV,Croacia,1990,9525.99430234074,69.35755738018882,0.011,8.8732,0.0012396880494072034,Europa
HUN,Hungría,1990,9169.12684131118,112.16118834103246,0.017,28.436,0.0005978337318891546,Europa
IDN,Indonesia,1990,3043.94197517443,11.635215274482372,1.12742,33.11472,0.034045886542299016,Asia
IND,India,1990,1177.14954249551,9.039538102535952,0.0678893666393666,287.7628267666394,0.0002359212529366113,Asia
IRL,Irlanda,1990,13742.8758185709,118.94895020633194,0.0,14.500609640000002,0.0,Europa
IRN,"Irán, República Islámica del",1990,7565.85440752452,49.13693014387978,0.0,57.655,0.0,Asia
ISL,Islandia,1990,22753.5346998053,225.0344553099479,0.28291,4.447226,0.06361493659193394,Europa
ISR,Israel,1990,15711.6248526657,102.28075522225562,0.0,20.8976,0.0,Asia
ITA,Italia,1990,18680.297476875,112.89352196279746,3.2769191919191925,216.6,0.015128897469617694,Europa
JPN,Japón,1990,20331.1220070593,149.4828079032088,11.341126,881.5,0.012865712989222915,Asia
KAZ,Kazajstán,1990,7874.18736377728,177.3363246896756,0.0,87.379,0.0,Asia
KOR,"Corea, República de",1990,8567.46338825817,88.18159027881,0.001,118.460795,8.441611420892456e-06,Asia
KWT,Kuwait,1990,30763.0669321375,195.49495405737943,0.0,18.477,0.0,Asia
LKA,Sri Lanka,1990,2527.44295259518,5.2247523390673125,0.0,3.1498000000000004,0.0,Asia
LTU,Lituania,1990,9029.81574983868,193.43404228580192,0.0,28.405,0.0,Europa
LUX,Luxemburgo,1990,29948.9365501492,349.0806046771493,0.012505,1.377,0.009081336238198984,Europa
LVA,Letonia,1990,7447.94869358261,115.92882668714196,0.0,6.648000000000001,0.0,Europa
MAR,Marruecos,1990,2776.82250976563,11.869501694874508,0.0,9.628,0.0,Africa
MEX,México,1990,8577.86239058383,57.94295082994542,5.126,117.59154298884492,0.04359157019043681,America_Norte
MKD,Macedonia del Norte,1990,5347.77341791127,50.06336874832905,0.0,5.758,0.0,Europa
MYS,Malasia,1990,6886.63312538546,47.05251330839461,0.0,23.016,0.0,Asia
NLD,Países Bajos,1990,19202.9869557536,222.68496336892144,0.7260000000000001,71.892,0.010098481054915709,Europa
NOR,Noruega,1990,18391.8564871298,222.56184538695263,0.213,121.848,0.0017480795745519007,Europa
NZL,Nueva Zelandia,1990,14812.1421730541,166.16045534188365,2.9529426551932536,32.61435176830056,0.09054120333807643,Oceania
OMN,Omán,1990,26904.0022117071,95.14509845494835,0.0,4.501,0.0,Asia
PAK,Pakistán,1990,1895.26266972807,8.434503496367196,0.0,45.985,0.0,Asia
PER,Perú,1990,3366.65696148276,14.14623201684162,0.136,13.808,0.00984936268829664,America_Sur
PHL,Filipinas,1990,2607.96574508511,12.29676861928689,5.89576,26.327,0.223943480077487,Asia
POL,Polonia,1990,6185.10006944695,112.04060434962612,0.055,136.311,0.00040348908011825896,Europa
PRT,Portugal,1990,11779.7566017591,66.54283670211096,0.693959595959596,28.5,0.024349459507354246,Europa
QAT,Qatar,1990,57201.3261897989,644.7775015991945,0.0,4.8420000000000005,0.0,Asia
ROU,Rumania,1990,5280.23907281744,111.35197494684846,0.0020627325890483,64.309,3.2075332986802784e-05,Europa
RUS,Federación de Rusia,1990,8027.7890625,236.14879964463415,0.065,1082.2,6.006283496581039e-05,Europa
SAU,Arabia Saudita,1990,46214.2180696795,314.07862894072565,0.0,79.88045573923428,0.0,Asia
SGP,Singapur,1990,23815.1597270996,323.43937608424056,0.085,15.6176,0.005442577604753612,Asia
SVK,República Eslovaca,1990,8638.4079886218,168.86973348321428,0.0,26.132,0.0,Europa
SVN,Eslovenia,1990,13491.1485293483,116.7729492348216,0.0,12.399,0.0,Europa
SWE,Suecia,1990,20357.2079926484,216.729782831073,1.949,146.508,0.01330302782100636,Europa
THA,Tailandia,1990,4450.52121175956,22.644498946221105,0.0250089999999999,44.11251,0.0005669366807737737,Asia
TKM,Turkmenistán,1990,5319.68772323206,150.20643895661738,0.0,14.61,0.0,Asia
TTO,Trinidad y Tobago,1990,6877.62134845028,200.0799865662748,0.031,3.577,0.008666480290746436,America_Norte
TUR,Turquía,1990,8201.06760277333,33.19944964287466,0.0800999999999999,57.543,0.001392002502476407,Asia
UKR,Ucrania,1990,7590.544921875,220.53422169092656,0.0,298.835,0.0,Europa
USA,Estados Unidos,1990,23888.6000088133,316.29370507604847,60.64687788942052,3232.779648759239,0.018759978866081137,America_Norte
UZB,Uzbekistán,1990,2967.97364009673,89.12861663940579,0.0,56.325,0.0,Asia
VEN,Venezuela,1990,11675.0228304969,96.44651502101524,0.0,59.321,0.0,America_Sur
VNM,Viet Nam,1990,1209.68644472966,3.661355038614994,0.0,8.681000000000001,0.0,Asia
ZAF,Sudáfrica,1990,6381.67336428175,90.94222602693029,0.0,167.226,0.0,Africa
ARE,Emiratos Árabes Unidos,1991,87250.1153740273,755.0060539432859,0.0,17.222,0.0,Asia
ARG,Argentina,1991,7960.97843974615,53.3957449871414,0.1310081011998414,53.85426999999999,0.0024326409252198836,America_Sur
AUS,Australia,1991,17839.0574706042,210.18864086401143,0.72495,157.9635,0.004589351337492522,Oceania
AUT,Austria,1991,20535.8247267043,133.50309381549434,1.225832,51.27025333652143,0.023909224554714673,Europa
AZE,Azerbaiyán,1991,5412.09760160681,121.52481743841696,0.0,23.4495,0.0,Asia
BEL,Bélgica,1991,19600.8963598198,232.1321685251461,0.307,71.936,0.004267682384341637,Europa
BGD,Bangladesh,1991,987.313199393388,2.202470478040707,0.0,8.27,0.0,Asia
BGR,Bulgaria,1991,7214.94446128522,107.92845061004022,0.0,40.862,0.0,Europa
BLR,Belarús,1991,5329.79780882023,164.1704680741628,0.0,38.735,0.0,Europa
BRA,Brasil,1991,6866.63038029024,28.41279447368714,3.9996125625,234.3762971755566,0.0170649191522304,America_Sur
CAN,Canadá,1991,20219.8839262023,311.3371728855335,3.985919191919192,506.9948584795292,0.007861853281654394,America_Norte
CHE,Suiza,1991,29206.580814578,149.4203494248277,0.438,58.061845826687936,0.007543680256177366,Europa
CHL,Chile,1991,4885.5152251195,39.28465537573573,1.033,19.963,0.05174572959975955,America_Sur
CHN,China,1991,1105.06746480665,24.88778465420965,0.0750909090909091,677.5500000000001,0.00011082711104849692,Asia
COL,Colombia,1991,5280.77779744064,22.28256099196625,0.269,40.12350790892981,0.006704299150776194,America_Sur
CYP,Chipre,1991,13546.3330078125,93.52810084311292,0.0,2.077,0.0,Asia
CZE,República Checa,1991,11768.1863671117,175.6915071047229,0.0,60.528,0.0,Europa
DEU,Alemania,1991,21000.6955481553,183.2474628825936,1.612,540.2220000000001,0.0029839584467126474,Europa
DNK,Dinamarca,1991,19067.028796635,161.82596423245468,1.0951,36.5405,0.029969485912891173,Europa
DZA,Argelia,1991,7582.07194408856,43.15380856834758,0.0,17.345,0.0,Africa
ECU,Ecuador,1991,4886.94780812682,21.68550654290524,0.0,6.974455799999999,0.0,America_Sur
EGY,"Egipto, República Árabe de",1991,3626.74120645934,22.61070260674187,0.0,43.276,0.0,Africa
ESP,España,1991,14461.2007315581,97.68344344939575,0.5640000000000001,155.797,0.003620095380527225,Europa
EST,Estonia,1991,7151.00829058943,265.13313661385104,0.0,14.627,0.0,Europa
FIN,Finlandia,1991,17562.8413872459,221.1425403443677,4.99952,57.98552,0.08622014599506912,Europa
FRA,Francia,1991,18197.5277347283,175.0598512480665,2.102489604,455.555,0.004615226710276476,Europa
GBR,Reino Unido,1991,16791.0632044568,160.29363621060935,0.6969,322.875,0.0021584204413472707,Europa
GRC,Grecia,1991,13823.9094383428,98.79499304797956,0.002,35.815,5.5842524082088516e-05,Europa
HKG,"Hong Kong, Región Administrativa Especial",1991,19780.1383061028,92.35842418410212,0.0,31.88888888888889,0.0,Asia
HRV,Croacia,1991,7917.72183131854,54.44587531329881,0.01,8.6051,0.0011621015444329525,Europa
HUN,Hungría,1991,8352.41137095729,107.38493465364242,0.024,29.963,0.0008009878850582385,Europa
IDN,Indonesia,1991,3305.36393290345,12.398601441660931,1.05146,38.10263,0.027595470443903744,Asia
IND,India,1991,1203.44685909848,9.30135381648854,0.2079813213213213,320.45763072132127,0.0006490134775482615,Asia
IRL,Irlanda,1991,14398.7639103425,121.2664647365486,0.0,15.135723940000002,0.0,Europa
IRN,"Irán, República Islámica del",1991,8580.17979923449,52.16671396128255,0.0,62.814,0.0,Asia
ISL,Islandia,1991,23199.9494587477,214.62365758769943,0.2670249999999999,4.425218,0.06034166000409469,Europa
ISR,Israel,1991,16476.107447374,98.86361461183994,0.0,21.5141,0.0,Asia
ITA,Italia,1991,19595.5409023254,115.565439479443,3.299878787878788,221.816,0.014876649059936109,Europa
JPN,Japón,1991,21673.9383930363,152.52920627706752,11.651856999999998,911.303,0.012785930694840244,Asia
KAZ,Kazajstán,1991,7192.80207932692,175.96238928551853,0.0,85.99,0.0,Asia
KOR,"Corea, República de",1991,9723.69531281792,99.5581501169372,0.001,131.616144,7.597852129750892e-06,Asia
KWT,Kuwait,1991,23390.4236049007,122.86120605387454,0.0,10.78,0.0,Asia
LKA,Sri Lanka,1991,2712.72280195342,5.184633643501681,0.0,3.3771,0.0,Asia
LTU,Lituania,1991,8790.38654588643,203.4435812799148,0.0,29.363,0.0,Europa
LUX,Luxemburgo,1991,33190.5117274445,370.0548702999707,0.013976,1.415,0.00987703180212014,Europa
LVA,Letonia,1991,6761.93041490059,100.23729693914636,0.0,5.644,0.0,Europa
MAR,Marruecos,1991,3025.00708007813,11.817257955013856,0.0,9.205,0.0,Africa
MEX,México,1991,9078.60557528736,59.06732707331609,5.835512475377544,128.57117140482066,0.04538741003614086,America_Norte
MKD,Macedonia del Norte,1991,5206.88162976869,48.65599497124879,0.0,5.7700000000000005,0.0,Europa
MYS,Malasia,1991,7582.5694305285,57.53707772599578,0.0,26.552,0.0,Asia
NLD,Países Bajos,1991,20176.9779276602,229.70541966812357,0.838,74.282,0.011281333297434103,Europa
NOR,Noruega,1991,19464.0909367752,207.01531940333527,0.209,111.009,0.001882730229080525,Europa
NZL,Nueva Zelandia,1991,14500.9507347911,167.0406614434427,3.121829357035767,33.63915426556432,0.0928034436416113,Oceania
OMN,Omán,1991,28108.6614402282,118.29284845093608,0.0,4.625,0.0,Asia
PAK,Pakistán,1991,1991.57964034583,8.635709040785231,0.0,50.22,0.0,Asia
PER,Perú,1991,3483.53898065746,13.39174529592602,0.133,14.482,0.009183814390277587,America_Sur
PHL,Filipinas,1991,2620.70437667025,12.05049441156652,5.758,25.649,0.22449218293110842,Asia
POL,Polonia,1991,5924.62138760787,109.78075291917698,0.083,134.714,0.0006161200766067373,Europa
PRT,Portugal,1991,12739.4101586145,69.58415239143136,0.813959595959596,29.871,0.027249157911003852,Europa
QAT,Qatar,1991,56276.2160867347,718.7512302898597,0.0,4.6690000000000005,0.0,Asia
ROU,Rumania,1991,4795.10097335744,92.38361726230316,0.0,56.803,0.0,Europa
RUS,Federación de Rusia,1991,7857.85498046875,232.04569697768687,0.065,1068.1633000000002,6.085211877247607e-05,Europa
SAU,Arabia Saudita,1991,49295.4748117673,313.6733614418604,0.0,84.99571265049852,0.0,Asia
SGP,Singapur,1991,25530.3666968072,319.41902614544614,0.245,16.5966,0.01476205969897449,Asia
SVK,República Eslovaca,1991,7623.11488361013,149.82457072550145,0.0,24.747,0.0,Europa
SVN,Eslovenia,1991,12697.9185657738,114.84426255084836,0.0,12.744,0.0,Europa
SWE,Suecia,1991,20663.1408121844,219.569475784056,1.873,147.384,0.01270829940834826,Europa
THA,Tailandia,1991,4914.08122603058,24.69378445185317,0.029667,50.12039,0.0005919147875744781,Asia
TKM,Turkmenistán,1991,5116.6104906144,131.27291605769764,0.0,14.9535,0.0,Asia
TTO,Trinidad y Tobago,1991,7273.63667690568,197.90135084012172,0.025,3.72,0.006720430107526882,America_Norte
TUR,Turquía,1991,8408.67939926363,33.42455679820781,0.1197,60.246300000000005,0.001986844005358005,Asia
UKR,Ucrania,1991,7148.48291015625,206.0550561070806,0.0,278.683,0.0,Europa
USA,Estados Unidos,1991,24342.2589048189,312.3361796524014,64.01077461672078,3270.7244021134197,0.019570824914309323,America_Norte
UZB,Uzbekistán,1991,2980.72163219196,85.92983901554796,0.0,54.165,0.0,Asia
VEN,Venezuela,1991,12914.9565777523,92.27839044371436,0.0,63.337,0.0,America_Sur
VNM,Viet Nam,1991,1297.66060481432,3.5601803052672825,0.0,9.21,0.0,Asia
ZAF,Sudáfrica,1991,6382.80679264745,88.09487400730895,0.0,168.316,0.0,Africa
ARE,Emiratos Árabes Unidos,1992,87509.2631006467,692.3363441195802,0.0,18.689,0.0,Asia
ARG,Argentina,1992,8667.85280375707,56.00589987189087,0.1299859293950217,56.10709699999999,0.0023167466567557706,America_Sur
AUS,Australia,1992,18258.7234358128,211.1041017158363,0.6821,161.4005,0.004226133128459949,Oceania
AUT,Austria,1992,21208.8392210406,126.86481929567218,1.3291639999998917,50.984824983628776,0.026069796266373103,Europa
AZE,Azerbaiyán,1992,4220.14637286529,102.55607761683775,0.0,19.7626,0.0,Asia
BEL,Bélgica,1992,20272.01785535,230.50914744187725,0.276,72.22500000000001,0.0038213914849428866,Europa
BGD,Bangladesh,1992,1044.89188611749,2.364336866897696,0.0,8.894,0.0,Asia
BGR,Bulgaria,1992,6916.58328308184,103.2980257978703,0.0,35.61,0.0,Europa
BLR,Belarús,1992,4917.12115637312,142.6672826511808,0.0,37.595,0.0,Europa
BRA,Brasil,1992,6869.41000558486,28.341800446109268,4.929360737945206,241.76195193832476,0.020389315599183788,America_Sur
CAN,Canadá,1992,20619.2992538247,315.7277800736928,4.526052632,518.6268124406096,0.008726993135393091,America_Norte
CHE,Suiza,1992,29531.7172711071,149.99934012972298,0.488,59.5179197235513,0.00819921130084286,Europa
CHL,Chile,1992,5563.18125485069,41.783434660711016,1.743,22.35,0.07798657718120805,America_Sur
CHN,China,1992,1276.11380951562,25.888145117350955,0.2473131313131313,753.94,0.0003280276034076071,Asia
COL,Colombia,1992,5509.36464904622,23.976277405097,0.34,36.613098717322494,0.009286294028949215,America_Sur
CYP,Chipre,1992,14759.4677734375,102.98890959350398,0.0,2.43,0.0,Asia
CZE,República Checa,1992,11963.1600521076,173.76586039011917,0.0,59.293,0.0,Europa
DEU,Alemania,1992,21745.8178030582,178.04037900150507,1.839,538.1657000000001,0.0034171631525383344,Europa
DNK,Dinamarca,1992,19830.3379439042,150.42224754413607,1.4364,30.73337777777778,0.04673745952645043,Europa
DZA,Argelia,1992,7704.51644334888,43.23983189783242,0.0,18.286,0.0,Africa
ECU,Ecuador,1992,4997.6436327044,22.46862800974484,0.0,7.1960273,0.0,America_Sur
EGY,"Egipto, República Árabe de",1992,3783.80257077773,21.86722135071419,0.0,44.987,0.0,Africa
ESP,España,1992,14855.2574563932,103.42791967744344,0.686,158.718,0.004322131075240364,Europa
EST,Estonia,1992,5871.8423996134,190.17298984295672,0.0,11.829,0.0,Europa
FIN,Finlandia,1992,17270.9411369567,217.2261507018618,4.952594,57.724594,0.08579694817775592,Europa
FRA,Francia,1992,18800.5408167592,174.379984249334,2.1359776040000003,463.639,0.004606984321853857,Europa
GBR,Reino Unido,1992,17349.0817823144,158.81775284688328,0.9672,321.043,0.0030126805443507565,Europa
GRC,Grecia,1992,14129.567617274,100.77413134409572,0.009,37.411,0.0002405709550666916,Europa
HKG,"Hong Kong, Región Administrativa Especial",1992,21312.5956176911,106.21376109547336,0.0,35.07555555555555,0.0,Asia
HRV,Croacia,1992,7326.4729973385,54.20918466721284,0.006,8.9021,0.0006739982700711067,Europa
HUN,Hungría,1992,8284.22702640089,100.10726317902004,0.046,31.685,0.0014517910683288623,Europa
IDN,Indonesia,1992,3538.48431255914,13.312960387046996,1.08574,40.28435,0.02695190564077613,Asia
IND,India,1992,1270.99063506933,9.635167256691869,0.2078618918918918,337.1533206918919,0.0006165203755529572,Asia
IRL,Irlanda,1992,15115.7694903972,119.74965499605604,0.0050009,15.99887928,0.000312578144536134,Europa
IRN,"Irán, República Islámica del",1992,8887.62824021242,56.214482182053096,0.0,67.178,0.0,Asia
ISL,Islandia,1992,22641.7450193353,215.62817553670263,0.229769,4.53892,0.0506219541212447,Europa
ISR,Israel,1992,17542.371931256,111.21180156974025,0.0,24.6862,0.0,Asia
ITA,Italia,1992,20195.5875939945,115.4511427117465,3.566919191919192,226.254,0.015765109973389164,Europa
JPN,Japón,1992,22284.624071883,154.62168370013072,11.860617,916.787,0.012937156613259131,Asia
KAZ,Kazajstán,1992,6945.09441092007,173.24908989237247,0.0,83.166,0.0,Asia
KOR,"Corea, República de",1992,10467.6254837923,111.38266286990056,0.002,146.439284,1.3657537413253128e-05,Asia
KWT,Kuwait,1992,36149.1834808024,179.8397380732629,0.0,16.885,0.0,Asia
LKA,Sri Lanka,1992,2850.9500749898,5.661188279737652,0.0,3.5397,0.0,Asia
LTU,Lituania,1992,7087.06648289219,130.04452445387338,0.0,18.707,0.0,Europa
LUX,Luxemburgo,1992,34108.4951917121,366.4983530597136,0.01177,1.198,0.009824707846410685,Europa
LVA,Letonia,1992,4759.77997663224,76.03845866554184,0.0,3.834,0.0,Europa
MAR,Marruecos,1992,2979.068359375,13.121047821895102,0.0,9.719,0.0,Africa
MEX,México,1992,9469.67304688292,58.6284233065161,6.369522980958635,132.2756645276993,0.04815339997498043,America_Norte
MKD,Macedonia del Norte,1992,5033.36703174399,50.61626056437809,0.0,6.065,0.0,Europa
MYS,Malasia,1992,8223.80295927448,63.489641495500514,0.0,31.38110800644695,0.0,Asia
NLD,Países Bajos,1992,20830.7613437333,227.03985853817943,0.9,77.231,0.011653351633411455,Europa
NOR,Noruega,1992,20490.6687240431,213.3377448325495,0.227,117.506,0.0019318162476809695,Europa
NZL,Nueva Zelandia,1992,14876.8506144376,168.32280586891656,3.070012866925877,33.21097367858916,0.0924397127478707,Oceania
OMN,Omán,1992,29772.9044251961,112.04495681128942,0.0,5.113,0.0,Asia
PAK,Pakistán,1992,2132.01941726742,8.7737756487762,0.0,53.575,0.0,Asia
PER,Perú,1992,3472.23065868272,13.236939533315953,0.133,13.122,0.010135650053345527,America_Sur
PHL,Filipinas,1992,2628.58754481354,12.57263203238342,5.7,25.87,0.22033243138770778,Asia
POL,Polonia,1992,6193.00768846748,107.01819207093304,0.111,132.75,0.0008361581920903955,Europa
PRT,Portugal,1992,13181.922768958,74.25403011038142,0.8908383838383839,30.087,0.02960874742707428,Europa
QAT,Qatar,1992,62060.5006666783,1106.026896477701,0.0,5.183,0.0,Asia
ROU,Rumania,1992,4515.00431454621,82.50474068447666,0.002,54.195,3.690377341083126e-05,Europa
RUS,Federación de Rusia,1992,6862.41455078125,223.66725760776703,0.063,1008.45,6.247211066488175e-05,Europa
SAU,Arabia Saudita,1992,50355.4065006377,302.4232641750208,0.0,93.47317729536417,0.0,Asia
SGP,Singapur,1992,27021.8408815114,333.1114440553892,0.245,17.5431,0.013965604710683973,Asia
SVK,República Eslovaca,1992,7270.41049308264,141.36311748176263,0.0,23.627,0.0,Europa
SVN,Eslovenia,1992,12295.6366722699,106.97033547961054,0.0,12.344,0.0,Europa
SWE,Suecia,1992,20767.0040710182,205.0648361260796,2.0410000000000004,146.445,0.013936972924988907,Europa
THA,Tailandia,1992,5346.68009434295,26.68821578775261,0.0208609999999999,57.02815,0.00036580180139106567,Asia
TKM,Turkmenistán,1992,4349.8392333602,133.3075771441021,0.0,13.1828,0.0,Asia
TTO,Trinidad y Tobago,1992,8129.04428812413,207.9068409984192,0.03,3.976,0.007545271629778672,America_Norte
TUR,Turquía,1992,8962.5185254558,34.22345252309744,0.1167,67.3422,0.0017329401177864695,Asia
UKR,Ucrania,1992,6568.3330078125,174.02523619268345,0.0,252.524,0.0,Europa
USA,Estados Unidos,1992,25418.9907763319,314.1882238793083,68.14094648174127,3284.389934607309,0.020746911249406322,America_Norte
UZB,Uzbekistán,1992,2641.4027917077,80.09152198768176,0.0,50.911,0.0,Asia
VEN,Venezuela,1992,13682.4811689995,97.89644079671989,0.0,67.44,0.0,America_Sur
VNM,Viet Nam,1992,1413.07495321401,3.778646161849392,0.0,9.705,0.0,Asia
ZAF,Sudáfrica,1992,6275.01326531567,87.13901905184862,0.0,168.09,0.0,Africa
ARE,Emiratos Árabes Unidos,1993,86330.3367761972,686.0615604020354,0.0,21.73,0.0,Asia
ARG,Argentina,1993,9472.44509959632,56.266722462807984,0.0959950870485914,61.86877899999998,0.0015515917495089312,America_Sur
AUS,Australia,1993,19220.342291254,213.7367489360153,0.6866000000000001,165.3825,0.004151587985427721,Oceania
AUT,Austria,1993,21646.6833009529,127.65088539887074,1.3621110000000032,52.44125062784313,0.02597403730255061,Europa
AZE,Azerbaiyán,1993,3272.23795033519,86.94392311440136,0.0,19.051,0.0,Asia
BEL,Bélgica,1993,20472.777919689,225.96509462516667,0.253,70.834,0.0035717310895897448,Europa
BGD,Bangladesh,1993,1099.38588805752,2.5673342925211178,0.0,9.206,0.0,Asia
BGR,Bulgaria,1993,7031.58721302407,111.74262581871324,0.0,37.997,0.0,Europa
BLR,Belarús,1993,4640.85663766813,118.754530554102,0.0,33.369,0.0,Europa
BRA,Brasil,1993,7259.9888570692,29.148020017008527,4.983937033224442,252.00312157802523,0.01977728292417725,America_Sur
CAN,Canadá,1993,21432.2129617831,320.4743698939316,4.878052632,530.2321611381105,0.009199842992415929,America_Norte
CHE,Suiza,1993,29919.90603415,145.19831591602806,0.495,61.55561297182351,0.00804150874472782,Europa
CHL,Chile,1993,6060.80624589525,43.71651333250777,1.75,24.013,0.07287719152125931,America_Sur
CHN,China,1993,1471.2754807734,27.545216916271063,0.3331212121212121,811.59,0.0004104550476487045,Asia
COL,Colombia,1993,5826.18344431689,24.83608300613051,0.389,41.69108606370082,0.009330531697006825,America_Sur
CYP,Chipre,1993,14852.0595703125,101.08094703123602,0.0,2.59,0.0,Asia
CZE,República Checa,1993,12241.5754448767,170.00406053113986,0.161,58.881,0.002734328560995907,Europa
DEU,Alemania,1993,21900.1979136537,175.94556536344234,2.266,527.118,0.004298847696341236,Europa
DNK,Dinamarca,1993,20216.8954580986,159.50783155526165,1.7622,33.96900277777778,0.0518767068768005,Europa
DZA,Argelia,1993,7537.93868247743,39.237933664962576,0.0,19.414,0.0,Africa
ECU,Ecuador,1993,5112.21877066441,21.71322665911017,0.0,7.411305,0.0,America_Sur
EGY,"Egipto, República Árabe de",1993,3894.94097755613,21.35211566172192,0.0,46.737,0.0,Africa
ESP,España,1993,14972.676286411,98.44123312613604,0.704,156.798,0.004489853186902894,Europa
EST,Estonia,1993,5813.71555099389,161.57923639704268,0.0,9.118,0.0,Europa
FIN,Finlandia,1993,17457.7676292369,219.42264510701028,5.962672,61.078672,0.09762281668468496,Europa
FRA,Francia,1993,19093.8468896509,174.2376831797224,1.97808518,472.707,0.004184590412242679,Europa
GBR,Reino Unido,1993,18336.2218082539,160.50735441230728,1.415,323.10200000000003,0.004379421978198835,Europa
GRC,Grecia,1993,14149.5782711785,101.81717025482308,0.048,38.396,0.0012501302218981144,Europa
HKG,"Hong Kong, Región Administrativa Especial",1993,22776.1128375477,113.1396572951216,0.0,35.9475,0.0,Asia
HRV,Croacia,1993,6861.25063171896,57.160941197061646,0.019,9.5638,0.001986658022961584,Europa
HUN,Hungría,1993,8441.35306660172,99.35890222888506,0.039,32.915,0.0011848701200060762,Europa
IDN,Indonesia,1993,3792.59465733018,13.987254513318153,1.09197,39.70743,0.027500394762390818,Asia
IND,India,1993,1334.60916429666,9.677367314099664,0.3468195495495494,362.1762511495495,0.0009575988167328536,Asia
IRL,Irlanda,1993,15811.4896948976,122.78440670649648,0.0150027,16.38194822,0.0009158068258135417,Europa
IRN,"Irán, República Islámica del",1993,8932.54883018196,51.6010441827758,0.0,74.686,0.0,Asia
ISL,Islandia,1993,23245.2978034086,222.30231416395583,0.254272,4.721272,0.05385667252384527,Europa
ISR,Israel,1993,18207.0244683211,117.72128834997612,0.0,25.9997,0.0,Asia
ITA,Italia,1993,20485.4434748589,113.87959434663622,3.797838383838384,222.802,0.01704580023446102,Europa
JPN,Japón,1993,22634.5878828654,156.23615415632304,11.582831595959597,926.103,0.012507066272282454,Asia
KAZ,Kazajstán,1993,6477.34852543983,152.82164302284218,0.0,77.889,0.0,Asia
KOR,"Corea, República de",1993,11349.4009046164,121.33457816926033,0.003,161.900951,1.8529847919176216e-05,Asia
KWT,Kuwait,1993,48481.7603772287,215.663810863971,0.0,20.178,0.0,Asia
LKA,Sri Lanka,1993,3067.38292693737,5.80877004743004,0.0,3.9787,0.0,Asia
LTU,Lituania,1993,6106.66917755272,102.72227227719787,0.0,14.105,0.0,Europa
LUX,Luxemburgo,1993,35898.5418756947,366.483562718053,0.014712,1.067,0.013788191190253046,Europa
LVA,Letonia,1993,4722.00413311185,67.63156910287974,0.0,3.924,0.0,Europa
MAR,Marruecos,1993,2979.28686523438,13.19702040829393,0.0,9.91,0.0,Africa
MEX,México,1993,9040.50553246324,57.46277266295602,6.504760669730794,134.64251942191686,0.048311341006234625,America_Norte
MKD,Macedonia del Norte,1993,4828.79039412605,52.48439683043899,0.0,5.18,0.0,Europa
MYS,Malasia,1993,9018.06249385211,62.04653615576195,0.0,34.87734916912133,0.0,Asia
NLD,Países Bajos,1993,21442.7269213863,228.0506699351019,1.038,76.992,0.013481920199501247,Europa
NOR,Noruega,1993,21451.5674029774,217.76005219121325,0.25,120.095,0.0020816853324451476,Europa
NZL,Nueva Zelandia,1993,15900.1007418351,168.30582952969013,3.2190710649674696,34.61563138758013,0.0929947233642675,Oceania
OMN,Omán,1993,30986.5262565914,103.61124562553329,0.0,5.833,0.0,Asia
PAK,Pakistán,1993,2160.18966660001,9.451150430490111,0.0,57.012,0.0,Asia
PER,Perú,1993,3666.23318876838,13.814288357805784,0.109,14.808,0.007360886007563479,America_Sur
PHL,Filipinas,1993,2684.2765938812,13.218782444657837,5.667,26.579,0.21321343918130853,Asia
POL,Polonia,1993,6560.09237529942,106.8413953735503,0.061,133.867,0.00045567615618487007,Europa
PRT,Portugal,1993,13202.4801547967,73.3802749791464,0.9155555555555556,31.205,0.02934002741725863,Europa
QAT,Qatar,1993,60763.4712059433,1146.8338813385085,0.0,5.5600000000000005,0.0,Asia
ROU,Rumania,1993,4699.07921508893,80.03036337273731,0.001,55.476,1.8025812964164684e-05,Europa
RUS,Federación de Rusia,1993,6419.53662109375,209.0276431047128,0.06,956.587,6.272299330850199e-05,Europa
SAU,Arabia Saudita,1993,49503.2320724162,295.5387968508461,0.0,102.66853564598502,0.0,Asia
SGP,Singapur,1993,30062.1391664506,353.9054865537296,0.245,18.9624,0.012920305446567946,Asia
SVK,República Eslovaca,1993,7569.20959759304,135.2827909953173,0.0,24.442,0.0,Europa
SVN,Eslovenia,1993,12975.8571019429,111.60220565205016,0.0,11.946,0.0,Europa
SWE,Suecia,1993,20699.5354974732,204.2253215138961,2.224,145.812,0.015252516939620882,Europa
THA,Tailandia,1993,5834.31650526448,29.955640157922826,0.029429,63.33733,0.0004646390998799602,Asia
TKM,Turkmenistán,1993,4421.41968165244,107.53584773982166,0.0,12.6368,0.0,Asia
TTO,Trinidad y Tobago,1993,8209.29037769296,217.64482210262088,0.028,3.817,0.007335603877390621,America_Norte
TUR,Turquía,1993,9743.09275595545,35.95984329282603,0.134,73.8075,0.0018155336517291603,Asia
UKR,Ucrania,1993,5766.296875,152.05793062251217,0.0,229.906,0.0,Europa
USA,Estados Unidos,1993,26387.2937338171,316.4651139129821,70.43607446512935,3404.677872924596,0.020688028968985903,America_Norte
UZB,Uzbekistán,1993,2581.40184047702,81.06305220237536,0.0,49.149,0.0,Asia
VEN,Venezuela,1993,13730.0105286929,94.46819156643492,0.0,69.382,0.0,America_Sur
VNM,Viet Nam,1993,1533.55573178235,4.262125623966628,0.0,10.662,0.0,Asia
ZAF,Sudáfrica,1993,6374.77912497083,85.33898842908131,0.0,174.70600000000002,0.0,Africa
ARE,Emiratos Árabes Unidos,1994,89959.0414010055,718.5102255487959,0.0,23.736,0.0,Asia
ARG,Argentina,1994,10103.029741744,58.175389664403696,0.0990043993426986,65.622035,0.001508706630976906,America_Sur
AUS,Australia,1994,20173.6335372371,220.01135522415467,0.7193999999999999,170.1425,0.004228220462259576,Oceania
AUT,Austria,1994,22553.0074289088,126.67823286226934,1.211555,53.27408208799931,0.02274192163459009,Europa
AZE,Azerbaiyán,1994,2647.76538429984,79.14689366244099,0.0,17.571,0.0,Asia
BEL,Bélgica,1994,21518.2541385756,236.70920475962916,0.254,72.179,0.003519029080480472,Europa
BGD,Bangladesh,1994,1145.11016610355,2.6633583984631155,0.0,9.784,0.0,Asia
BGR,Bulgaria,1994,7337.16390641898,108.62126895262996,0.0,38.133,0.0,Europa
BLR,Belarús,1994,4190.32389055528,99.29453084832282,0.0,31.397,0.0,Europa
BRA,Brasil,1994,7727.24541745244,30.08730773177668,5.388223648777489,260.0406103672302,0.020720700667361997,America_Sur
CAN,Canadá,1994,22624.4150818403,330.90157105567937,5.7940526320000005,553.0548439663934,0.010476452191334714,America_Norte
CHE,Suiza,1994,30701.1290748939,149.83371644314553,0.555,66.13423976608188,0.008392022074541813,Europa
CHL,Chile,1994,6475.54252568003,45.75401316961896,1.786,25.276,0.07065991454344042,America_Sur
CHN,China,1994,1680.18456719956,28.95467702001702,0.848838383838384,927.8,0.0009148937096770684,Asia
COL,Colombia,1994,6173.63611488144,25.98789648112069,0.444,45.024283810342446,0.00986134508813685,America_Sur
CYP,Chipre,1994,15735.32421875,104.59434546395204,0.0,2.685,0.0,Asia
CZE,República Checa,1994,12862.0591201729,165.41225340917126,0.321,58.705,0.005468018056383613,Europa
DEU,Alemania,1994,22869.2124447891,173.5295283479325,2.819,528.4692,0.005334274920846854,Europa
DNK,Dinamarca,1994,21668.545231066,169.8535444895776,1.7103997093736998,40.19660555555556,0.04255084939970276,Europa
DZA,Argelia,1994,7462.64758776193,38.93339629872101,0.0,19.883,0.0,Africa
ECU,Ecuador,1994,5339.39726202352,22.599004605825296,0.0,8.1439969,0.0,America_Sur
EGY,"Egipto, República Árabe de",1994,4048.0222095951,21.96508678254469,0.0,48.55,0.0,Africa
ESP,España,1994,15582.4470419042,102.03715759984932,0.8240000000000001,161.848,0.005091196678364885,Europa
EST,Estonia,1994,5966.58566996016,167.93330531796812,0.0,9.152,0.0,Europa
FIN,Finlandia,1994,18457.6541464548,232.52726315480675,6.472751,65.630751,0.09862375336829529,Europa
FRA,Francia,1994,19891.7454324805,170.0444336320597,2.1635825,476.868,0.004537067909777968,Europa
GBR,Reino Unido,1994,19605.4199882348,158.06755272789468,1.8625,326.558,0.005703427874986986,Europa
GRC,Grecia,1994,14667.1010047956,102.92530626746417,0.038,40.624,0.0009354076408034658,Europa
HKG,"Hong Kong, Región Administrativa Especial",1994,24117.2652347223,100.1503283290808,0.0,26.74083333333333,0.0,Asia
HRV,Croacia,1994,7336.9097417069,57.1519211161499,0.006,8.7729,0.000683924357966009,Europa
HUN,Hungría,1994,8887.84236113025,98.6795872733777,0.045,33.515,0.0013426823810234222,Europa
IDN,Indonesia,1994,4095.99846612707,14.504865380784404,1.6039100000000002,45.92842,0.034921950286990064,Asia
IND,India,1994,1424.4533161587,9.947676084073482,0.5715652852852853,387.9669838852853,0.0014732317672018365,Asia
IRL,Irlanda,1994,17011.4382733955,127.57256192819308,0.01900342,17.088075299999996,0.0011120866256950543,Europa
IRN,"Irán, República Islámica del",1994,8951.27311399708,58.23901224139324,0.0,81.004,0.0,Asia
ISL,Islandia,1994,24386.1266258638,221.93897678666735,0.258365,4.772761000000001,0.05413323650608106,Europa
ISR,Israel,1994,19466.4311807694,119.74739876425691,0.0,28.3157,0.0,Asia
ITA,Italia,1994,21368.5687948064,111.96338326407049,3.581717171717172,231.813,0.01545089003514545,Europa
JPN,Japón,1994,23303.1848240483,163.52855834911637,13.502493595959596,984.493,0.013715174811765644,Asia
KAZ,Kazajstán,1994,5860.35066871949,136.9833267602106,0.0,66.777,0.0,Asia
KOR,"Corea, República de",1994,12551.1693533946,130.70830870171343,0.003,183.365532,1.6360762937715035e-05,Asia
KWT,Kuwait,1994,53945.5881246338,252.9284205770263,0.0,22.802,0.0,Asia
LKA,Sri Lanka,1994,3260.46892518501,6.211341775502607,0.0,4.38672,0.0,Asia
LTU,Lituania,1994,5667.13821359702,88.3549458918076,0.0,9.998,0.0,Europa
LUX,Luxemburgo,1994,37551.1282645827,347.3070957637849,0.01508,1.147,0.013147340889276373,Europa
LVA,Letonia,1994,5011.63179851938,66.22162366482793,0.0,4.44,0.0,Europa
MAR,Marruecos,1994,3314.78149414063,14.23485762027062,0.0,11.47,0.0,Africa
MEX,México,1994,9465.90235452203,60.20991263093167,6.228525400006912,146.1275620273452,0.042623891848967914,America_Norte
MKD,Macedonia del Norte,1994,4879.68198506259,48.92648381395934,0.0,5.939,0.0,Europa
MYS,Malasia,1994,9806.47179146924,63.76143721493816,0.0,39.75420469738232,0.0,Asia
NLD,Países Bajos,1994,22413.5258774144,227.55251159524013,1.17701,79.677,0.014772268032179924,Europa
NOR,Noruega,1994,22881.1940518769,216.82868659077877,0.279,113.213,0.0024643812989674336,Europa
NZL,Nueva Zelandia,1994,17107.8871971177,171.2727721658962,3.0756524621387653,35.19550839067087,0.08738764128646644,Oceania
OMN,Omán,1994,31924.7750992324,94.29475811933122,0.0,6.198,0.0,Asia
PAK,Pakistán,1994,2223.51428377103,9.564364697235094,0.0,57.923,0.0,Asia
PER,Perú,1994,4123.04187576286,14.749762454892656,0.119,15.866,0.007500315139291567,America_Sur
PHL,Filipinas,1994,2799.77988253094,13.5659250004053,6.32,30.459,0.20749203847795397,Asia
POL,Polonia,1994,7039.91945095081,102.34019250198996,0.051,135.347,0.00037680923847591743,Europa
PRT,Portugal,1994,13577.9092201084,75.2940657990645,0.984,31.381,0.03135655332844715,Europa
QAT,Qatar,1994,61061.9066643896,1129.2265760437206,0.0,5.8500000000000005,0.0,Asia
ROU,Rumania,1994,4995.381047317,76.56115092337518,0.0,55.136,0.0,Europa
RUS,Federación de Rusia,1994,5734.421875,189.7937452456959,0.061,875.914,6.964154015120205e-05,Europa
SAU,Arabia Saudita,1994,48903.5791703846,327.4099204963909,0.0,106.04595385502262,0.0,Asia
SGP,Singapur,1994,33057.5376989836,392.928556165742,0.245,20.675400000000003,0.011849831200363715,Asia
SVK,República Eslovaca,1994,8178.26517734919,133.11469713137987,0.0,25.712,0.0,Europa
SVN,Eslovenia,1994,13975.1338460117,118.2898816151996,0.0,12.895,0.0,Europa
SWE,Suecia,1994,21834.7707520159,220.7325612832068,2.305,143.038,0.016114598917770104,Europa
THA,Tailandia,1994,6341.24133289884,33.13344235530153,0.0507635399999999,71.10243,0.0007139494388588393,Asia
TKM,Turkmenistán,1994,3658.15892119593,112.55113886131043,0.0,10.52,0.0,Asia
TTO,Trinidad y Tobago,1994,8630.58892430534,229.238156638665,0.032,4.069,0.00786434013271074,America_Norte
TUR,Turquía,1994,9247.2287381824,34.49273141112077,0.13,78.32169999999999,0.0016598209691566963,Asia
UKR,Ucrania,1994,4564.64453125,130.33789751603553,0.0,202.922,0.0,Europa
USA,Estados Unidos,1994,27694.853416234,319.37021177727524,70.3386584446096,3458.526080733886,0.020337755680501914,America_Norte
UZB,Uzbekistán,1994,2446.53169223236,78.85433676599972,0.0,47.8,0.0,Asia
VEN,Venezuela,1994,13401.9520799957,100.41239047869176,0.0,71.221,0.0,America_Sur
VNM,Viet Nam,1994,1674.23712203134,4.641699342148368,0.0,12.288,0.0,Asia
ZAF,Sudáfrica,1994,6611.28864482802,87.46168025142553,0.0,181.69,0.0,Africa
ARE,Emiratos Árabes Unidos,1995,93702.2612671301,716.9519276187002,0.0,24.982,0.0,Asia
ARG,Argentina,1995,9890.92470880422,59.551082706915246,0.1190161244001765,67.16925399999998,0.0017718839694151813,America_Sur
AUS,Australia,1995,21049.6150181971,223.5201436320969,0.85365,175.2245,0.0048717502404058794,Oceania
AUT,Austria,1995,23604.0281966141,133.4965054004463,1.859221,56.4256937,0.03294990062302061,Europa
AZE,Azerbaiyán,1995,2356.89780137075,73.50042537972006,0.0,17.044,0.0,Asia
BEL,Bélgica,1995,22446.2748072391,239.26630088077815,0.33,74.408,0.004435006988495861,Europa
BGD,Bangladesh,1995,1206.36646699769,3.123728352267209,0.0,10.806,0.0,Asia
BGR,Bulgaria,1995,7742.82359995101,117.04806335495894,0.0,41.789,0.0,Europa
BLR,Belarús,1995,3845.70682017681,88.49268911641396,0.0,24.918,0.0,Europa
BRA,Brasil,1995,8096.91149152154,31.512002077641306,5.593740488958306,275.6014426953099,0.02029648478706421,America_Sur
CAN,Canadá,1995,23474.2003753947,335.51977442639173,7.20070790761281,557.8686930865186,0.012907531820388545,America_Norte
CHE,Suiza,1995,31285.8705223753,143.08333756960235,0.5800000000000001,62.86267091972355,0.009226461292754609,Europa
CHL,Chile,1995,7231.59000885119,48.54453972630318,1.879,28.027,0.06704249473721768,America_Sur
CHN,China,1995,1883.79343690494,29.449688540664333,3.637161616161616,1007.03,0.003611770866966839,Asia
COL,Colombia,1995,6505.56526192075,26.24687905962128,0.477,47.48347060860476,0.010045601003595554,America_Sur
CYP,Chipre,1995,17095.91796875,102.92730339227651,0.0,2.497,0.0,Asia
CZE,República Checa,1995,13957.2702636739,169.27476013697031,0.405,60.847,0.006656038917284337,Europa
DEU,Alemania,1995,23630.5518935199,173.769440648688,3.554,536.8209999999999,0.006620456353235064,Europa
DNK,Dinamarca,1995,22676.5211131952,166.8475498061487,1.824140455485244,36.663050000000005,0.049754192722243344,Europa
DZA,Argelia,1995,7746.71683858206,39.548792559909415,0.0,19.715,0.0,Africa
ECU,Ecuador,1995,5469.14843512754,23.281931434260827,0.0,8.428596800000001,0.0,America_Sur
EGY,"Egipto, República Árabe de",1995,4234.71346834275,22.80647316434673,0.0,50.652,0.0,Africa
ESP,España,1995,16275.8548504628,106.43313562391045,1.296,167.085,0.007756531106921627,Europa
EST,Estonia,1995,6479.67745901232,154.4216943670326,0.006,8.693,0.0006902105142068332,Europa
FIN,Finlandia,1995,19567.7826444216,221.69356674521725,6.619837,64.034837,0.10337868120129674,Europa
FRA,Francia,1995,20701.38123435,175.2878146135578,2.3357542,494.274,0.004725626272067719,Europa
GBR,Reino Unido,1995,20668.9772485069,158.25218074746948,2.0336,337.42400000000004,0.006026838636255867,Europa
GRC,Grecia,1995,15217.8019629681,105.61750344358812,0.035,41.552,0.0008423180592991914,Europa
HKG,"Hong Kong, Región Administrativa Especial",1995,24713.2040083584,105.30020282967548,0.0,27.91555555555556,0.0,Asia
HRV,Croacia,1995,8051.72131393667,59.79556548227066,0.009,9.2758,0.0009702667155393604,Europa
HUN,Hungría,1995,9222.18538242597,101.56994774723827,0.056,34.018,0.0016461873125992123,Europa
IDN,Indonesia,1995,4451.00021267626,15.598919706432085,2.21253,54.12053,0.04088152869160742,Asia
IND,India,1995,1533.29944360609,10.552733971586369,1.0612751460551462,427.1487739460552,0.0024845562267472995,Asia
IRL,Irlanda,1995,18944.0443391881,129.9339261304455,0.01600288,17.84221102,0.0008969112618420315,Europa
IRN,"Irán, República Islámica del",1995,9255.33507040905,60.28338350527115,0.0,84.35300000000001,0.0,Asia
IRQ,Iraq,1995,4597.62130781197,59.24954958850031,0.0,26.497928,0.0,Asia
ISL,Islandia,1995,24791.6015114048,233.28116687226648,0.288177,4.975857,0.05791504860368776,Europa
ISR,Israel,1995,20629.0336637985,131.20601624363198,0.0,30.437,0.0,Asia
ITA,Italia,1995,22446.0455046057,117.98144980033344,3.675636363636364,241.489,0.015220719633757082,Europa
JPN,Japón,1995,24262.893796046,167.6952034439361,14.335605595959596,1010.88,0.014181312911482665,Asia
KAZ,Kazajstán,1995,5595.43398924294,125.32410912088238,0.0,66.739,0.0,Asia
KOR,"Corea, República de",1995,13921.1359823272,141.8692889569703,0.252,203.546465,0.0012380465561020674,Asia
KWT,Kuwait,1995,57163.3491544291,322.31635140495496,0.0,23.724,0.0,Asia
LKA,Sri Lanka,1995,3454.27501141435,6.539205949134336,0.0,4.80042,0.0,Asia
LTU,Lituania,1995,6022.50226031185,100.1660870736046,0.0,13.84,0.0,Europa
LUX,Luxemburgo,1995,38345.0967648472,297.70993962329305,0.019493,1.23,0.015847967479674797,Europa
LVA,Letonia,1995,5391.04513303111,58.287017890929405,0.0,3.979,0.0,Europa
MAR,Marruecos,1995,3152.42724609375,13.80795052817241,0.0,12.092,0.0,Africa
MEX,México,1995,8932.73040130287,57.76086183132431,6.426443480664893,150.35629869436306,0.04274143176221871,America_Norte
MKD,Macedonia del Norte,1995,4911.99322090836,48.78621744437751,0.0,6.132000000000001,0.0,Europa
MYS,Malasia,1995,10720.253468707,68.31168456030423,0.0,46.574500092258106,0.0,Asia
NLD,Países Bajos,1995,23480.2458181734,231.93216230312103,1.335,81.063,0.016468672513970616,Europa
NOR,Noruega,1995,24208.7936015786,225.94638273599207,0.299,123.011,0.002430676931331344,Europa
NZL,Nueva Zelandia,1995,17863.8893982023,172.67837216111369,3.0255718264808213,36.40975051268404,0.08309784560118874,Oceania
OMN,Omán,1995,33598.3331451942,108.42753725341883,0.0,6.5,0.0,Asia
PAK,Pakistán,1995,2314.90798536126,9.797387063886566,0.0,63.75,0.0,Asia
PER,Perú,1995,4434.67245161066,15.964924886771808,0.142,16.8801,0.008412272439144318,America_Sur
PHL,Filipinas,1995,2925.96101430374,14.809365897362625,6.135,33.554,0.1828396018358467,Asia
POL,Polonia,1995,7714.57972313137,104.9681519427996,0.068,139.006,0.0004891875170855935,Europa
PRT,Portugal,1995,14406.3254746951,82.03332937515206,1.046,33.264,0.03144540644540644,Europa
QAT,Qatar,1995,61992.7558639446,1092.9523420316748,0.0,6.013,0.0,Asia
ROU,Rumania,1995,5429.00790633242,81.06237891477443,0.0,59.266,0.0,Europa
RUS,Federación de Rusia,1995,5613.28076171875,179.07584763776234,0.059,860.027,6.860249736345486e-05,Europa
SAU,Arabia Saudita,1995,48052.4091089165,306.1137864189363,0.0,109.92802536517088,0.0,Asia
SGP,Singapur,1995,35090.0687472553,396.2063832690539,0.245,22.0574,0.011107383463146154,Asia
SVK,República Eslovaca,1995,8811.8255351151,136.60630593892378,0.0,26.774,0.0,Europa
SVN,Eslovenia,1995,13637.1913018308,126.10187181927698,0.0,12.913,0.0,Europa
SWE,Suecia,1995,23083.8821849136,217.96262050354352,2.46,148.35,0.016582406471183014,Europa
THA,Tailandia,1995,6900.73895670856,36.68013166945947,0.1427490599999999,79.73721,0.0017902439776862006,Asia
TKM,Turkmenistán,1995,3404.30547651623,90.66335111984316,0.0,9.905,0.0,Asia
TTO,Trinidad y Tobago,1995,9099.03430023636,247.2880667115566,0.033,4.307,0.0076619456698397955,America_Norte
TUR,Turquía,1995,9955.36167250187,37.82219589578781,0.3083,86.2474,0.0035746005096965244,Asia
UKR,Ucrania,1995,4124.29541015625,128.47913722539172,0.0,194.018,0.0,Europa
USA,Estados Unidos,1995,28690.8757013347,321.58357742889666,66.97576619867787,3567.331196667886,0.018774754152694736,America_Norte
UZB,Uzbekistán,1995,2426.27829401238,77.72399876770427,0.0,47.453,0.0,Asia
VEN,Venezuela,1995,13922.738942617,101.65695510100014,0.0,73.446,0.0,America_Sur
VNM,Viet Nam,1995,1841.35026844508,5.3185039717617615,0.0,14.648,0.0,Asia
ZAF,Sudáfrica,1995,6875.18838614394,90.4138968299679,0.0,186.655,0.0,Africa
ARE,Emiratos Árabes Unidos,1996,94619.6235761181,692.524427502075,0.0,26.572,0.0,Asia
ARG,Argentina,1996,10495.8392448735,62.49511272934272,0.2326386494015827,69.75981999999998,0.0033348516295137053,America_Sur
AUS,Australia,1996,22133.8442785709,227.47560365170693,0.9791,180.127,0.005435609320090825,Oceania
AUT,Austria,1996,24426.7640962842,139.4916102939253,1.595444,55.13042169999999,0.028939448507791846,Europa
AZE,Azerbaiyán,1996,2406.77231610436,59.180080232199565,0.0,17.085,0.0,Asia
BEL,Bélgica,1996,22745.2145866007,253.36295117833555,0.322,76.099,0.004231330240870445,Europa
BGD,Bangladesh,1996,1260.7548951696,3.1933008150632625,0.0,11.474,0.0,Asia
BGR,Bulgaria,1996,6848.99114845627,117.1172698392388,0.0,42.716,0.0,Europa
BLR,Belarús,1996,4039.34042551581,91.06475631499252,0.0,23.728,0.0,Europa
BRA,Brasil,1996,8300.63414117184,33.104577072346025,6.754709628222037,291.2455399137768,0.023192491223116302,America_Sur
CAN,Canadá,1996,24054.9166185572,338.2057747993413,7.596409537285307,571.6216013110633,0.01328922755868968,America_Norte
CHE,Suiza,1996,31985.7788020437,142.90781098176066,0.622,57.32834821903243,0.010849780594123282,Europa
CHL,Chile,1996,7895.19827576749,51.930927643907175,1.738,30.791,0.056445065116430125,America_Sur
CHN,China,1996,2087.60088528202,30.833019623266004,1.6359393939393938,1081.31,0.0015129235778263345,Asia
COL,Colombia,1996,6638.83973601592,26.40667576431775,0.496,48.3711213733397,0.010254052126924148,America_Sur
CYP,Chipre,1996,17319.9765625,105.64776039714188,0.0,2.609,0.0,Asia
CZE,República Checa,1996,14780.8272150214,174.827778330968,0.292,64.257,0.004544251988110244,Europa
DEU,Alemania,1996,24169.0699436833,179.2421031152448,4.181,552.669,0.007565106781816965,Europa
DNK,Dinamarca,1996,23722.7800836698,196.9383602169802,2.059244301068392,53.57758055555556,0.03843481321320817,Europa
DZA,Argelia,1996,8052.76856679082,38.396867479689696,0.0,20.654,0.0,Africa
ECU,Ecuador,1996,5559.97815275371,24.95236559609839,0.0,9.6792006,0.0,America_Sur
EGY,"Egipto, República Árabe de",1996,4434.46491044598,23.567594577720666,0.0,53.57,0.0,Africa
ESP,España,1996,16971.2538144573,107.23983445785068,1.459,174.453,0.008363284093710054,Europa
EST,Estonia,1996,6891.85582622378,165.98309302997416,0.005,9.103,0.0005492694716027684,Europa
FIN,Finlandia,1996,20067.4533767509,228.6005736724761,5.900982,69.37298200000001,0.08506167429850427,Europa
FRA,Francia,1996,21268.4888069079,182.48256530403097,2.4330805,513.398,0.004739170195442912,Europa
GBR,Reino Unido,1996,22033.8089084654,165.69899058468152,2.2926,350.867,0.006534099815599643,Europa
GRC,Grecia,1996,15778.4020297225,107.02929340780769,0.038,42.567,0.0008927103155026194,Europa
HKG,"Hong Kong, Región Administrativa Especial",1996,25098.2130342066,103.15452465892707,0.0,28.44,0.0,Asia
HRV,Croacia,1996,8805.7877779071,62.2204900227236,0.009,11.1727,0.0008055349199387792,Europa
HUN,Hungría,1996,9387.57595434634,103.50838545736568,0.05,35.09,0.0014249073810202336,Europa
IDN,Indonesia,1996,4807.09267263896,16.45055604626033,2.34287,58.86775999999999,0.0397988644378519,Asia
IND,India,1996,1646.03213894464,10.826521941232697,1.6405892547092544,443.20541305470925,0.003701645346345849,Asia
IRL,Irlanda,1996,20481.5737141909,135.2616873820368,0.0410073799999999,19.1584479,0.002140433307230483,Europa
IRN,"Irán, República Islámica del",1996,9915.58939355838,64.90139498642027,0.0,89.74,0.0,Asia
IRQ,Iraq,1996,5034.47628331349,57.662017940188825,0.0,25.981338,0.0,Asia
ISL,Islandia,1996,25645.374323262,245.9036995761452,0.343134288,5.111637,0.06712806249739565,Europa
ISR,Israel,1996,21659.4515912213,132.39256688628305,0.0,32.5694,0.0,Asia
ITA,Italia,1996,23100.7866507594,118.2324135219671,4.184666666666667,244.433,0.017119892431327468,Europa
JPN,Japón,1996,25497.3580475185,170.85242862657728,15.304106191919193,1029.857,0.014860418671640037,Asia
KAZ,Kazajstán,1996,5836.07198339016,111.15606842325704,0.0,58.747,0.0,Asia
KOR,"Corea, República de",1996,15163.5567633709,155.78509935907266,0.406,225.845719,0.001797687384988688,Asia
KWT,Kuwait,1996,56912.6961336559,310.05554296903443,0.0,25.475,0.0,Asia
LKA,Sri Lanka,1996,3581.65276582188,7.336899320190575,0.0,4.52796,0.0,Asia
LTU,Lituania,1996,6479.19459061105,110.35970384701484,0.0,16.789,0.0,Europa
LUX,Luxemburgo,1996,39722.2499406223,302.5929482237148,0.015448,1.256,0.01229936305732484,Europa
LVA,Letonia,1996,5688.34966443302,57.29250958434583,0.001,3.126,0.00031989763275751764,Europa
MAR,Marruecos,1996,3551.25610351563,13.86973908004769,0.0,12.538,0.0,Africa
MEX,México,1996,9495.71013610154,57.97575067955475,6.1965551543007225,156.59093131168345,0.03957160930326742,America_Norte
MKD,Macedonia del Norte,1996,5025.94301353888,56.555408921096834,0.0,6.641,0.0,Europa
MYS,Malasia,1996,11709.2669990632,73.94567399161451,0.0,53.40937387428445,0.0,Asia
NLD,Países Bajos,1996,24564.1192126848,243.544548242032,1.755,85.23400000000001,0.02059037473308773,Europa
NOR,Noruega,1996,26647.0560612783,221.2460690850941,0.312,104.712,0.002979601191840477,Europa
NZL,Nueva Zelandia,1996,18392.1664137785,175.65717773789555,2.959778004829754,36.80440982480865,0.0804191133323014,Oceania
OMN,Omán,1996,34660.6248113102,109.3507840861756,0.0,6.8020000000000005,0.0,Asia
PAK,Pakistán,1996,2400.63451651363,10.106027011095966,0.0,67.565,0.0,Asia
PER,Perú,1996,4555.76959482029,16.155052675850953,0.1374,17.279799999999998,0.007951480919918055,America_Sur
PHL,Filipinas,1996,3082.30965980454,15.463258154512816,6.534,36.707,0.17800419538507642,Asia
POL,Polonia,1996,8310.2991272644,109.21295316063694,0.133,143.173,0.0009289461001725185,Europa
PRT,Portugal,1996,14922.0003851427,79.96452843864722,1.0299999999999998,34.52,0.029837775202780987,Europa
QAT,Qatar,1996,64058.7216470295,783.6649738531393,0.0,6.615,0.0,Asia
ROU,Rumania,1996,5745.66631355503,84.33677116570867,0.0,61.35,0.0,Europa
RUS,Federación de Rusia,1996,5517.85888671875,173.39259071000308,0.057,847.183,6.728180334119075e-05,Europa
SAU,Arabia Saudita,1996,48569.1633133876,304.15642788497,0.0,112.16712229183555,0.0,Asia
SGP,Singapur,1996,36872.7035835602,385.5237449474772,0.245,23.9094,0.010247015818046459,Asia
SVK,República Eslovaca,1996,9499.57196646303,136.52303266213804,0.0,25.76,0.0,Europa
SVN,Eslovenia,1996,14284.3392747406,132.60138259359317,0.0,12.737,0.0,Europa
SWE,Suecia,1996,23951.5346983014,224.0466682269836,2.263,140.633,0.01609152901523824,Europa
THA,Tailandia,1996,7322.41464645667,40.96355972489413,0.20712081,86.99163,0.0023809280272136524,Asia
TKM,Turkmenistán,1996,3635.89933401482,130.1746894040296,0.0,10.13,0.0,Asia
TTO,Trinidad y Tobago,1996,9882.72571768178,278.9351879671024,0.017,4.541,0.003743668795419511,America_Norte
TUR,Turquía,1996,10620.7089998646,40.44473803410047,0.2591,94.8617,0.0027313446838924454,Asia
UKR,Ucrania,1996,3812.24560546875,121.05302876610006,0.0,182.986,0.0,Europa
USA,Estados Unidos,1996,29967.7127181749,328.4833972451404,68.63403758106347,3663.386239167042,0.01873513550039131,America_Norte
UZB,Uzbekistán,1996,2465.95852753394,78.52523090951478,0.0,45.419,0.0,Asia
VEN,Venezuela,1996,13849.5125756398,95.866819590326,0.0,75.58800000000001,0.0,America_Sur
VNM,Viet Nam,1996,2019.18249088469,6.017016122809907,0.0,16.944,0.0,Asia
ZAF,Sudáfrica,1996,7208.00603134873,90.90682301596075,0.06,200.092,0.0002998620634508126,Africa
ARE,Emiratos Árabes Unidos,1997,96008.7770509465,666.3009821076805,0.0,28.464,0.0,Asia
ARG,Argentina,1997,11403.4807925877,61.67049501310967,0.193350513719326,72.46246999999998,0.0026682848889822007,America_Sur
AUS,Australia,1997,23141.8588888881,230.69545773264636,1.03515,188.9795,0.005477578255842565,Oceania
AUT,Austria,1997,25300.6439049694,139.8436893317743,1.733389,57.2738494812,0.03026492920768283,Europa
AZE,Azerbaiyán,1997,2565.40828176667,55.706028205515885,0.0,16.836000000000002,0.0,Asia
BEL,Bélgica,1997,23733.4493485094,255.35248666185748,0.283,78.833,0.0035898671875991017,Europa
BGD,Bangladesh,1997,1315.46923328946,3.296759622584955,0.0,11.858,0.0,Asia
BGR,Bulgaria,1997,5750.70569611569,111.8216288051526,0.0,42.803,0.0,Europa
BLR,Belarús,1997,4596.48615920875,92.48984797704202,0.0,26.057,0.0,Europa
BRA,Brasil,1997,8601.60903056861,34.61863898456183,7.382950998212702,307.9807828425842,0.02397211582511722,America_Sur
CAN,Canadá,1997,25263.8967272873,338.1210916996678,8.237166888359386,572.3414404863013,0.01439205045393972,America_Norte
CHE,Suiza,1997,33180.9874177073,149.00788287025608,0.667,62.90208612440192,0.010603781863146308,Europa
CHL,Chile,1997,8510.4138008287,58.75384435883296,1.743,33.292,0.05235492010092515,America_Sur
CHN,China,1997,2297.41065691704,30.746897642315588,2.930979797979798,1135.55,0.002581110297195014,Asia
COL,Colombia,1997,6861.09186357451,27.20222581726728,0.483,49.90634228051479,0.009678128629125768,America_Sur
CYP,Chipre,1997,17781.55078125,104.80594785019072,0.0,2.728,0.0,Asia
CZE,República Checa,1997,14911.1309325943,168.71578608036796,0.494,64.598,0.00764729558190656,Europa
DEU,Alemania,1997,24649.4588738256,176.64667351673037,5.274000000000001,552.324,0.009548743129032962,Europa
DNK,Dinamarca,1997,24887.0698517987,176.00495132369952,2.910186848607189,44.31163611111111,0.06567545466635256,Europa
DZA,Argelia,1997,8128.79891386767,36.233673202757565,0.0,21.497,0.0,Africa
ECU,Ecuador,1997,5792.64969137943,25.759918272292563,0.0,10.3617494,0.0,America_Sur
EGY,"Egipto, República Árabe de",1997,4661.0798186576,24.06592002383689,0.0,56.784,0.0,Africa
ESP,España,1997,17903.398842181,112.07570597333716,2.218,190.396,0.011649404399252087,Europa
EST,Estonia,1997,7979.78695072575,165.10175015003398,0.008,9.218,0.0008678672163159037,Europa
FIN,Finlandia,1997,21787.1082900179,231.1770688518182,7.909208,69.176208,0.1143342231190238,Europa
FRA,Francia,1997,22190.1666289941,179.2773986761636,2.6895352000000003,504.77,0.005328238999940568,Europa
GBR,Reino Unido,1997,23194.826665622,162.32420584436173,2.7768000000000006,350.66700000000003,0.007918623651498431,Europa
GRC,Grecia,1997,16630.4781484617,110.17288121913047,0.036,43.506,0.0008274720728175424,Europa
HKG,"Hong Kong, Región Administrativa Especial",1997,26610.5629212002,102.49783590377196,0.0,28.94305555555556,0.0,Asia
HRV,Croacia,1997,9535.64248083246,65.45557101716417,0.001,10.2484,9.75762070176808e-05,Europa
HUN,Hungría,1997,9846.43441638411,101.31794646357196,0.053,35.397,0.0014973020312455858,Europa
IDN,Indonesia,1997,5037.22152386981,17.713211756926913,2.72838,70.69102000000001,0.03859584993963872,Asia
IND,India,1997,1708.30303721879,11.221723201107366,1.9757272727272728,469.15354767272726,0.00421125936812803,Asia
IRL,Irlanda,1997,22637.382448244,141.39022872107716,0.13102358,19.95659154,0.0065654287575803135,Europa
IRN,"Irán, República Islámica del",1997,10100.9716218836,66.44014895724695,0.0,96.983,0.0,Asia
IRQ,Iraq,1997,6019.88912577284,66.61496944549747,0.0,26.692943,0.0,Asia
ISL,Islandia,1997,27396.6794097608,259.7518576685941,0.37307241,5.579526,0.06686453472929421,Europa
ISR,Israel,1997,22265.5112546557,141.00666703160633,0.0,35.111000000000004,0.0,Asia
ITA,Italia,1997,23936.7931493729,120.0719524521965,4.603000000000001,251.473,0.018304151936788443,Europa
JPN,Japón,1997,26117.0368624491,173.65560891162178,16.534889441850005,1054.864,0.015674901638362864,Asia
KAZ,Kazajstán,1997,6177.92475025667,100.28541185928567,0.0,52.0,0.0,Asia
KOR,"Corea, República de",1997,16241.0643796053,168.97900360177724,0.082,246.587471,0.0003325391986359275,Asia
KWT,Kuwait,1997,57419.932106613,312.2390927250525,0.0,26.724,0.0,Asia
LKA,Sri Lanka,1997,3803.88359599546,7.39550239672954,0.0,5.14394,0.0,Asia
LTU,Lituania,1997,7166.81061906926,102.93594119534292,0.0,14.861,0.0,Europa
LUX,Luxemburgo,1997,42487.6883828393,292.03937227896233,0.019919,1.26,0.015808730158730157,Europa
LVA,Letonia,1997,6365.70559365893,54.29753244550621,0.002,4.506,0.0004438526409232135,Europa
MAR,Marruecos,1997,3502.00805664063,14.191518665424974,0.0,13.593,0.0,Africa
MEX,México,1997,10182.087598628,58.2485448304923,5.901246224556796,166.7484449661148,0.03539011248804148,America_Norte
MKD,Macedonia del Norte,1997,5226.96766743362,50.2076453397756,0.0,6.7330000000000005,0.0,Europa
MYS,Malasia,1997,12469.3590062855,85.43657886900839,0.0,59.93525469460346,0.0,Asia
NLD,Países Bajos,1997,26061.6297339405,237.5054198892018,1.94,86.659,0.02238659573731522,Europa
NOR,Noruega,1997,28371.9289444227,228.4767071180455,0.252,111.42,0.002261712439418417,Europa
NZL,Nueva Zelandia,1997,19099.8868484126,179.58360497900344,3.0600262054917997,37.44344755272408,0.08172394385380727,Oceania
OMN,Omán,1997,36808.9347923445,110.9074188583284,0.0,7.318,0.0,Asia
PAK,Pakistán,1997,2398.01357457051,9.771419697102065,0.0,62.481,0.0,Asia
PER,Perú,1997,4844.09819876824,15.50888213952384,0.1546,17.953400000000002,0.0086111822830216,America_Sur
PHL,Filipinas,1997,3221.39171044246,16.668072921808168,7.237,39.797,0.18184787798075233,Asia
POL,Polonia,1997,8967.11658173764,108.4090703961566,0.171,142.79,0.0011975628545416348,Europa
PRT,Portugal,1997,15789.4850482915,82.19737936680592,1.126,34.207,0.032917239161575115,Europa
QAT,Qatar,1997,81414.3815346717,823.2628601941111,0.0,6.91,0.0,Asia
ROU,Rumania,1997,5564.37530438768,79.37170570416602,0.011,57.148,0.00019248267655910966,Europa
RUS,Federación de Rusia,1997,5699.94775390625,163.71922290819293,0.057,834.131,6.833459013032725e-05,Europa
SAU,Arabia Saudita,1997,48795.6726125304,298.080915042514,0.0,119.10447093268016,0.0,Asia
SGP,Singapur,1997,39286.4321601159,391.3846417348705,0.245,26.7094,0.009172800587059238,Asia
SVK,República Eslovaca,1997,10137.0863206191,135.42447548928246,0.0,25.347,0.0,Europa
SVN,Eslovenia,1997,15256.885308508,137.41035803942927,0.0,13.178,0.0,Europa
SWE,Suecia,1997,24816.6202142152,219.5042850390163,2.977,149.407,0.019925438567135405,Europa
THA,Tailandia,1997,7147.61289942825,42.61010826594067,0.2735002650000001,92.66128,0.002951613284426894,Asia
TKM,Turkmenistán,1997,3221.86463431273,98.56201654241792,0.0,9.498,0.0,Asia
TTO,Trinidad y Tobago,1997,10768.8045254875,277.8144863312542,0.018,4.988,0.0036086607858861262,America_Norte
TUR,Turquía,1997,11511.0257361123,41.97839005286198,0.3767999999999999,103.2958,0.0036477765794930665,Asia
UKR,Ucrania,1997,3794.17846679688,117.59123933281492,0.0,178.002,0.0,Europa
USA,Estados Unidos,1997,31459.1299691554,327.5257037125294,69.67402688649226,3716.377329438841,0.018747834439355158,America_Norte
UZB,Uzbekistán,1997,2593.72036581923,76.65347540551902,0.0,46.054,0.0,Asia
VEN,Venezuela,1997,14678.1311204617,99.18074552536844,0.0,78.066,0.0,America_Sur
VNM,Viet Nam,1997,2189.41027727818,7.037618052280903,0.0,19.132,0.0,Asia
ZAF,Sudáfrica,1997,7433.35785895886,91.74946005607244,0.146,210.362,0.000694041699546496,Africa
ARE,Emiratos Árabes Unidos,1998,90229.4274519779,632.4143010411054,0.0,33.392,0.0,Asia
ARG,Argentina,1998,11835.6769863617,63.71849815269961,0.2394512571025971,74.169556,0.0032284305045940562,America_Sur
AUS,Australia,1998,24386.3255539195,233.9080905529666,1.1346,199.471,0.0056880448787041725,Oceania
AUT,Austria,1998,26530.9354041171,142.64187676970695,1.889777,57.6750549658,0.03276593322920273,Europa
AZE,Azerbaiyán,1998,2826.70693420813,55.094482562551406,0.0,17.995,0.0,Asia
BEL,Bélgica,1998,24370.3723671522,260.0461827079577,0.37,83.183,0.00444802423572124,Europa
BGD,Bangladesh,1998,1372.95383928336,3.440140150649735,0.0,12.882,0.0,Asia
BGR,Bulgaria,1998,6178.0630122544,108.16296407366218,0.0,41.711,0.0,Europa
BLR,Belarús,1998,5061.33499051658,90.81477450707332,0.0,23.492,0.0,Europa
BRA,Brasil,1998,8598.80569176942,35.507076256313496,7.510233012160118,321.74863834462184,0.023341926327333763,America_Sur
CAN,Canadá,1998,26323.6001266109,333.0271440234725,9.059358985751958,561.9913125520447,0.016120105032607582,America_Norte
CHE,Suiza,1998,34242.4359147407,150.1845498293151,0.7000000000000001,63.28794045720362,0.011060559009237345,Europa
CHL,Chile,1998,8850.08106066969,59.51664016328181,1.161,35.495,0.03270883222989154,America_Sur
CHN,China,1998,2483.36881628708,30.54684797353,2.8495555555555554,1167.0,0.0024417785394649145,Asia
COL,Colombia,1998,6853.84143985228,27.26237286580776,0.532,50.283142879771205,0.010580086476933852,America_Sur
CYP,Chipre,1998,18759.94921875,105.8874569732808,0.0,2.991,0.0,Asia
CZE,República Checa,1998,15063.7603914658,164.62629369295271,0.587271,65.112452,0.009019334734929042,Europa
DEU,Alemania,1998,25445.8585366297,175.77492745714915,7.221999999999999,557.2170000000001,0.012960839313947703,Europa
DNK,Dinamarca,1998,25798.8322910817,168.43873661643838,3.898456976015416,41.110688888888895,0.09482830576135307,Europa
DZA,Argelia,1998,8502.88835906933,36.884832345687705,0.0,23.262,0.0,Africa
ECU,Ecuador,1998,5940.44197507797,25.178765519706456,0.0,10.8903525,0.0,America_Sur
EGY,"Egipto, República Árabe de",1998,4868.72046563856,24.5317018823277,0.0,60.697,0.0,Africa
ESP,España,1998,19082.8420038702,116.94503091244232,2.898,195.209,0.014845626994657008,Europa
EST,Estonia,1998,8451.08223338805,148.83722600852545,0.012,8.521,0.0014082854125102686,Europa
FIN,Finlandia,1998,23569.9333806125,235.3591400120673,9.357292,70.167292,0.13335689226826652,Europa
FRA,Francia,1998,23262.7378060388,183.1290844650827,2.6765857,511.276,0.005235109216939578,Europa
GBR,Reino Unido,1998,23791.3244071553,163.04907715637455,3.5312,362.701,0.00973584302221389,Europa
GRC,Grecia,1998,17433.5829767675,116.73573612214766,0.07,46.329,0.0015109326771568566,Europa
HKG,"Hong Kong, Región Administrativa Especial",1998,25116.0849971922,102.80742533659524,0.0,31.414444444444445,0.0,Asia
HRV,Croacia,1998,9889.44049303294,70.40694631113438,0.009,11.4615,0.0007852375343541421,Europa
HUN,Hungría,1998,10415.2905886577,102.52829713751868,0.06,37.19,0.0016133369185264857,Europa
IDN,Indonesia,1998,4355.77997376794,17.059937656879427,3.2865,76.69270999999999,0.04285283438282466,Asia
IND,India,1998,1799.16740209399,11.611741996530151,2.377588383838384,505.0784301838384,0.004707364721500757,Asia
IRL,Irlanda,1998,25093.995962126,149.22282273313974,0.25404572,21.15480718,0.012008888468630324,Europa
IRN,"Irán, República Islámica del",1998,10284.7044577807,68.1196473081131,0.0,102.385,0.0,Asia
IRQ,Iraq,1998,7964.05684896456,48.075052009918494,0.0,26.743561000000003,0.0,Asia
ISL,Islandia,1998,29175.5584341091,303.2669029042979,0.652658067,6.274405,0.1040191168724365,Europa
ISR,Israel,1998,22911.6164251753,144.70821049763885,0.0,37.976400000000005,0.0,Asia
ITA,Italia,1998,25075.3143427125,123.45885279208748,5.257000000000001,259.8,0.02023479599692071,Europa
JPN,Japón,1998,25832.0488303025,170.0181448207628,16.322945957070708,1059.663,0.015403902898441022,Asia
KAZ,Kazajstán,1998,6283.54590506467,96.85763924112857,0.0,49.8,0.0,Asia
KOR,"Corea, República de",1998,15500.1476038649,153.67286749652752,0.064,237.19740600000003,0.0002698174532313393,Asia
KWT,Kuwait,1998,58343.7881250587,372.792168527714,0.0,29.984,0.0,Asia
LKA,Sri Lanka,1998,3952.04104416954,7.645661905378269,0.0,5.67539,0.0,Asia
LTU,Lituania,1998,7846.29533614972,111.250930128452,0.0,17.63,0.0,Europa
LUX,Luxemburgo,1998,44270.0737044492,277.8666082721768,0.028068,1.295517,0.021665481811508455,Europa
LVA,Letonia,1998,6922.34296178268,56.38514282114344,0.002,5.797,0.00034500603760565814,Europa
MAR,Marruecos,1998,3740.35913085938,14.4322618670689,0.0,12.968,0.0,Africa
MEX,México,1998,10755.5944103753,60.01248665723107,6.16058603172409,181.0591201448529,0.03402527321902057,America_Norte
MKD,Macedonia del Norte,1998,5448.43880957997,56.19270185926741,0.0,7.048,0.0,Europa
MYS,Malasia,1998,11398.0987116856,79.98406298107179,0.0,64.14126656810983,0.0,Asia
NLD,Países Bajos,1998,27748.824897953,237.18863731065952,2.233781,92.006273,0.02427857283165899,Europa
NOR,Noruega,1998,27967.2905325852,234.5178196193893,0.281,117.002,0.002401668347549615,Europa
NZL,Nueva Zelandia,1998,19322.5966035456,175.95500256664997,3.329979973157255,37.775845123441584,0.08815103837586562,Oceania
OMN,Omán,1998,36665.6418502345,112.14812581385866,0.0,8.2,0.0,Asia
PAK,Pakistán,1998,2419.0778542501,9.993597201210466,0.0,66.396,0.0,Asia
PER,Perú,1998,4791.4057012289,15.665500514103528,0.1265,18.5825,0.00680748015606081,America_Sur
PHL,Filipinas,1998,3160.36474767269,16.814631177308858,8.914,41.578,0.2143922266583289,Asia
POL,Polonia,1998,9520.71471060278,101.75464933513128,0.224,142.78900000000002,0.0015687482929357302,Europa
PRT,Portugal,1998,16688.0352409852,90.06057411120628,1.1694,38.984,0.02999692181407757,Europa
QAT,Qatar,1998,86827.5595344432,840.5981973512498,0.0,8.166,0.0,Asia
ROU,Rumania,1998,5544.67124560848,72.01949620768079,0.011,53.496,0.00020562285030656496,Europa
RUS,Federación de Rusia,1998,5465.05615234375,163.56979680267509,0.0579999999999999,827.158,7.011961439047908e-05,Europa
SAU,Arabia Saudita,1998,48867.2501401676,302.1860973953758,0.0,126.16767866628156,0.0,Asia
SGP,Singapur,1998,37559.6121621558,386.1392473897253,0.245,28.3748,0.008634422092842944,Asia
SVK,República Eslovaca,1998,10666.4184104343,132.5084488062769,0.0,26.032,0.0,Europa
SVN,Eslovenia,1998,15993.5042949089,135.30949195214262,0.0,13.705,0.0,Europa
SWE,Suecia,1998,25896.8499240244,227.66446459495535,3.089,159.003,0.019427306403023845,Europa
THA,Tailandia,1998,6589.55842658284,38.91481187328358,0.3095110949999998,89.53300999999999,0.0034569495094602517,Asia
TKM,Turkmenistán,1998,3431.02824559073,119.01311187126562,0.0,9.416,0.0,Asia
TTO,Trinidad y Tobago,1998,11735.140167577,281.04881571704067,0.018,5.1690000000000005,0.0034822983168891464,America_Norte
TUR,Turquía,1998,8762.13670285264,42.284396381606,0.3315,111.0224,0.002985883929729496,Asia
UKR,Ucrania,1998,3794.33911132813,113.4993795227714,0.003,172.822,1.7358901065836527e-05,Europa
USA,Estados Unidos,1998,32853.6725949234,327.48491300023653,69.19804372155645,3855.8083949515126,0.017946442518294952,America_Norte
UZB,Uzbekistán,1998,2693.03826446644,75.71997398378235,0.0,45.9,0.0,Asia
VEN,Venezuela,1998,14617.1654286226,97.3779111823705,0.0,80.904,0.0,America_Sur
VNM,Viet Nam,1998,2308.28163591081,7.644530317897034,0.0,21.688,0.0,Asia
ZAF,Sudáfrica,1998,7463.44455106603,89.13486759689421,0.231,205.374,0.0011247772356773498,Africa
ARE,Emiratos Árabes Unidos,1999,87657.9286958823,593.4240557818426,0.0,37.126,0.0,Asia
ARG,Argentina,1999,11463.8533079175,65.05731967633551,0.2968069742978531,80.74473499999999,0.003675867835814349,America_Sur
AUS,Australia,1999,25530.8859233341,240.85137436077167,1.2170999999999998,206.8995,0.005882566173432028,Oceania
AUT,Austria,1999,27500.084954534,140.86472192875166,1.6499118188815172,60.94104599999999,0.02707390055105909,Europa
AZE,Azerbaiyán,1999,3051.94233344022,54.84399798038066,0.0,18.176,0.0,Asia
BEL,Bélgica,1999,25440.8411888638,258.1770602549115,0.509,84.514,0.006022670800104125,Europa
BGD,Bangladesh,1999,1429.98645246751,3.4159815175453634,0.0,14.45,0.0,Asia
BGR,Bulgaria,1999,5807.8155273908,95.922560101822,0.0,38.248,0.0,Europa
BLR,Belarús,1999,5331.41743551712,88.70866307658972,0.0,26.516,0.0,Europa
BRA,Brasil,1999,8634.60784538726,35.57138389739549,8.378002280958722,334.7262336887574,0.02502941639390279,America_Sur
CAN,Canadá,1999,27841.4362176516,339.773688129106,9.118411329679406,577.7736449502214,0.015781978650938656,America_Norte
CHE,Suiza,1999,35213.5621242264,151.05085310119105,0.762,68.61731525784158,0.011105068700759444,Europa
CHL,Chile,1999,8838.86154672993,62.582283748655406,1.45,38.384,0.037776156731971655,America_Sur
CHN,China,1999,2690.08161492996,31.434664782233195,3.0107373737373737,1239.3000000000002,0.002429385438342107,Asia
COL,Colombia,1999,6543.86721140076,24.045216774106336,0.457,47.77472075020728,0.00956572833548205,America_Sur
CYP,Chipre,1999,19662.697265625,111.2525906485373,0.0,3.139,0.0,Asia
CZE,República Checa,1999,15493.9796685778,157.65042437782066,0.6767390000000001,64.694232,0.010460577072775206,Europa
DEU,Alemania,1999,26517.9342856214,173.85620597757077,8.487,556.3010000000002,0.01525612932567081,Europa
DNK,Dinamarca,1999,26642.2215588617,162.32526490007788,4.348789530163458,38.91459444444445,0.11175214831987805,Europa
DZA,Argelia,1999,8776.44209452164,36.74344863881282,0.0,24.757,0.0,Africa
ECU,Ecuador,1999,5637.91693243525,22.501935714179247,0.0,10.30811927418,0.0,America_Sur
EGY,"Egipto, República Árabe de",1999,5121.00256911619,25.699105868694087,0.012,65.7305,0.0001825636500559101,Africa
ESP,España,1999,19938.1786773173,123.71934102975057,4.485,208.451,0.021515847849134812,Europa
EST,Estonia,1999,8412.06677647343,137.7529433589143,0.013,8.265,0.001572897761645493,Europa
FIN,Finlandia,1999,24761.8165565638,232.69325755997693,8.413416999999999,69.457417,0.1211305770267846,Europa
FRA,Francia,1999,24203.8755920062,183.49488292107503,2.8944919300000005,525.806,0.005504866680867088,Europa
GBR,Reino Unido,1999,24575.1817439893,161.62066915393936,4.2801,368.151,0.011625936096873294,Europa
GRC,Grecia,1999,17758.0055742801,115.5397967077692,0.163,49.632,0.003284171502256609,Europa
HKG,"Hong Kong, Región Administrativa Especial",1999,25861.8043038034,102.62763553375828,0.0,29.495833333333334,0.0,Asia
HRV,Croacia,1999,9942.599551566,72.0470439489295,0.009,12.9794,0.000693406474875572,Europa
HUN,Hungría,1999,10892.4856104468,102.92345770303402,0.065,37.832,0.0017181222245717912,Europa
IDN,Indonesia,1999,4385.93971355756,18.43237236215933,3.94073,83.97097,0.046929671051793256,Asia
IND,India,1999,1948.6115821023,11.736431359358434,3.1381394348894345,547.3624648348896,0.005733201738332653,Asia
IRL,Irlanda,1999,27041.3474221597,155.79254468462747,0.27805004,22.0139618,0.01263062244434348,Europa
IRN,"Irán, República Islámica del",1999,10488.6701048663,72.68909116320084,0.035,110.088,0.0003179274762008575,Asia
IRQ,Iraq,1999,9194.47420255586,33.853942645540705,0.0,24.720878000000003,0.0,Asia
ISL,Islandia,1999,29970.8486522318,373.6467799371414,1.135673,7.183988,0.15808392218917958,Europa
ISR,Israel,1999,23398.3221630043,146.03666233198686,0.0,39.2275,0.0,Asia
ITA,Italia,1999,25654.6814189029,125.04621425561793,5.950000000000001,265.66700000000003,0.02239645872464401,Europa
JPN,Japón,1999,26030.1995724029,172.60962403839818,16.741198636363638,1079.142,0.015513434410266338,Asia
KAZ,Kazajstán,1999,6625.78215167222,91.99467545530696,0.0,47.3,0.0,Asia
KOR,"Corea, República de",1999,17421.392913922,166.57475696327788,0.097411,262.152146,0.00037158192861026584,Asia
KWT,Kuwait,1999,56406.4685222914,375.65430493202746,0.0,31.576,0.0,Asia
LKA,Sri Lanka,1999,4103.38045077839,8.083178221391055,0.0035,6.28075,0.000557258289217052,Asia
LTU,Lituania,1999,7918.40020475407,91.2192097155852,0.0,13.535,0.0,Europa
LUX,Luxemburgo,1999,49844.6769627976,290.20465497725166,0.03685,1.022008,0.03605646922528982,Europa
LVA,Letonia,1999,7256.33664671861,51.17213396365628,0.002,4.11,0.00048661800486618,Europa
MAR,Marruecos,1999,3800.6298828125,15.012535143690345,0.0,12.895,0.0,Africa
MEX,México,1999,11030.5214325384,59.18365525010737,6.0840013131976365,189.9785806379923,0.03202466979575352,America_Norte
MKD,Macedonia del Norte,1999,5724.46819545686,52.35546195141495,0.0,6.863,0.0,Europa
MYS,Malasia,1999,11979.6797136775,82.58051379299557,0.0,68.16969828044239,0.0,Asia
NLD,Países Bajos,1999,29316.2634775738,233.10805268963932,2.4386080000000003,87.617304,0.027832492997045426,Europa
NOR,Noruega,1999,30370.5632297254,235.78928034184096,0.298,122.834,0.0024260383932787335,Europa
NZL,Nueva Zelandia,1999,20579.365916514,182.78864069602528,3.5952087365547216,37.95988408728178,0.0947107406410462,Oceania
OMN,Omán,1999,36791.5766824659,125.7165320755157,0.0,8.413,0.0,Asia
PAK,Pakistán,1999,2474.81647708232,10.320765097905246,0.0,65.302,0.0,Asia
PER,Perú,1999,4847.39826727857,15.693326479791413,0.1396,19.0496,0.00732823786326222,America_Sur
PHL,Filipinas,1999,3228.75116990073,16.93356188469543,10.594,41.432,0.2556960803243869,Asia
POL,Polonia,1999,10080.6880381935,99.5326645881962,0.197,142.128,0.001386074524372397,Europa
PRT,Portugal,1999,17718.1515724418,95.4935947800285,1.3622,43.287,0.031469032272968794,Europa
QAT,Qatar,1999,87037.0603024734,886.910069064753,0.0,8.939,0.0,Asia
ROU,Rumania,1999,5596.46426586706,63.95698130296073,0.0,50.71,0.0,Europa
RUS,Federación de Rusia,1999,5914.326171875,166.1627568340734,0.0579999999999999,846.225,6.853969098053106e-05,Europa
SAU,Arabia Saudita,1999,47494.665349031,296.7636511512084,0.0,130.9993761190688,0.0,Asia
SGP,Singapur,1999,39948.7801316766,376.0015336405672,0.245,29.52,0.008299457994579946,Asia
SVK,República Eslovaca,1999,10725.6433995967,134.11086988547365,0.0,28.407,0.0,Europa
SVN,Eslovenia,1999,17006.7426541486,132.75620092089554,0.031,13.261,0.0023376819244400877,Europa
SWE,Suecia,1999,27496.233607761,221.96845702209345,3.056,155.159,0.019695924825501584,Europa
THA,Tailandia,1999,6901.27189247314,40.94423844814213,0.4474332869999996,90.21529,0.004959617011706105,Asia
TKM,Turkmenistán,1999,3980.01917723566,110.14833499177458,0.0,8.86,0.0,Asia
TTO,Trinidad y Tobago,1999,12812.4155104132,311.30115119166965,0.018,5.247,0.003430531732418525,America_Norte
TUR,Turquía,1999,8470.46812817135,41.3312014788925,0.2344,116.4399,0.0020130556621913965,Asia
UKR,Ucrania,1999,3871.32641601563,112.8367715502518,0.003,172.12,1.7429700209156402e-05,Europa
USA,Estados Unidos,1999,34515.3813073394,330.46127320330174,71.52939390906374,3936.0977119651766,0.018172667231208355,America_Norte
UZB,Uzbekistán,1999,2808.89100203149,84.01761202472296,0.0,45.372,0.0,Asia
VEN,Venezuela,1999,13674.166384985,91.73452896225596,0.0,80.58500000000001,0.0,America_Sur
VNM,Viet Nam,1999,2420.93500037036,7.60198777456943,0.0,23.559,0.0,Asia
ZAF,Sudáfrica,1999,7666.71616232741,91.27177631155878,0.197,203.012,0.0009703859870352491,Africa
ARE,Emiratos Árabes Unidos,2000,92899.4574892966,552.1032950192009,0.0,39.944,0.0,Asia
ARG,Argentina,2000,11499.9827998519,62.76094214439063,0.4208222957873164,88.977961,0.004729511567334257,America_Sur
AUS,Australia,2000,26584.8191965725,239.4428451256889,1.07025,216.829,0.004935917243542145,Oceania
AUT,Austria,2000,29220.9853040358,140.58429361937104,1.5982793199999996,61.23481045045,0.02610082905855152,Europa
AZE,Azerbaiyán,2000,3439.14442860365,56.83226116749472,0.0,18.7,0.0,Asia
BEL,Bélgica,2000,27794.0511630862,261.982301596255,0.5840000000000001,84.012,0.006951387896967101,Europa
BGD,Bangladesh,2000,1511.90500583586,3.606364745281312,0.04196,15.812960000000002,0.00265351964464591,Asia
BGR,Bulgaria,2000,6424.18073656561,97.07348187588184,0.0,40.924,0.0,Europa
BLR,Belarús,2000,5795.65223553703,91.86044088790092,0.0,26.101,0.0,Europa
BRA,Brasil,2000,9091.76851342904,36.58442446705837,7.856363000000001,348.9209387830659,0.02251616950074907,America_Sur
CAN,Canadá,2000,29347.7879802126,345.092570412762,9.197463354355932,603.8161068624004,0.015232225920816453,America_Norte
CHE,Suiza,2000,37104.1035652432,148.90413602146782,0.847,67.32943859649124,0.012579935577305407,Europa
CHL,Chile,2000,9375.65991088758,62.65487778833802,1.375,41.268,0.03331879422312688,America_Sur
CHN,China,2000,2963.43487212206,32.23331511716025,3.1488989898989894,1355.6,0.002322882111167741,Asia
COL,Colombia,2000,6775.93064395245,23.37327876272157,0.4978350136986301,46.7801803974841,0.010642007137822073,America_Sur
CYP,Chipre,2000,21295.8984375,114.2614180523518,0.0,3.37,0.0,Asia
CZE,República Checa,2000,16332.2910408629,166.84660069614768,0.52479,73.46491800000001,0.007143409593133962,Europa
DEU,Alemania,2000,27473.6669767024,173.97677069982163,12.9,576.5500000000001,0.022374468823172317,Europa
DNK,Dinamarca,2000,28647.8282830783,153.85966913932683,5.542005559668148,36.04884166666667,0.15373602322408828,Europa
DZA,Argelia,2000,9186.81590310948,34.92841118754845,0.0,25.412,0.0,Africa
ECU,Ecuador,2000,5728.25249837211,24.116986216701733,0.0,10.612439117316,0.0,America_Sur
EGY,"Egipto, República Árabe de",2000,5451.51566974242,26.630789345481524,0.0807,73.319,0.0011006696763458312,Africa
ESP,España,2000,21582.2067955558,129.00611638874275,6.238,224.472,0.02778965750739513,Europa
EST,Estonia,2000,9424.5071547444,140.98461107933664,0.055,8.51,0.00646298472385429,Europa
FIN,Finlandia,2000,26782.8574259016,232.05440422077103,8.718601,69.97490300000001,0.12459611412394524,Europa
FRA,Francia,2000,26007.4432303376,185.64672449529985,3.03922325,539.9540000000001,0.005628670683058186,Europa
GBR,Reino Unido,2000,26632.0974155252,162.43200592589855,4.8288,377.0679380328614,0.01280618030053558,Europa
GRC,Grecia,2000,18819.8544320117,121.84335821401726,0.451,53.843,0.008376204892000817,Europa
HKG,"Hong Kong, Región Administrativa Especial",2000,28224.4979989135,106.03233058211418,0.0,31.328611111111112,0.0,Asia
HRV,Croacia,2000,10674.4181187112,69.83580930719646,0.001,11.2812,8.864305215757189e-05,Europa
HUN,Hungría,2000,11871.6712053699,99.93362605499186,0.065,35.191,0.0018470631695603988,Europa
IDN,Indonesia,2000,4639.0394262333,19.58329824768574,4.8724,93.3264,0.052208164035042595,Asia
IND,India,2000,2030.76576304986,12.163270560057486,3.275149535899536,571.3939361358995,0.005731859105905141,Asia
IRL,Irlanda,2000,30215.9324896691,163.33201305791147,0.33906102,23.98231604,0.014137959796480106,Europa
IRN,"Irán, República Islámica del",2000,11186.8999214902,75.29133847370335,0.0365,119.348,0.00030582833394778296,Asia
IRQ,Iraq,2000,10627.9400723794,46.62967733578215,0.0,27.19228,0.0,Asia
ISL,Islandia,2000,30167.1825544569,401.1483006968146,1.322663,7.677885000000001,0.17226918611049785,Europa
ISR,Israel,2000,25746.8295829392,133.90480338310584,0.0,42.9575,0.0,Asia
ITA,Italia,2000,27152.1544907116,126.62910677249522,6.68,276.641635,0.024146763013456016,Europa
JPN,Japón,2000,27694.5384332959,175.32602042915312,16.564143719178084,1099.671,0.015062817623796647,Asia
KAZ,Kazajstán,2000,7418.19612051059,82.4478849440843,0.0,51.6350914,0.0,Asia
KOR,"Corea, República de",2000,19236.9088359303,175.0402952208205,0.100969,290.44294800000006,0.0003476379808677606,Asia
KWT,Kuwait,2000,58702.8672655197,401.7901493486512,0.0,32.323,0.0,Asia
LKA,Sri Lanka,2000,4367.80358967496,8.820100791854728,0.003832,6.9697,0.0005498084566050189,Asia
LTU,Lituania,2000,8474.59300330083,81.71852694737244,0.0,11.425,0.0,Europa
LUX,Luxemburgo,2000,55136.1065732474,304.67240957902743,0.0471349999999999,1.166291,0.04041444202175949,Europa
LVA,Letonia,2000,7848.90854892793,50.2768425094194,0.005,4.136,0.0012088974854932303,Europa
MAR,Marruecos,2000,3930.22314453125,14.683616628039504,0.064,12.863,0.004975511156028921,Africa
MEX,México,2000,11704.6853532773,60.25066756937315,6.3846451083388045,203.6280610037465,0.03135444632172447,America_Norte
MKD,Macedonia del Norte,2000,6153.9296886621,49.973916525739774,0.0,6.811,0.0,Europa
MYS,Malasia,2000,13027.2733382127,93.64928235784232,0.570903,69.90527357750237,0.008166808751088758,Asia
NLD,Países Bajos,2000,31894.6590915933,234.40792993651272,2.849904,90.180577,0.03160219300881164,Europa
NOR,Noruega,2000,36813.8379065645,246.75472100134056,0.2923,143.173,0.0020415860532362945,Europa
NZL,Nueva Zelandia,2000,21500.1531078077,188.64857870987575,3.861093663867047,39.38794135115069,0.09802730306325716,Oceania
OMN,Omán,2000,39443.2607384539,175.03577357386274,0.0,9.111,0.0,Asia
PAK,Pakistán,2000,2565.19958806219,10.446410077242188,0.9267,63.735,0.014539891739232761,Asia
PER,Perú,2000,5011.94540701731,15.656320855757317,0.1588,19.922700000000003,0.007970807169710931,America_Sur
PHL,Filipinas,2000,3365.55833526093,16.987102093657953,11.626,45.29,0.2567012585559726,Asia
POL,Polonia,2000,10721.2034293332,95.55209761336134,0.226,145.184,0.001556645360370289,Europa
PRT,Portugal,2000,18883.1145969452,95.1886537010432,1.5454,43.764,0.03531212869024769,Europa
QAT,Qatar,2000,91310.9142207534,752.6331782631032,0.0,9.134,0.0,Asia
ROU,Rumania,2000,5850.11618879062,64.66400488844775,0.0,51.934000000000005,0.0,Europa
RUS,Federación de Rusia,2000,6825.3916015625,169.7609387733594,0.081,877.764,9.227992945712059e-05,Europa
SAU,Arabia Saudita,2000,48643.6072160729,297.0484084525872,0.0,138.68348321319314,0.0,Asia
SGP,Singapur,2000,43781.2691481583,395.1951303427592,0.245,31.665,0.0077372493289120485,Asia
SVK,República Eslovaca,2000,11369.9916167703,137.5824289340101,0.0,31.158,0.0,Europa
SVN,Eslovenia,2000,17891.5856596003,130.81324181696652,0.07,13.624,0.005137991779213154,Europa
SWE,Suecia,2000,29636.0533379047,200.7422146133255,4.556,145.584,0.031294647763490495,Europa
THA,Tailandia,2000,7289.10499407007,41.71416251140338,0.5268974909999998,95.52127,0.0055160226722278695,Asia
TKM,Turkmenistán,2000,4207.99334433794,93.64848000415478,0.0,9.943,0.0,Asia
TTO,Trinidad y Tobago,2000,13953.1361518514,324.67310734040365,0.020531,5.459531,0.0037605794343873126,America_Norte
TUR,Turquía,2000,9323.82110032551,44.21508307827392,0.2749,124.9216,0.0022005802039038883,Asia
UKR,Ucrania,2000,4228.1162109375,114.65364513019804,0.006,171.445,3.49966461547435e-05,Europa
USA,Estados Unidos,2000,36329.9702595751,335.77922280652456,72.75109334524501,4052.2531064302543,0.01795324512918531,America_Norte
UZB,Uzbekistán,2000,2945.25009889847,84.28030392214127,0.0,46.864,0.0,Asia
VEN,Venezuela,2000,14206.6844795327,95.24755849622125,0.0,85.211,0.0,America_Sur
VNM,Viet Nam,2000,2614.11840357473,8.663478155639654,0.0,26.561,0.0,Asia
ZAF,Sudáfrica,2000,8095.29428839778,90.50750223325724,0.4868,210.67,0.002310722931599184,Africa
ARE,Emiratos Árabes Unidos,2001,90370.1960117401,523.5908557913198,0.0,43.172,0.0,Asia
ARG,Argentina,2001,11117.7549238724,59.11132564366687,0.412402250588142,90.13777079069769,0.0045752435074720346,America_Sur
AUS,Australia,2001,27687.7587444103,238.5727369082817,1.1386500000000002,224.255,0.005077478763015318,Oceania
AUT,Austria,2001,29553.2333509767,146.63973271919508,1.8448119999999997,62.49449725033018,0.029519591022716053,Europa
AZE,Azerbaiyán,2001,3834.89815909361,54.40566909266504,0.0,18.969,0.0,Asia
BEL,Bélgica,2001,28793.5142643594,259.1624880879002,0.634,79.821,0.007942771952243145,Europa
BGD,Bangladesh,2001,1597.58740615663,4.046180411874187,0.033214,17.425214,0.001906088499113985,Asia
BGR,Bulgaria,2001,6960.28122943009,102.38977560517728,0.0,43.968,0.0,Europa
BLR,Belarús,2001,6238.09862377549,89.7832819029349,0.0,25.063,0.0,Europa
BRA,Brasil,2001,9303.64529209523,36.47863028863623,9.057307,328.5514657296408,0.027567391854075907,America_Sur
CAN,Canadá,2001,30241.0326530827,339.4898243644909,10.020728148384515,587.7546027679467,0.01704917001277969,America_Norte
CHE,Suiza,2001,38295.0788030095,156.67582106850867,0.893,72.24508931419459,0.01236070172349479,Europa
CHL,Chile,2001,9775.51016241925,62.21504987710606,1.69,43.924,0.03847554867498406,America_Sur
CHN,China,2001,3258.63807179774,33.60089847523019,3.30419191919192,1480.802,0.0022313529554875804,Asia
COL,Colombia,2001,6934.88284343922,23.16171442560141,0.49866875,48.20800287295764,0.010344107207970007,America_Sur
CYP,Chipre,2001,22866.158203125,113.63452325264204,0.0,3.551,0.0,Asia
CZE,República Checa,2001,17709.4523103293,170.537127465578,0.52279,74.647397,0.007003459209702918,Europa
DEU,Alemania,2001,28674.1682823146,177.1856857628478,15.8,586.3805,0.026944961505370662,Europa
DNK,Dinamarca,2001,29458.9882141098,155.53075558285127,5.818778653845485,37.72620833333334,0.1542370386770157,Europa
DZA,Argelia,2001,9543.52035392293,35.69747032839863,0.0,26.625,0.0,Africa
ECU,Ecuador,2001,5998.8750865322,24.88295226474884,0.0,11.049801148575,0.0,America_Sur
EGY,"Egipto, República Árabe de",2001,5650.05196243072,27.248097032593726,0.1799,80.7125,0.002228898869444014,Africa
ESP,España,2001,22952.3641099695,131.5885355249205,8.414,236.043,0.03564604754218511,Europa
EST,Estonia,2001,10308.8990965341,146.68437320762354,0.022,8.481,0.0025940337224383916,Europa
FIN,Finlandia,2001,27798.0582735421,242.3547694710076,8.343567,74.487387,0.11201315197162172,Europa
FRA,Francia,2001,27346.834962018,185.52908971847637,3.4711605,549.5310000000001,0.006316587235297007,Europa
GBR,Reino Unido,2001,28019.8826980002,163.75655720829,5.492999999999999,384.7786719908172,0.014275739275203618,Europa
GRC,Grecia,2001,20303.9312433429,123.00303716496572,0.835,53.704,0.015548190078951288,Europa
HKG,"Hong Kong, Región Administrativa Especial",2001,28808.7982429248,132.54814457978233,0.0,32.42916666666667,0.0,Asia
HRV,Croacia,2001,11653.0274945787,73.32277715286925,0.0,12.8085,0.0,Europa
HUN,Hungría,2001,13222.7298612624,102.7729980764098,0.071,36.415,0.0019497459837978853,Europa
IDN,Indonesia,2001,4848.55580114578,20.74782545195739,6.0346,101.6586,0.05936143130045072,Asia
IND,India,2001,2136.32325134947,12.026403650865117,4.165261036036036,586.0927384360359,0.007106829282940549,Asia
IRL,Irlanda,2001,32573.4634024331,168.1161716531635,0.4310775799999999,24.96049208,0.017270395896778326,Europa
IRN,"Irán, República Islámica del",2001,11532.9987572346,79.20772051912715,0.0337,127.603,0.00026410037381566264,Asia
IRQ,Iraq,2001,10719.6194209278,50.46471479135192,0.0,31.724815,0.0,Asia
ISL,Islandia,2001,32224.9092753831,409.406343789905,1.4508629999999998,8.027066,0.18074636486108372,Europa
ISR,Israel,2001,25784.8068459262,130.64339204513053,0.01,43.8382,0.0002281115556751874,Asia
ITA,Italia,2001,28134.0572858014,126.19197869033506,7.536,279.00865600000003,0.02700991470314813,Europa
JPN,Japón,2001,28352.0490141423,173.39678106738464,16.78047921917808,1083.142,0.01549240932322639,Asia
KAZ,Kazajstán,2001,8568.08719498612,92.57558738920936,0.0,55.3840027,0.0,Asia
KOR,"Corea, República de",2001,20442.2142872054,178.65482591859805,0.106774,309.885952,0.0003445590202165731,Asia
KWT,Kuwait,2001,58552.7838611333,394.0771297573583,0.0,34.299,0.0,Asia
LKA,Sri Lanka,2001,4328.19141115153,8.445647235214532,0.004403096,6.8009,0.0006474284285903335,Asia
LTU,Lituania,2001,9399.33656166607,95.48538961973816,0.002,14.737,0.00013571283164823234,Europa
LUX,Luxemburgo,2001,56135.8762322909,322.6147887144518,0.0496589999999999,1.621117,0.030632582349083934,Europa
LVA,Letonia,2001,8807.75837072465,55.01678907912833,0.006,4.28,0.0014018691588785046,Europa
MAR,Marruecos,2001,4268.86962890625,15.596532382788848,0.2058,15.046,0.013678053967831984,Africa
MEX,México,2001,11738.8928661183,58.706444752242525,6.273497045305319,210.21214204530452,0.029843647394798285,America_Norte
MKD,Macedonia del Norte,2001,6051.02592331632,48.45443141959056,0.0,6.362,0.0,Europa
MYS,Malasia,2001,13071.581413998,93.9484870420406,0.5740940000000001,75.77568516200746,0.007576229746687138,Asia
NLD,Países Bajos,2001,33259.4535966288,240.5626280429969,3.196094,94.072426,0.03397482276049733,Europa
NOR,Noruega,2001,37688.6858128745,232.55408644268235,0.2873,121.984,0.0023552269150052467,Europa
NZL,Nueva Zelandia,2001,22511.0906735294,189.9328442801677,3.66874434166362,39.705110217423965,0.09239980248319897,Oceania
OMN,Omán,2001,41679.0150908261,191.96973239492223,0.0,9.737,0.0,Asia
PAK,Pakistán,2001,2643.76627509218,10.397463262424033,0.8721,70.6485,0.012344211129747977,Asia
PER,Perú,2001,5086.42247810685,14.941379248229255,0.1642,20.7857,0.007899661786709132,America_Sur
PHL,Filipinas,2001,3468.89888325765,16.01252504535254,10.442,47.049,0.22193882973070628,Asia
POL,Polonia,2001,11175.2853656421,94.6413214854286,0.458,145.616,0.0031452587627733212,Europa
PRT,Portugal,2001,19528.5826120827,94.43692715398583,1.7076,46.509,0.03671547442430497,Europa
QAT,Qatar,2001,92293.6130386794,688.366243310902,0.0,9.951,0.0,Asia
ROU,Rumania,2001,6519.88442713201,67.42055569493758,0.0,53.866,0.0,Europa
RUS,Federación de Rusia,2001,7361.36376953125,172.97800559159967,0.1172,891.284,0.00013149568487709866,Europa
SAU,Arabia Saudita,2001,47380.8031558677,300.4681317880024,0.0,146.09321173726448,0.0,Asia
SGP,Singapur,2001,43109.0641943469,437.86333962740576,0.473,33.061,0.014306887268987628,Asia
SVK,República Eslovaca,2001,12367.3391520167,147.3641558769406,0.154,32.046,0.004805591961555264,Europa
SVN,Eslovenia,2001,18763.4715912597,137.46052747329867,0.072,14.466,0.004977187888842803,Europa
SWE,Suecia,2001,29945.8508575628,222.4961797252213,4.261,161.615,0.026365126999350307,Europa
THA,Tailandia,2001,7632.01609422989,43.558619723495454,0.6210878389999994,100.98719,0.006150164580279929,Asia
TKM,Turkmenistán,2001,4400.60123334797,117.60337454897,0.0,10.614,0.0,Asia
TTO,Trinidad y Tobago,2001,14797.1038366404,344.83583129818464,0.030039,5.644039,0.00532225237990028,America_Norte
TUR,Turquía,2001,9015.01426747987,40.12928417509093,0.336,122.7247,0.0027378351709150647,Asia
UKR,Ucrania,2001,4746.85791015625,114.04335393557572,0.016,172.972,9.250052031542677e-05,Europa
USA,Estados Unidos,2001,37133.6203973517,326.1989265841765,74.21017169345147,3984.467889701032,0.0186248637830081,America_Norte
UZB,Uzbekistán,2001,3099.05298246121,83.35010005986271,0.0,47.961,0.0,Asia
VEN,Venezuela,2001,14750.0472712043,100.86369700689777,0.0,90.117,0.0,America_Sur
VNM,Viet Nam,2001,2808.83181910521,9.54641580761963,0.0,30.608,0.0,Asia
ZAF,Sudáfrica,2001,8428.31681714008,90.09127517678208,0.4339,210.1,0.002065207044264636,Africa
ARE,Emiratos Árabes Unidos,2002,88466.4539663538,538.3343366061586,0.0,46.856,0.0,Asia
ARG,Argentina,2002,9953.46492859756,55.9089624562156,0.6034322019111457,84.59000837209301,0.007133610854567822,America_Sur
AUS,Australia,2002,29080.0439286946,240.58122751665084,1.85865,223.4952,0.008316285987350062,Oceania
AUT,Austria,2002,30952.1708232398,146.5581875429,1.732444,62.5315773091333,0.027705106356672074,Europa
AZE,Azerbaiyán,2002,4230.40590205106,52.63395112305423,0.0,18.701,0.0,Asia
BEL,Bélgica,2002,30282.2886450283,257.5041043645425,0.778,82.069,0.009479827949652122,Europa
BGD,Bangladesh,2002,1658.80230931052,4.011021417239414,0.069466,18.734466,0.003707925275265385,Asia
BGR,Bulgaria,2002,7786.44622722748,100.01364479108798,0.0,42.679,0.0,Europa
BLR,Belarús,2002,6697.15436179409,93.49454766897004,0.0,26.456,0.0,Europa
BRA,Brasil,2002,9616.59485480438,36.381793024773735,10.331146964757709,345.7226247238453,0.029882762150755898,America_Sur
CAN,Canadá,2002,30963.9737651341,346.802650064092,10.473840900843408,599.7919546433794,0.017462456473046357,America_Norte
CHE,Suiza,2002,39284.2837213213,148.75985117875723,0.929,66.93602870813397,0.013878923173808028,Europa
CHL,Chile,2002,10132.9107703924,62.658093934168384,1.788,45.491,0.039304477808797346,America_Sur
CHN,China,2002,3590.78456452765,36.45797999083527,3.4313737373737374,1654.0000000000002,0.002074591135050627,Asia
COL,Colombia,2002,7108.8239027086,22.467807820637148,0.49565125,50.28266393982947,0.009857298940905734,America_Sur
CYP,Chipre,2002,23556.40625,110.63909357678511,0.0,3.785,0.0,Asia
CZE,República Checa,2002,18344.0329427938,171.36838364887353,0.505407,76.347477,0.006619825826071503,Europa
DEU,Alemania,2002,29513.6823267102,174.2495194222994,22.4,586.6850000000001,0.03818062503728576,Europa
DNK,Dinamarca,2002,30666.5967674022,152.27265557047485,6.757340975156732,39.28264444444444,0.17201848477164808,Europa
DZA,Argelia,2002,10080.1825001843,36.491265725767526,0.0,27.648,0.0,Africa
ECU,Ecuador,2002,6281.52215137791,25.099911416167096,0.0,11.887558245805,0.0,America_Sur
EGY,"Egipto, República Árabe de",2002,5752.69708065143,27.528271894001108,0.2135,86.236,0.0024757641820121524,Africa
ESP,España,2002,24377.8417076394,135.07424695756632,11.958,244.963,0.048815535407388054,Europa
EST,Estonia,2002,11666.6649638489,143.60144241848687,0.0283999999999999,8.524000000000001,0.003331769122477698,Europa
FIN,Finlandia,2002,28596.2606345457,246.47526931000917,9.054678999999998,74.957177,0.12079802578477573,Europa
FRA,Francia,2002,28350.0985605428,185.1179164159683,3.80910345,559.064,0.006813358488473592,Europa
GBR,Reino Unido,2002,29167.3527717844,159.53480841263328,6.342100000000001,387.2463146520148,0.016377431521069748,Europa
GRC,Grecia,2002,21985.2345411071,122.22101320998785,0.777,54.608,0.014228684441840025,Europa
HKG,"Hong Kong, Región Administrativa Especial",2002,29609.7614491502,128.47158535158724,0.0,34.31166666666667,0.0,Asia
HRV,Croacia,2002,12774.6551389152,75.5772775788463,0.0,12.7724,0.0,Europa
HUN,Hungría,2002,14532.3075182088,102.77541967362,0.043,36.157,0.0011892579583483143,Europa
IDN,Indonesia,2002,5076.16438148775,21.1004339990372,6.2433,108.2168,0.057692520939447475,Asia
IND,India,2002,2211.62562513784,12.264625644475196,4.2380319888069895,609.650478588807,0.006951576579775687,Asia
IRL,Irlanda,2002,35222.028724352,163.01667420557757,0.4690844199999999,25.1995351,0.01861480452470728,Europa
IRN,"Irán, República Islámica del",2002,12554.3307698926,85.27064656526096,0.0303,138.225,0.0002192078133478025,Asia
IRQ,Iraq,2002,9682.37619465205,46.20528728886429,0.0,35.41740600000001,0.0,Asia
ISL,Islandia,2002,32949.3457596028,413.9235585742768,1.4304200153020006,8.409572,0.17009427058856272,Europa
ISR,Israel,2002,26077.0941775365,130.59370532873348,0.011,45.4279,0.0002421419436073426,Asia
ITA,Italia,2002,28833.0217903129,127.16574962996984,8.797,285.276011,0.030836802467768668,Europa
JPN,Japón,2002,29055.3937703625,172.9358015304889,18.04693,1103.081,0.016360475794615265,Asia
KAZ,Kazajstán,2002,9504.45082466799,93.55687499225569,0.0,58.3305501,0.0,Asia
KOR,"Corea, República de",2002,22173.4881729168,185.84597963119225,0.200925,332.020947,0.0006051576016979435,Asia
KWT,Kuwait,2002,59713.1721646298,406.9621883730236,0.0,36.362,0.0,Asia
LKA,Sri Lanka,2002,4522.32769629678,8.7824838666755,0.00510685856,7.10429,0.000718841511255875,Asia
LTU,Lituania,2002,10295.5066962899,105.09490744907885,0.004,17.721,0.00022572089611195756,Europa
LUX,Luxemburgo,2002,58575.6769297665,349.51929512140725,0.051553,3.698743,0.013937978388874275,Europa
LVA,Letonia,2002,9568.79465678335,58.04032899659679,0.0209999999999999,3.975,0.0052830188679245035,Europa
MAR,Marruecos,2002,4436.4287109375,15.79465719552853,0.1940010101010101,15.228,0.012739756376478204,Africa
MEX,México,2002,11761.8865901666,59.81561764430686,6.100060368399868,215.7222714883992,0.02827737871621618,America_Norte
MKD,Macedonia del Norte,2002,6395.20756430296,46.69699779023934,0.0,6.091,0.0,Europa
MYS,Malasia,2002,13656.0458901484,96.89411473616512,0.4044,80.88,0.005,Asia
NLD,Países Bajos,2002,34568.4593268108,241.04724743338204,3.869792,95.08289200000002,0.04069914070346114,Europa
NOR,Noruega,2002,37948.4568495009,236.53800976728428,0.3303,130.748,0.002526233670878331,Europa
NZL,Nueva Zelandia,2002,23306.2795376277,188.8702894760277,3.522482538642048,40.73100887934108,0.08648159315367865,Oceania
OMN,Omán,2002,41511.028524928,202.0332705210614,0.0,10.331,0.0,Asia
PAK,Pakistán,2002,2687.82993614229,10.4811399242657,0.9608,74.431,0.01290859991132727,Asia
PER,Perú,2002,5382.56641262562,15.161952767742507,0.1872,21.9823,0.008515942371817327,America_Sur
PHL,Filipinas,2002,3580.38245467153,15.710962552118554,10.242493,48.467436,0.2113273126311035,Asia
POL,Polonia,2002,11841.2684087721,93.33977811056296,0.488,144.126,0.0033859262034608606,Europa
PRT,Portugal,2002,20356.647299736,97.38217323524908,1.9328000000000003,46.107,0.041919882013577124,Europa
QAT,Qatar,2002,95758.9740748682,819.5077089545895,0.0,10.94,0.0,Asia
ROU,Rumania,2002,7162.33309403077,69.01674710490789,0.003,54.738,5.4806532938726295e-05,Europa
RUS,Federación de Rusia,2002,8037.474609375,173.18924364968828,0.1795,891.2860000000001,0.00020139438967963142,Europa
SAU,Arabia Saudita,2002,45466.0257663413,297.75023719134896,0.0,154.90595933869218,0.0,Asia
SGP,Singapur,2002,45083.2529895015,418.5758455320275,0.473,34.6646,0.013645044223790264,Asia
SVK,República Eslovaca,2002,13291.7864712556,149.69261304804053,0.152,32.427,0.004687451814845653,Europa
SVN,Eslovenia,2002,20004.2990959715,138.6341912208958,0.102,14.6,0.006986301369863014,Europa
SWE,Suecia,2002,30987.1008568293,218.1905945900309,4.784999999999999,146.732,0.03261047351634271,Europa
THA,Tailandia,2002,8148.43702891814,46.70085122669801,0.7524021670000002,108.44169,0.00693831096693532,Asia
TKM,Turkmenistán,2002,4392.12260093854,97.2023659676714,0.0,10.707,0.0,Asia
TTO,Trinidad y Tobago,2002,16141.2357284192,381.8339946619677,0.027369,5.644369,0.004848903393807173,America_Norte
TUR,Turquía,2002,9154.45153457514,42.695673498952246,0.2826,129.3995,0.0021839342501323426,Asia
UKR,Ucrania,2002,5122.84130859375,114.82585038431462,0.022,173.734,0.00012663036596175761,Europa
USA,Estados Unidos,2002,37997.7424300242,326.96363750433807,82.84982312663247,4111.775538198574,0.02014940318530377,America_Norte
UZB,Uzbekistán,2002,3232.36809797609,84.15264039184497,0.0,49.31,0.0,Asia
VEN,Venezuela,2002,13427.1367101259,99.30073027130496,0.0,89.39489999999999,0.0,America_Sur
VNM,Viet Nam,2002,3001.87038760559,10.503839092139646,0.0,35.796,0.0,Asia
ZAF,Sudáfrica,2002,8792.35588555626,86.94819225804305,0.4727,220.575,0.0021430352487815936,Africa
ARE,Emiratos Árabes Unidos,2003,92635.8207708156,541.9635947512402,0.0,49.45,0.0,Asia
ARG,Argentina,2003,10933.3925490794,60.16006914878359,0.9586175395465596,92.0594430232558,0.010413027801008924,America_Sur
AUS,Australia,2003,30167.241365541,241.27754476015596,2.45905,225.9524,0.010883044393420914,Oceania
AUT,Austria,2003,31958.8592412083,152.291502627114,2.092921,60.13277483997502,0.0348049962033129,Europa
AZE,Azerbaiyán,2003,4718.42112335948,56.28583279864485,0.0,21.286,0.0,Asia
BEL,Bélgica,2003,30930.6283334744,266.4236432852405,0.945,84.63,0.011166253101736972,Europa
BGD,Bangladesh,2003,1746.12725781019,4.1797771645943325,0.0610999999999999,19.7731,0.0030900566931841692,Asia
BGR,Bulgaria,2003,8416.36583467588,103.29667591234065,0.0,42.6,0.0,Europa
BLR,Belarús,2003,7361.72161065634,93.45899856073363,0.0,26.627,0.0,Europa
BRA,Brasil,2003,9801.96212457649,36.013032695897074,12.000463,364.384638,0.0329335041835655,America_Sur
CAN,Canadá,2003,32349.9345219415,349.1652946874969,10.130083521035113,588.2696299697212,0.017220136830039173,America_Norte
CHE,Suiza,2003,39217.5580054547,146.70830866801865,0.953,67.18492078681552,0.014184730574051941,Europa
CHL,Chile,2003,10708.3644963118,62.73499077495298,1.702,48.787,0.03488634267325312,America_Sur
CHN,China,2003,4006.97738785418,42.517607657087176,3.596969696969697,1910.575,0.0018826634374309813,Asia
COL,Colombia,2003,7420.46008359846,22.33929834018706,0.501405,52.11305277213689,0.009621485852927898,America_Sur
CYP,Chipre,2003,24277.921875,117.50419972188595,0.0,4.0520000000000005,0.0,Asia
CZE,República Checa,2003,19604.0917215381,182.34460085859936,0.494489,83.226141,0.005941510612633115,Europa
DEU,Alemania,2003,30301.4017692833,174.42717887720494,28.44634650533181,609.0585804441367,0.04670543592799926,Europa
DNK,Dinamarca,2003,30864.1123687371,163.0182118719652,8.055654317172436,46.17945833333333,0.17444237346884797,Europa
DZA,Argelia,2003,10802.7506702336,37.6402833954369,0.0,29.528,0.0,Africa
ECU,Ecuador,2003,6475.06597338992,24.974787362119965,0.0,11.546131783838998,0.0,America_Sur
EGY,"Egipto, República Árabe de",2003,5928.07945348429,28.70900840614226,0.287,92.1865,0.00311325410987509,Africa
ESP,España,2003,25057.3469945838,136.23191716074194,15.3,260.72700000000003,0.05868206975111898,Europa
EST,Estonia,2003,13135.0419683127,159.91550164615848,0.0321,10.158,0.0031600708800945065,Europa
FIN,Finlandia,2003,29042.698985165,264.3395942015439,9.474382999999998,84.32735000000001,0.11235243370033561,Europa
FRA,Francia,2003,28024.0897244695,186.62223002941676,4.1127673,566.838,0.007255630885720435,Europa
GBR,Reino Unido,2003,30414.0991932703,161.34815229609092,7.464700000000001,398.2091231014695,0.01874567800421259,Europa
GRC,Grecia,2003,23252.6111362028,127.7001982993273,1.126,58.471,0.01925740965606882,Europa
HKG,"Hong Kong, Región Administrativa Especial",2003,31178.6863622724,131.95392864547208,0.0,35.50611111111111,0.0,Asia
HRV,Croacia,2003,13691.2872092509,80.20477602778564,0.0,13.2521,0.0,Europa
HUN,Hungría,2003,15459.9630651172,103.7520053918668,0.165,34.145,0.004832332698784595,Europa
IDN,Indonesia,2003,5352.50750387612,22.712181298534105,6.3019,112.9754,0.05578117006003077,Asia
IND,India,2003,2390.73827838828,12.49458175915466,5.333181180726181,638.1310101807262,0.008357501979437987,Asia
IRL,Irlanda,2003,36280.4827472575,158.3235288986445,0.5400971999999999,25.2395423,0.021398850802456904,Europa
IRN,"Irán, República Islámica del",2003,13754.906513045,85.7435174579895,0.0276,151.645,0.00018200402255267234,Asia
IRQ,Iraq,2003,6068.45161803903,39.62099681673352,0.0,26.605591,0.0,Asia
ISL,Islandia,2003,33084.1048784252,406.5258318296369,1.4046782756394998,8.49341934,0.16538430747486202,Europa
ISR,Israel,2003,24677.8520624854,132.17580376429922,0.012,47.0476,0.000255060832008434,Asia
ITA,Italia,2003,29249.1801358747,131.3867920043082,10.196,293.884765,0.034693870572025054,Europa
JPN,Japón,2003,29741.9127951675,171.4941399357636,19.66242,1092.595,0.017996073567973496,Asia
KAZ,Kazajstán,2003,10532.4466972719,102.48631886955162,0.0,63.8663626,0.0,Asia
KOR,"Corea, República de",2003,22919.7417096314,190.987846872128,0.220617,347.756209,0.0006344013256712261,Asia
KWT,Kuwait,2003,69752.3841097359,474.53279734502496,0.0,39.802,0.0,Asia
LKA,Sri Lanka,2003,4849.860234461,8.79535136560145,0.0058097385599999,8.12485,0.0007150579469159307,Asia
LTU,Lituania,2003,11659.8787391334,111.14457700741411,0.007,19.488,0.00035919540229885057,Europa
LUX,Luxemburgo,2003,60192.1759452336,362.480136693449,0.0617179999999999,3.621422,0.01704247668457305,Europa
LVA,Letonia,2003,10193.2381015054,58.80698483232247,0.072,3.975,0.01811320754716981,Europa
MAR,Marruecos,2003,4741.0615234375,15.50046596006738,0.2029010101010101,16.52,0.012282143468584148,Africa
MEX,México,2003,12065.9368582938,59.39537348948795,6.976712538701905,224.90308351325575,0.031020973255311987,America_Norte
MKD,Macedonia del Norte,2003,6608.17478819261,50.78929928165998,0.0,6.738,0.0,Europa
MYS,Malasia,2003,14387.2484913945,102.7529857395686,0.4165,83.3,0.005,Asia
NLD,Países Bajos,2003,34286.3833524783,244.3518257758536,3.896274000000001,98.140305,0.03970105860176409,Europa
NOR,Noruega,2003,38647.2714743946,223.8092924296592,0.5542,107.329,0.005163562504076252,Europa
NZL,Nueva Zelandia,2003,23996.4486751857,181.25273193698055,3.423174426179389,40.85524472867674,0.0837878820433702,Oceania
OMN,Omán,2003,40934.6957155247,207.3203066633916,0.0,10.714,0.0,Asia
PAK,Pakistán,2003,2821.73137020979,10.939264420596448,1.0411,76.986,0.013523237991323095,Asia
PER,Perú,2003,5656.8581611382,14.674020970052052,0.1972,22.9234,0.008602563319577374,America_Sur
PHL,Filipinas,2003,3761.49624592314,15.627524612594964,9.822444,52.940537000000006,0.18553729441769734,Asia
POL,Polonia,2003,12328.9011615853,96.72577115042152,0.579,151.631,0.0038184803898938867,Europa
PRT,Portugal,2003,20849.5943833375,94.62176412250469,1.9826,46.852,0.0423162298301033,Europa
QAT,Qatar,2003,96728.9326817316,790.9837997886015,0.0,12.012,0.0,Asia
ROU,Rumania,2003,7559.37879427633,71.95740456521433,0.003,55.14,5.44069640914037e-05,Europa
RUS,Federación de Rusia,2003,9254.537109375,177.59162032813785,0.3744,916.286,0.0004086060465837086,Europa
SAU,Arabia Saudita,2003,48078.1186113645,300.69503962677385,0.0,166.58758916524172,0.0,Asia
SGP,Singapur,2003,48778.2983297671,395.1185295960002,0.495,35.2815,0.014030015730623697,Asia
SVK,República Eslovaca,2003,14088.2610150529,147.39960036352844,0.101,31.178,0.0032394637244210663,Europa
SVN,Eslovenia,2003,20915.5593835145,137.11128249102654,0.122,13.821,0.008827147095000362,Europa
SWE,Suecia,2003,31787.3765638123,213.99513816779265,5.191,135.435,0.0383283493926976,Europa
THA,Tailandia,2003,8824.06945002031,49.82576369734051,1.231493312,115.93462,0.010622308608075828,Asia
TKM,Turkmenistán,2003,4535.47371898036,130.66945417492997,0.0,10.92,0.0,Asia
TTO,Trinidad y Tobago,2003,18742.6419218363,416.2241725630153,0.013902,6.437902,0.0021593991334444046,America_Norte
TUR,Turquía,2003,9475.23842234984,44.729359463216085,0.229,140.5805,0.0016289599197612755,Asia
UKR,Ucrania,2003,5764.01123046875,118.80389560441174,0.031,180.36,0.00017187846529163894,Europa
USA,Estados Unidos,2003,39490.3023903176,324.6810190009991,83.24326502542405,4137.978841606171,0.020116889962905872,America_Norte
UZB,Uzbekistán,2003,3394.10539314526,77.48156780676375,0.0,48.7139,0.0,Asia
VEN,Venezuela,2003,12407.8709074939,86.06237693858097,0.0,90.0603,0.0,America_Sur
VNM,Viet Nam,2003,3239.77125907541,11.280795397706692,0.0,40.925,0.0,Asia
ZAF,Sudáfrica,2003,9138.82823848323,89.30509208247851,0.4283,234.229,0.0018285523995747752,Africa
ARE,Emiratos Árabes Unidos,2004,98661.409213788,548.7138259129048,0.0,52.417,0.0,Asia
ARG,Argentina,2004,12117.6797424042,64.51804388025319,0.9400283475996348,100.26082099999996,0.009375829344142664,America_Sur
AUS,Australia,2004,31814.504982852,246.5361921500016,3.6832,229.21705,0.01606861269700487,Oceania
AUT,Austria,2004,33518.5160023521,154.68209984881423,3.00173,64.10708199999999,0.046823687903935485,Europa
AZE,Azerbaiyán,2004,5247.53834369248,63.05986752901163,0.0,21.744,0.0,Asia
BEL,Bélgica,2004,32059.6878637798,266.5152118036455,1.1799999999999995,84.21030000000032,0.0140125376586949,Europa
BGD,Bangladesh,2004,1861.51256286906,4.385339589793957,0.0423939999999999,24.725394,0.0017145935065786978,Asia
BGR,Bulgaria,2004,9200.52324783377,100.5585794784383,0.001,41.620811,2.4026441964333658e-05,Europa
BLR,Belarús,2004,8482.92020705117,105.38063558403591,0.001010101010101,31.211,3.2363622123642304e-05,Europa
BRA,Brasil,2004,10525.7113784174,37.45694172507719,12.576055704810557,387.4924157120141,0.032454972523016115,America_Sur
CAN,Canadá,2004,33929.3190847041,353.1045103044616,10.763789473684213,598.509646967121,0.017984320767807975,America_Norte
CHE,Suiza,2004,40683.8614431803,146.52338094301936,0.994,65.39224348750665,0.015200579563995327,Europa
CHL,Chile,2004,11612.4368780779,67.72050090478174,2.036,49.743068636,0.04093032568816047,America_Sur
CHN,China,2004,4505.14251370017,49.36518209684428,3.8817777777777778,2203.31,0.0017617937456725463,Asia
COL,Colombia,2004,7909.34635161862,23.15630370346117,0.5269417260273973,53.83857431898831,0.009787438331953571,America_Sur
CYP,Chipre,2004,25942.115234375,109.21983129575705,0.000755,4.2010000000000005,0.00017971911449654842,Asia
CZE,República Checa,2004,20988.1204818834,186.67407143721937,0.723371,84.333903,0.008577463798871018,Europa
DEU,Alemania,2004,31753.1720592803,173.8170278915968,37.28655201477184,617.7748173659018,0.06035621874934309,Europa
DNK,Dinamarca,2004,33015.5515892493,152.30873240567837,9.495704742118084,40.43985,0.23481058268312283,Europa
DZA,Argelia,2004,11431.6856716317,38.54017425248755,0.0,31.249,0.0,Africa
ECU,Ecuador,2004,6980.09126361805,26.53457584461927,0.00324057,12.584844248351,0.0002574978232586878,America_Sur
EGY,"Egipto, República Árabe de",2004,6207.12492167934,29.75753396065072,0.5050505050505051,98.2523193222548,0.00514034181110784,Africa
ESP,España,2004,26159.7864720491,139.18283918209286,19.086,280.007,0.06816258164974447,Europa
EST,Estonia,2004,14538.0273203932,165.25479489635234,0.0386,10.302,0.0037468452727625707,Europa
FIN,Finlandia,2004,31195.1243346394,261.29435709443294,10.562262,85.84537200000001,0.12303822272445857,Europa
FRA,Francia,2004,28921.2608031323,187.43703263657565,4.385447984,574.054,0.007639434589777268,Europa
GBR,Reino Unido,2004,32160.3776803379,161.41640067516946,9.3069,393.9297583155788,0.023625785571000715,Europa
GRC,Grecia,2004,24825.5735347512,127.36566594581248,1.2457030000000002,59.345781,0.020990590721183703,Europa
HKG,"Hong Kong, Región Administrativa Especial",2004,34532.2416361523,147.1360098714258,0.0,37.12861111111111,0.0,Asia
HRV,Croacia,2004,14686.1082157283,80.33997323181795,0.006,13.9897,0.00042888696683988936,Europa
HUN,Hungría,2004,16250.6523854316,104.24320020739168,0.731,33.708,0.02168624658834698,Europa
IDN,Indonesia,2004,5700.04949540206,22.217747476832248,6.6656,120.1506,0.055477042977729624,Asia
IND,India,2004,2604.78313814891,13.178509322800943,8.557974956319956,698.300975,0.012255424613033021,Asia
IRL,Irlanda,2004,38729.2468204554,158.51577094306828,0.76413752,25.59760674,0.029851912632360412,Europa
IRN,"Irán, República Islámica del",2004,14425.4169993917,92.71623952792224,0.0463,162.755,0.0002844766673834905,Asia
IRQ,Iraq,2004,9289.74224656832,41.14472282858782,0.0,30.696344,0.0,Asia
ISL,Islandia,2004,35969.5630579971,422.23654451648827,1.48238277502431,8.620090124,0.17196836154845632,Europa
ISR,Israel,2004,26054.6820192544,132.469803531025,0.011,48.4711,0.00022693935148985684,Asia
ITA,Italia,2004,29580.8439042327,133.20015248212033,11.533,303.347006,0.03801916541744275,Europa
JPN,Japón,2004,31136.2815653939,174.06025313773114,20.765078123287672,1121.193,0.01852052066262247,Asia
KAZ,Kazajstán,2004,11777.1119571052,107.99047378456731,0.0,66.9423699,0.0,Asia
KOR,"Corea, República de",2004,24658.1761189212,195.6026258673548,0.3501832183309999,368.033552,0.0009514980806179322,Asia
KWT,Kuwait,2004,77226.6367629416,517.1330259145099,0.0,41.256,0.0,Asia
LKA,Sri Lanka,2004,5215.8802444029,8.585844242769863,0.00636481856,8.74352,0.0007279469321280216,Asia
LTU,Lituania,2004,12605.0201901971,113.62313241961508,0.0072,19.274,0.00037356023658814984,Europa
LUX,Luxemburgo,2004,64685.7286866435,404.4292509516285,0.091173,4.132149999999999,0.02206430066672314,Europa
LVA,Letonia,2004,11319.1462699913,64.01222073032159,0.087,4.689,0.01855406269993602,Europa
MAR,Marruecos,2004,5024.6943359375,17.450644349973807,0.1990010101010101,17.5715,0.011325214699997728,Africa
MEX,México,2004,12658.1646665687,61.685604572626296,7.290834335946815,235.39655602165055,0.03097256161758051,America_Norte
MKD,Macedonia del Norte,2004,7229.44699292948,49.66906569351325,0.0,6.667,0.0,Europa
MYS,Malasia,2004,15415.8063403821,108.4785108183204,0.57636,96.06,0.005999999999999999,Asia
NLD,Países Bajos,2004,35960.7138360683,249.52521201688657,5.225046,102.144798,0.051153324518787534,Europa
NOR,Noruega,2004,42730.6429549923,224.4394959456267,0.6172,110.647,0.0055780997225410535,Europa
NZL,Nueva Zelandia,2004,25123.9162365879,178.66398744485642,3.756241382746989,42.76838184267279,0.08782753101495983,Oceania
OMN,Omán,2004,42141.636896844,211.7517629952273,0.0,11.499,0.0,Asia
PAK,Pakistán,2004,3048.35709125252,11.980832883146354,1.0764,82.3055,0.013078105351404221,Asia
PER,Perú,2004,6037.52025111104,16.07820039541577,0.1542,24.267,0.00635430831994066,America_Sur
PHL,Filipinas,2004,4037.17193795436,15.729304507526107,10.28155,55.95743,0.1837387814272385,Asia
POL,Polonia,2004,13413.0543202274,97.34990674568166,0.9924,154.159,0.006437509324788044,Europa
PRT,Portugal,2004,21475.5711021267,95.82629430319244,2.4499,45.105,0.054315486088016854,Europa
QAT,Qatar,2004,114032.65368896,919.7238235006104,0.0,13.233,0.0,Asia
ROU,Rumania,2004,8989.35842777528,72.3061421108459,0.004,56.499,7.079771323386255e-05,Europa
RUS,Federación de Rusia,2004,10226.7666015625,179.1521764029477,0.4568,931.9,0.00049018134993025,Europa
SAU,Arabia Saudita,2004,51225.3258206545,311.58991261287326,0.0,173.40466164636763,0.0,Asia
SGP,Singapur,2004,54383.8062336459,442.9661778142122,0.479,36.8096,0.013012909675736763,Asia
SVK,República Eslovaca,2004,15165.8836134619,143.89530137256537,0.026,30.567,0.0008505905061013511,Europa
SVN,Eslovenia,2004,22587.7819716494,142.4171804060241,0.121,15.272,0.007922996333158721,Europa
SWE,Suecia,2004,33804.7015981309,232.28499345926176,8.053,152.454,0.05282249071851182,Europa
THA,Tailandia,2004,9545.3381381686,53.81116867795628,1.841917894999999,124.13266,0.014838301982733625,Asia
TKM,Turkmenistán,2004,4797.38725992738,129.70209622933655,0.0,11.98,0.0,Asia
TTO,Trinidad y Tobago,2004,20673.7458450885,454.215794102878,0.025579,6.430579,0.003977713359870083,America_Norte
TUR,Turquía,2004,10760.7760827021,46.58887391494468,0.2269,150.6983,0.0015056573299101583,Asia
UKR,Ucrania,2004,6663.46728515625,119.05802790191882,0.033,182.165,0.0001811544478906486,Europa
USA,Estados Unidos,2004,41724.6411982614,328.3256720215791,86.9301121400648,4231.682747347144,0.02054268179592659,America_Norte
UZB,Uzbekistán,2004,3699.2358348945,75.72367942534984,0.0,49.677600000000005,0.0,Asia
VEN,Venezuela,2004,14805.1768287538,93.63014184574769,0.0,96.8695,0.0,America_Sur
VNM,Viet Nam,2004,3543.09915523223,14.549740576682186,0.0,46.209,0.0,Asia
ZAF,Sudáfrica,2004,9713.65348476407,94.07930122088104,0.4094,244.605,0.0016737188528443817,Africa
ARE,Emiratos Árabes Unidos,2005,101301.379290923,543.7657550509241,0.0,60.698,0.0,Asia
ARG,Argentina,2005,13464.8128469454,67.40390590693058,0.988300464042701,105.750115,0.009345620702565676,America_Sur
AUS,Australia,2005,33089.7023501837,244.499430736076,5.2541,230.73955,0.022770695357601244,Oceania
AUT,Austria,2005,34776.6699535218,157.19421478262555,3.792438060423016,66.83274237743935,0.05674521088787799,Europa
AZE,Azerbaiyán,2005,6854.93618773207,67.51307783979246,0.0,22.872,0.0,Asia
BEL,Bélgica,2005,33177.8909458158,262.833935942011,1.818,85.67690000000032,0.0212192551317799,Europa
BGD,Bangladesh,2005,2019.73839561771,4.697630690462133,0.039352,26.486352,0.0014857463194629444,Asia
BGR,Bulgaria,2005,10291.425046769,109.16427234717762,0.004587,44.364483,0.00010339351863967399,Europa
BLR,Belarús,2005,9636.8911237784,105.76649806291238,0.001,30.961,3.2298698362455994e-05,Europa
BRA,Brasil,2005,11081.2474734851,37.82765790570021,13.735977169946164,403.0827830439113,0.034077310537100725,America_Sur
CAN,Canadá,2005,36328.6856550606,348.8735080719027,10.73986822966507,620.479798247672,0.017308973249404846,America_Norte
CHE,Suiza,2005,42142.9474311978,139.95338170170876,1.045,59.48184635832004,0.017568385381060557,Europa
CHL,Chile,2005,12550.4348007645,68.12244783019791,1.797,51.89866535384131,0.03462516786796318,America_Sur
CHN,China,2005,5148.20803892204,55.78116825330597,7.352060606060606,2500.26,0.0029405184285076773,Asia
COL,Colombia,2005,8432.33329071381,22.30511023463169,0.56201125,55.89710848302268,0.010054388594549511,America_Sur
CYP,Chipre,2005,27763.15234375,118.5739207895374,0.000921,4.377,0.00021041809458533244,Asia
CZE,República Checa,2005,22114.8363085202,182.94072958227923,0.7530689999999999,82.578571,0.009119423972594536,Europa
DEU,Alemania,2005,32313.736788417,171.81877578757957,43.90131821741947,622.8247944014648,0.07048742858673229,Europa
DNK,Dinamarca,2005,34238.3218147437,146.30456051382913,9.79041057660148,36.24135,0.27014475389579806,Europa
DZA,Argelia,2005,12246.2692242607,39.7125409772961,0.0,33.915,0.0,Africa
ECU,Ecuador,2005,7457.46553600433,28.10902460906052,0.1028686729299999,13.404022567387996,0.007674462827321667,America_Sur
EGY,"Egipto, República Árabe de",2005,6554.12885087777,29.95834141560072,0.5111111111111112,104.94731541218638,0.004870168513636523,Africa
ESP,España,2005,27629.7077024966,140.31191654470035,23.87,294.077,0.08116921758587037,Europa
EST,Estonia,2005,16638.0779749397,167.14165568536103,0.0869,10.201,0.008518772669346142,Europa
FIN,Finlandia,2005,32047.7069315564,233.42916779348164,9.684789,70.583575,0.13721023623413806,Europa
FRA,Francia,2005,30431.2367240202,185.9617831773809,4.84450076,576.062,0.008409686387923521,Europa
GBR,Reino Unido,2005,32831.4184106349,161.5742276068279,12.022299999999998,398.361132705616,0.03017940007938558,Europa
GRC,Grecia,2005,25003.8297466933,127.15671929578616,1.3889250000000002,60.020138,0.023140983114700604,Europa
HKG,"Hong Kong, Región Administrativa Especial",2005,38079.5516669077,140.74367618462284,0.0,38.44833333333334,0.0,Asia
HRV,Croacia,2005,15450.6908485826,80.24074973880695,0.024,13.1615,0.001823500360901113,Europa
HUN,Hungría,2005,17091.2761318193,111.32295692876748,1.668,35.756,0.04664951336838572,Europa
IDN,Indonesia,2005,6134.16673005776,22.528867380696937,6.615,127.5608,0.0518576239722548,Asia
IND,India,2005,2852.39802783007,13.780615871022858,10.04431822959323,704.5093181999999,0.014257182935856918,Asia
IRL,Irlanda,2005,40466.2343515711,163.9469384222306,1.2423955909599995,25.983228139359998,0.04781529009007121,Europa
IRN,"Irán, República Islámica del",2005,15016.2676075641,95.8907239079042,0.0709,177.077,0.00040039079044709366,Asia
IRQ,Iraq,2005,9457.04454249128,37.91026401231397,0.0,28.343179,0.0,Asia
ISL,Islandia,2005,37972.6116701786,432.1313388157568,1.6590298229999998,8.681113926999998,0.19110794270768475,Europa
ISR,Israel,2005,25670.6917335433,130.86394671699787,0.011,49.833400000000005,0.00022073549065486196,Asia
ITA,Italia,2005,30137.8180374437,132.96605224005845,12.372000000000002,303.6999,0.04073758338412361,Europa
JPN,Japón,2005,32464.0455172515,177.79637732062196,25.22608837328767,1153.062,0.02187747785746792,Asia
KAZ,Kazajstán,2005,13226.1466962805,110.46707456331409,0.0,67.9197296,0.0,Asia
KOR,"Corea, República de",2005,26179.3421262581,201.414762351679,0.404100728954,389.479512,0.001037540400723312,Asia
KWT,Kuwait,2005,84968.0197563091,549.404233733377,0.0,43.734,0.0,Asia
LKA,Sri Lanka,2005,5678.74647772829,9.852092417640971,0.00930108256,8.84822,0.0010511812048072946,Asia
LTU,Lituania,2005,13951.3261880977,104.47528459311675,0.0088,14.7843,0.0005952260167880793,Europa
LUX,Luxemburgo,2005,68787.9115407203,404.1375889925276,0.1161119999999999,4.129123,0.028120257013414203,Europa
LVA,Letonia,2005,12825.873779559,66.20552606880071,0.089,4.906,0.01814105177333877,Europa
MAR,Marruecos,2005,5274.74169921875,18.87289216021782,0.2064010101010101,19.7232,0.010464884506622156,Africa
MEX,México,2005,13260.2388173408,63.79878648492704,8.16551914,247.97075103171,0.03292936407228049,America_Norte
MKD,Macedonia del Norte,2005,7972.29588877262,51.34151912197683,0.0,6.942,0.0,Europa
MYS,Malasia,2005,16371.4260816627,114.78684308715412,0.5925,98.75,0.006,Asia
NLD,Países Bajos,2005,37778.4864360065,249.55967463199696,7.377918,100.76871,0.07321635853034142,Europa
NOR,Noruega,2005,48189.4962722156,241.4403068429965,0.8382000000000001,138.005,0.006073692982138329,Europa
NZL,Nueva Zelandia,2005,25677.4190803252,180.03518986530548,4.4219294766532125,42.98083624517688,0.10288142025504265,Oceania
OMN,Omán,2005,43672.5203179476,228.49088600624296,0.0,12.648,0.0,Asia
PAK,Pakistán,2005,3292.6022326683,12.000116609882925,0.0,88.76422141529586,0.0,Asia
PER,Perú,2005,6559.54330016358,16.67622808932976,0.3492,25.5097,0.01368891049287134,America_Sur
PHL,Filipinas,2005,4289.05223688469,15.358361561008884,9.921429,56.56774,0.17539023125194678,Asia
POL,Polonia,2005,13935.5573148214,99.84216819755817,1.6458,156.936,0.010487077534791252,Europa
PRT,Portugal,2005,22725.2774946084,98.1608127626874,3.4988,46.575,0.07512184648416532,Europa
QAT,Qatar,2005,118444.148612593,975.543188658031,0.0,14.396,0.0,Asia
ROU,Rumania,2005,9602.12221045768,72.02914104231982,0.006,59.413,0.00010098799925942134,Europa
RUS,Federación de Rusia,2005,11822.3466796875,179.93897798048363,0.4581,954.1,0.00048013835027774866,Europa
SAU,Arabia Saudita,2005,53548.1964921135,317.1214029808383,0.0,191.05495591246503,0.0,Asia
SGP,Singapur,2005,58821.6934646065,457.3205110936585,0.47765875,38.2127,0.0125,Asia
SVK,República Eslovaca,2005,16570.2574196157,147.55888945505473,0.038,31.455,0.001208075027817517,Europa
SVN,Eslovenia,2005,23682.3710849153,145.13163665780849,0.11,15.117,0.00727657604021962,Europa
SWE,Suecia,2005,34198.2228928173,225.53116490370687,8.431151,159.06,0.05300610461461084,Europa
THA,Tailandia,2005,10169.0453610801,55.09053635300631,1.856268038999999,130.42631,0.014232312782597307,Asia
TKM,Turkmenistán,2005,5488.46917079432,127.95704244657388,0.0,12.819,0.0,Asia
TTO,Trinidad y Tobago,2005,23536.0268720459,498.50957624469606,0.0247429999999999,7.058743000000001,0.0035052983229450197,America_Norte
TUR,Turquía,2005,11803.3604424476,47.92589123410827,0.1874,161.9562,0.001157102969815296,Asia
UKR,Ucrania,2005,7142.10693359375,121.60991200016186,0.038,186.055,0.0002042406815189057,Europa
USA,Estados Unidos,2005,44123.3996470026,325.25619839924315,91.33741416896792,4322.786632227311,0.021129290418367565,America_Norte
UZB,Uzbekistán,2005,4029.66165860946,74.19698241472368,0.0,47.6272,0.0,Asia
VEN,Venezuela,2005,16545.7702112834,94.82405358615864,0.0,104.36079,0.0,America_Sur
VNM,Viet Nam,2005,3893.66509419393,15.051497543366033,0.05,52.078,0.0009600983140673605,Asia
ZAF,Sudáfrica,2005,10440.6275146273,96.42673680695744,0.4543,244.922,0.0018548762463151533,Africa
ARE,Emiratos Árabes Unidos,2006,106813.979370437,532.761304017089,0.0,62.438,0.0,Asia
ARG,Argentina,2006,14843.5778660497,69.77219037533737,1.1160390115864365,113.423565,0.009839569154667608,America_Sur
AUS,Australia,2006,34890.2248136693,251.49580630926687,6.1921,237.99095000000003,0.026018216238894797,Oceania
AUT,Austria,2006,37388.0795380765,155.09561460827916,5.029945415030309,64.375271148,0.07813474530408372,Europa
AZE,Azerbaiyán,2006,9398.01324799672,65.89098500191702,0.0,24.543,0.0,Asia
BEL,Bélgica,2006,35251.4450697593,261.9032485721846,2.593,84.58720000000031,0.030654756275181,Europa
BGD,Bangladesh,2006,2195.29485462256,5.02803301589034,0.0520329999999999,29.583033,0.0017588798281771819,Asia
BGR,Bulgaria,2006,11405.6124506198,112.48840245956568,0.020047,45.843021,0.0004372966607065446,Europa
BLR,Belarús,2006,10994.5981291674,113.17219571446094,0.003,31.811,9.430700072302033e-05,Europa
BRA,Brasil,2006,11750.5312440894,38.55838995091845,15.082658984288528,419.4491472093024,0.035958254021106355,America_Sur
CAN,Canadá,2006,38123.41278744,345.6964483284752,11.43211197235513,608.4283100313834,0.01878957928792868,America_Norte
CHE,Suiza,2006,46980.7361703296,144.88766223079807,1.174,63.86112174375332,0.01838364200226152,Europa
CHL,Chile,2006,15510.7700739452,69.20569489992344,1.438,54.80155065701374,0.02624013340425356,America_Sur
CHN,China,2006,5946.34819286615,60.78051306913378,10.939818181818184,2865.726,0.00381746830709502,Asia
COL,Colombia,2006,9154.0892620178,25.909377791976176,0.5827074785004406,59.06591451969429,0.009865376389053436,America_Sur
CYP,Chipre,2006,30008.787109375,117.51889803650438,0.001512,4.652,0.00032502149613069647,Asia
CZE,República Checa,2006,23914.1862443811,186.38105354045828,0.967712,84.359019,0.011471351984308873,Europa
DEU,Alemania,2006,34741.3353426224,176.74770909557938,52.76519817104101,639.9258689747643,0.08245517290241289,Europa
DNK,Dinamarca,2006,37392.3211413889,162.25483643842247,9.180121565051376,45.602291666666666,0.2013083384526847,Europa
DZA,Argelia,2006,12791.3412606709,40.559319741968615,0.0,35.227000000000004,0.0,Africa
ECU,Ecuador,2006,7884.51693599034,29.324042678511304,0.145570603742,15.115849674445,0.009630328885057852,America_Sur
EGY,"Egipto, República Árabe de",2006,7079.02808458206,30.99090098100028,0.6060606060606061,111.66104985337245,0.005427681423884638,Africa
ESP,España,2006,30748.7396326091,137.70457407782416,26.19,299.454,0.08745917569977359,Europa
EST,Estonia,2006,19344.2638980902,167.59471550438457,0.1142999999999999,9.729,0.011748381128584635,Europa
FIN,Finlandia,2006,34440.3771039162,258.2622394603463,10.97296,82.312332,0.1333088218178535,Europa
FRA,Francia,2006,32423.5225068799,183.0669854016797,6.03490605,574.869,0.010497880473638341,Europa
GBR,Reino Unido,2006,34869.9759075432,158.21708332252416,13.523899999999998,397.282323570934,0.034041031270764126,Europa
GRC,Grecia,2006,28076.1241416392,129.81625870343998,1.814864,60.789713000000006,0.029854788095479243,Europa
HKG,"Hong Kong, Región Administrativa Especial",2006,41745.467056778,148.41883386621822,0.000694,38.6125,1.797345419229524e-05,Asia
HRV,Croacia,2006,17628.7718376804,79.82920951017194,0.03,13.047,0.002299379167624741,Europa
HUN,Hungría,2006,18361.9963871537,109.46723356384844,1.307,35.859,0.03644831144203686,Europa
IDN,Indonesia,2006,6583.35112361832,22.647254567044317,6.674,133.11020000000002,0.050138907461637044,Asia
IND,India,2006,3128.06450193583,14.224015819121313,14.9315,744.4262523150684,0.020057728960477934,Asia
IRL,Irlanda,2006,44222.6536034198,161.45094744861822,1.750788985302,27.50440027935876,0.06365486858537016,Europa
IRN,"Irán, República Islámica del",2006,15906.8581381275,102.31497665023628,0.1253999999999999,193.43,0.0006482965413844796,Asia
IRQ,Iraq,2006,10223.1065323147,36.53554434164448,0.0,30.591112000000003,0.0,Asia
ISL,Islandia,2006,40160.5138610576,551.6040695787668,2.63259802256,9.924843022,0.2652533663982822,Europa
ISR,Israel,2006,26352.9938547519,129.35220172759156,0.01,51.8112,0.00019300846149095178,Asia
ITA,Italia,2006,32453.6488675587,132.2511762335216,13.641000000000002,314.121963,0.04342580782866177,Europa
JPN,Japón,2006,33970.896971686,177.24697532275138,25.65863,1164.348,0.022036908209573082,Asia
KAZ,Kazajstán,2006,14965.7723196538,118.27078021095777,0.0,71.66846050000001,0.0,Asia
KOR,"Corea, República de",2006,27972.3847629351,204.8107456025877,0.511223188952,402.988942,0.0012685787019734154,Asia
KWT,Kuwait,2006,89075.2245199727,500.3016115724603,0.0,47.607,0.0,Asia
LKA,Sri Lanka,2006,6260.67990157292,10.215121113721327,0.00947252656,9.4979,0.0009973285210414934,Asia
LTU,Lituania,2006,15522.3579257294,100.78049064209722,0.0387,12.4819,0.0031004895088087552,Europa
LUX,Luxemburgo,2006,78861.1799499563,390.2981420761721,0.134316,4.333512,0.030994722063767216,Europa
LVA,Letonia,2006,14180.0017761877,68.00439330736191,0.089,4.891,0.018196687793907176,Europa
MAR,Marruecos,2006,5780.6181640625,19.012861688504863,0.1833010101010101,20.451,0.008962936291673272,Africa
MEX,México,2006,14540.4500497636,64.91732445195542,7.542386849999998,256.2249604827577,0.029436581181588484,America_Norte
MKD,Macedonia del Norte,2006,8888.47999812996,51.9334643711917,0.0,7.006,0.0,Europa
MYS,Malasia,2006,17426.3611679923,113.38627464038764,0.6239640000000001,103.994,0.006000000000000001,Asia
NLD,Países Bajos,2006,41208.0462204734,247.5072309433457,7.963223,98.834621,0.08057118972510655,Europa
NOR,Noruega,2006,54805.409473108,228.19001107645204,1.0311,121.538,0.008483766394049597,Europa
NZL,Nueva Zelandia,2006,27732.3439124039,180.61328088300056,4.693773202615506,43.53799378036397,0.10780866996982393,Oceania
OMN,Omán,2006,46091.1822354499,244.2000386424424,0.0,13.585,0.0,Asia
PAK,Pakistán,2006,3514.8136524316,12.51328415006926,0.0,96.7200128853283,0.0,Asia
PER,Perú,2006,7213.59606035744,16.443365995963713,0.3492,27.3698,0.01275858793268493,America_Sur
PHL,Filipinas,2006,4578.70630900797,14.597423602368464,10.519890000000002,56.78413,0.1852610931962857,Asia
POL,Polonia,2006,15204.8809890545,104.56375446446484,2.2488,161.742,0.013903624290536782,Europa
PRT,Portugal,2006,24677.2834629922,92.58482629410258,4.719,49.041,0.09622560714504191,Europa
QAT,Qatar,2006,130705.221046835,907.9821129545584,0.0,15.325,0.0,Asia
ROU,Rumania,2006,11554.1030525663,74.5277437185279,0.005,62.696,7.974990430011485e-05,Europa
RUS,Federación de Rusia,2006,14912.234375,189.0499426027632,0.5109,992.1,0.0005149682491684307,Europa
SAU,Arabia Saudita,2006,54638.7588928274,318.77375749278946,0.0,196.3114419188385,0.0,Asia
SGP,Singapur,2006,64060.5686046112,489.1000721000784,0.4737648,39.4804,0.011999999999999999,Asia
SVK,República Eslovaca,2006,18905.7195772335,146.1348566209464,0.404314,31.418,0.012868864981857535,Europa
SVN,Eslovenia,2006,25571.066947369,145.30609355944608,0.099,15.115,0.006549784981806153,Europa
SWE,Suecia,2006,37671.4935238976,216.0366119734496,9.34943,143.3,0.0652437543614794,Europa
THA,Tailandia,2006,10912.4427926958,55.59188062784677,2.0244668949999998,136.76671,0.014802336730919389,Asia
TKM,Turkmenistán,2006,6162.86625938699,126.7694268196536,0.0,13.65,0.0,Asia
TTO,Trinidad y Tobago,2006,27393.3505462883,574.7918617174782,0.02909,7.17109,0.004056566017160571,America_Norte
TUR,Turquía,2006,13558.2183381713,52.618846297833294,0.27835,176.2998,0.0015788446725407514,Asia
UKR,Ucrania,2006,7971.1962890625,123.93554791276227,0.035,193.381,0.00018098985939673495,Europa
USA,Estados Unidos,2006,46301.9876485519,319.0300545916385,100.76441679680872,4330.951640738776,0.023266114506792383,America_Norte
UZB,Uzbekistán,2006,4406.27075917245,68.3914053861202,0.0,49.374,0.0,Asia
VEN,Venezuela,2006,18441.1209978979,103.63450460461058,0.0,110.64354,0.0,America_Sur
VNM,Viet Nam,2006,4237.40088097171,13.258693902781708,0.065,57.917,0.0011222956990175597,Asia
ZAF,Sudáfrica,2006,11250.1795559368,100.5090586189922,0.4361,253.798,0.0017182956524480098,Africa
ARE,Emiratos Árabes Unidos,2007,100813.140247761,523.7851764029447,0.0,78.761,0.0,Asia
ARG,Argentina,2007,16455.1129794785,73.23203783587549,1.1325533659084188,113.52504192,0.009976242657602524,America_Sur
AUS,Australia,2007,36708.1660067256,253.61342001938968,7.240849999999999,243.1848,0.029775092851197935,Oceania
AUT,Austria,2007,39192.372452379,150.96663742022162,6.140548663990792,64.75748856800027,0.09482376169580373,Europa
AZE,Azerbaiyán,2007,11973.9596318522,59.84182050294553,0.0,21.847,0.0,Asia
BEL,Bélgica,2007,36798.1918857259,262.0415840132734,3.097,88.10290000000033,0.035152077854417825,Europa
BGD,Bangladesh,2007,2388.10025150358,5.117150978208915,0.066277,31.071277,0.002133063278989145,Asia
BGR,Bulgaria,2007,12821.8132298505,110.09554193138806,0.046862,43.296861,0.0010823417429730068,Europa
BLR,Belarús,2007,12320.0240259124,110.92296072030284,0.015,31.829,0.0004712683401929058,Europa
BRA,Brasil,2007,12672.5051154867,40.6059689782405,18.72622591999538,445.14892568056297,0.04206732812252869,America_Sur
CAN,Canadá,2007,39572.9304428478,355.6662688781337,12.024356682615627,634.1848104611481,0.01896033535377819,America_Norte
CHE,Suiza,2007,51786.0095983917,142.64660452887586,1.224,67.7299303561935,0.01807177408219603,Europa
CHL,Chile,2007,16697.5160217416,70.83186669223333,2.7072000000000003,58.3059717331907,0.04643092155959945,America_Sur
CHN,China,2007,6935.38510367109,65.6330238277192,15.45629292929293,3281.5530000000003,0.004710054333814791,Asia
COL,Colombia,2007,9909.29031362274,25.915474188656606,0.5570273758671577,60.520302011991134,0.009203975481761337,America_Sur
CYP,Chipre,2007,32887.8046875,117.5947004028716,0.003489,4.871,0.0007162800246355984,Asia
CZE,República Checa,2007,26267.6071527112,184.46318723053705,1.322111,88.19909600000001,0.014990074274684174,Europa
DEU,Alemania,2007,36914.0023792935,169.03241954205913,68.82832374965737,641.4119859107414,0.10730751102495845,Europa
DNK,Dinamarca,2007,39110.0956365756,152.5344259000106,10.27875824847914,39.315469444444446,0.2614431009911698,Europa
DZA,Argelia,2007,13320.9641203453,42.036874675424166,0.0,37.31,0.0,Africa
ECU,Ecuador,2007,8112.44824439693,29.592464670656696,0.219733048,17.336655151753998,0.012674477635772145,America_Sur
EGY,"Egipto, República Árabe de",2007,7640.57228561817,32.35285352922596,0.6636363636363636,119.86698044965787,0.005536440153467282,Africa
ESP,España,2007,32536.1882684038,137.96199002434986,30.974,305.052,0.10153678717071188,Europa
EST,Estonia,2007,22200.5486407425,194.5087429022248,0.127,12.188,0.010420085329832622,Europa
FIN,Finlandia,2007,37842.9164695203,253.14029178106844,10.147096,81.246346,0.12489295210888622,Europa
FRA,Francia,2007,34066.2393228249,178.85246123910488,8.304,569.768,0.014574353070021482,Europa
GBR,Reino Unido,2007,35685.103775701,152.32374255950788,14.61231866541498,396.82994977026857,0.036822620555414964,Europa
GRC,Grecia,2007,28895.874926558,134.0366307993204,2.00342,63.496842,0.0315514903875062,Europa
HKG,"Hong Kong, Región Administrativa Especial",2007,45257.6224892532,156.99213993315055,0.000865,38.94777777777777,2.2209226029155852e-05,Asia
HRV,Croacia,2007,19567.4938073523,83.24503288197396,0.0419,12.7077,0.003297213500476089,Europa
HUN,Hungría,2007,19089.2936988152,107.97032534113598,1.673,39.96,0.041866866866866866,Europa
IDN,Indonesia,2007,7096.38768887022,23.951327534525166,7.03902,142.44102,0.049417085050359785,Asia
IND,India,2007,3407.23838129709,15.201706321031292,19.1448,796.2651750000002,0.024043246648329176,Asia
IRL,Irlanda,2007,46782.3762067243,156.90021172582894,2.167993,28.73939,0.07543629144529512,Europa
IRN,"Irán, República Islámica del",2007,17383.7156556883,107.17154817914924,0.141,203.131,0.0006941333425228055,Asia
IRQ,Iraq,2007,10783.1236401709,37.2552036812679,0.0,32.347414,0.0,Asia
ISL,Islandia,2007,42060.4907821683,663.3183163512294,3.5806526811578947,11.975738967000002,0.29899221175617113,Europa
ISR,Israel,2007,28271.8371919113,131.8714446411075,0.01,55.1071,0.00018146482032260815,Asia
ITA,Italia,2007,34107.5078152619,129.46746093806294,14.9,313.887349,0.04746925942529784,Europa
JPN,Japón,2007,35358.7667498195,175.49645809893212,27.2504675,1180.109,0.023091483498558184,Asia
KAZ,Kazajstán,2007,16581.2240524234,130.19653639740872,0.0,76.6209469,0.0,Asia
KOR,"Corea, República de",2007,30255.391009159,209.5616834424259,0.83082424427,425.407289,0.0019530089534267477,Asia
KWT,Kuwait,2007,91434.904380703,458.8852891313069,0.0,48.753,0.0,Asia
LKA,Sri Lanka,2007,6820.39309993594,10.574484658725208,0.00938220656,9.90056,0.0009476440282165857,Asia
LTU,Lituania,2007,17968.6445835063,112.7853608740712,0.1601,14.007,0.01142999928607125,Europa
LUX,Luxemburgo,2007,85126.1393867018,372.8892119356904,0.1478539999999999,4.001358000000001,0.0369509551507263,Europa
LVA,Letonia,2007,16245.5340994603,70.46469399906337,0.095,4.771,0.019911968140850975,Europa
MAR,Marruecos,2007,6057.935546875,18.593055872706184,0.2790010101010101,20.313,0.01373509624875745,Africa
MEX,México,2007,15031.5804096687,65.44853543744776,8.506912840999997,263.249536043933,0.03231501551281101,America_Norte
MKD,Macedonia del Norte,2007,9638.62891678174,53.65863953713258,0.0,6.498,0.0,Europa
MYS,Malasia,2007,18616.8070759823,118.54350300783032,0.7597729999999999,108.539,0.006999999999999999,Asia
NLD,Países Bajos,2007,44203.4002135804,248.6844079844306,7.498994000000001,105.164161,0.07130750560545052,Europa
NOR,Noruega,2007,56900.679675035,239.0341859502452,1.2851,137.16400000000002,0.00936907643404975,Europa
NZL,Nueva Zelandia,2007,29331.2143367859,179.13081892231943,5.19165719610157,43.89349657224825,0.11827850596400208,Oceania
OMN,Omán,2007,48626.9220399497,240.99400651880055,0.0,14.443,0.0,Asia
PAK,Pakistán,2007,3672.18527443486,12.876430193017235,0.000202,99.3809963798631,2.0325817546434853e-06,Asia
PER,Perú,2007,7982.05008343802,18.231353931620863,0.4181999999999999,29.943,0.013966536419196469,America_Sur
PHL,Filipinas,2007,4923.19718551963,14.84153517001248,10.273839,59.611788,0.17234576154635725,Asia
POL,Polonia,2007,16833.2346946924,104.0577659789244,3.0775,159.348,0.01931307578381906,Europa
PRT,Portugal,2007,25738.0214895961,93.15149499774616,6.144,47.253,0.13002349057202717,Europa
QAT,Qatar,2007,127493.114865589,833.609629651394,0.0,19.462,0.0,Asia
ROU,Rumania,2007,13702.7269257817,73.26706152486575,0.038,61.673,0.0006161529356444472,Europa
RUS,Federación de Rusia,2007,16648.2421875,190.40798015704732,0.4911,1018.7000000000002,0.0004820850103072542,Europa
SAU,Arabia Saudita,2007,55029.8712115157,312.88035713297427,0.0,204.4337426951941,0.0,Asia
SGP,Singapur,2007,68804.9832124455,507.83359889587297,0.4936091999999999,41.1341,0.011999999999999999,Asia
SVK,República Eslovaca,2007,21232.2703380662,136.69312634332073,0.482,28.056,0.01717992586256059,Europa
SVN,Eslovenia,2007,27468.038850682,145.12944206443498,0.104,15.043,0.006913514591504354,Europa
SWE,Suecia,2007,40812.608451608,215.0770701455518,11.270537,148.742,0.0757723911201947,Europa
THA,Tailandia,2007,11723.0995583744,57.06430108563426,2.4567868539999997,142.53754,0.01723606885596594,Asia
TKM,Turkmenistán,2007,6899.91598114132,120.76413353353496,0.0,14.88,0.0,Asia
TTO,Trinidad y Tobago,2007,29354.5290095962,583.6639664228322,0.022285,7.676285,0.0029030970059084568,America_Norte
TUR,Turquía,2007,14951.6862376319,56.41429761315462,0.606042,191.55812940900003,0.00316374983337839,Asia
UKR,Ucrania,2007,8900.4443359375,124.57321893976416,0.326,196.251,0.0016611380324176692,Europa
USA,Estados Unidos,2007,48050.227412195,321.1768228988762,109.76286708554584,4431.837021165222,0.02476690062413146,America_Norte
UZB,Uzbekistán,2007,4885.3859152798,71.26866780739938,0.0,49.0329,0.0,Asia
VEN,Venezuela,2007,20292.172795134,107.27426354324996,0.0,113.69732,0.0,America_Sur
VNM,Viet Nam,2007,4580.79431119247,14.174542896924722,0.079,64.147,0.001231546292110309,Asia
ZAF,Sudáfrica,2007,12046.6051067457,102.4445317782992,0.4626,263.479,0.001755737648920787,Africa
ARE,Emiratos Árabes Unidos,2008,94628.1996900371,536.002228239995,0.0,80.46300000000001,0.0,Asia
ARG,Argentina,2008,17276.757088071,73.45268078839284,1.248074829126637,121.90524828,0.010238072984847843,America_Sur
AUS,Australia,2008,37616.0112400482,253.23166529751637,7.29375,245.37090000000003,0.029725407536101464,Oceania
AUT,Austria,2008,41046.7900352112,151.73877630536757,6.219363639474432,66.72518634566,0.09320863649980585,Europa
AZE,Azerbaiyán,2008,13216.8434969769,59.226867265654725,0.0,21.642,0.0,Asia
BEL,Bélgica,2008,37883.3319417819,264.11479978630774,4.008,84.39960000000032,0.04748837672216438,Europa
BGD,Bangladesh,2008,2554.85788229705,5.327226615571737,0.073444,34.291444000000006,0.0021417587430847176,Asia
BGR,Bulgaria,2008,14346.9225493653,109.97773942096195,0.137457,45.036219,0.0030521434314901078,Europa
BLR,Belarús,2008,13886.1314067667,112.78107504157434,0.034,35.054,0.0009699321047526673,Europa
BRA,Brasil,2008,13445.2454693961,42.86613306997215,20.969257301833977,463.1715771906199,0.04527319536536242,America_Sur
CAN,Canadá,2008,40376.1857492114,345.7388375148381,11.802480457203616,635.1004482231485,0.018583643721593948,America_Norte
CHE,Suiza,2008,54514.1506081639,144.24505641024507,1.285,68.74175225943647,0.01869315165476601,Europa
CHL,Chile,2008,16375.9648536011,69.42443875373304,3.626344456000003,59.71478161000001,0.06072775212817198,America_Sur
CHN,China,2008,7712.87538816599,67.11105869990841,28.118,3495.76,0.00804345836098588,Asia
COL,Colombia,2008,10307.0649875218,26.71657980307833,0.5632674913525526,61.37364043252378,0.00917767770304953,America_Sur
CYP,Chipre,2008,34830.296875,117.635594395986,0.015356,5.079,0.0030234298090175233,Asia
CZE,República Checa,2008,27937.841568102,180.48652869862664,1.7066770000000002,83.645492,0.02040369372207172,Europa
DEU,Alemania,2008,38437.6006682053,171.41361993954678,74.66347723918365,641.6112476810545,0.11636871627334522,Europa
DNK,Dinamarca,2008,41467.3861879777,145.9341205380861,10.070993491504373,36.616147222222224,0.2750424131294818,Europa
DZA,Argelia,2008,13666.2181955713,43.74192374294241,0.0,40.237,0.0,Africa
ECU,Ecuador,2008,8662.60736251513,30.50846382176656,0.21103361,18.608525816211,0.011340694694695053,America_Sur
EGY,"Egipto, República Árabe de",2008,8190.70913136542,33.65966360177119,0.9313131313131312,128.79240990550667,0.007231118138067481,Africa
ESP,España,2008,33349.942580613,131.34371067427386,38.779,313.758,0.12359525494170669,Europa
EST,Estonia,2008,22803.5194742273,179.86709472067025,0.171,10.579,0.01616409868607619,Europa
FIN,Finlandia,2008,40081.2212482066,236.69631601693064,10.669102,77.43334,0.13778434457302244,Europa
FRA,Francia,2008,35053.2627069116,178.0616311570328,10.172,573.807112,0.01772721143965187,Europa
GBR,Reino Unido,2008,36943.4797790457,148.1496284331958,16.763525685723955,388.9180979407209,0.04310297148547472,Europa
GRC,Grecia,2008,30440.9709059081,130.48519008851738,2.438592,63.74988,0.03825249553410924,Europa
HKG,"Hong Kong, Región Administrativa Especial",2008,46830.2181612133,145.03800403144197,0.000807,37.99027777777778,2.124227689832925e-05,Asia
HRV,Croacia,2008,21018.1356310998,81.20653027327121,0.061,12.8905,0.00473216709980218,Europa
HUN,Hungría,2008,20708.7615120316,107.2744171813737,2.144,40.025,0.05356652092442224,Europa
IDN,Indonesia,2008,7569.25304664569,24.050137230167756,8.336964999999998,149.43653999999998,0.05578933371985191,Asia
IND,India,2008,3528.94302493162,15.931222477801176,23.7432,828.4135525,0.028661047285317078,Asia
IRL,Irlanda,2008,44169.0943411644,154.27419066100595,2.66703,30.287014,0.0880585322805345,Europa
IRN,"Irán, República Islámica del",2008,17548.6737755157,110.10349590441604,0.196,210.48,0.0009312048650703155,Asia
IRQ,Iraq,2008,11657.3168698349,42.32018340713866,0.0,35.305087,0.0,Asia
ISL,Islandia,2008,44147.376523814,759.8967938043318,4.037937016578947,16.467751844000002,0.24520268794614872,Europa
ISR,Israel,2008,28048.3958144663,133.36473614277662,0.016,55.8315,0.0002865765741561663,Asia
ITA,Italia,2008,35422.3424391113,125.72387959285918,16.54,319.130538,0.051828321111657444,Europa
JPN,Japón,2008,35643.4609228963,171.8588758407463,26.831971256849314,1183.72,0.022667498442916663,Asia
KAZ,Kazajstán,2008,17278.472167505,136.30071501282302,0.0,80.3477922,0.0,Asia
KOR,"Corea, República de",2008,31211.0593469455,212.9712335144099,1.373424825441,442.610958,0.0031030068293993753,Asia
KWT,Kuwait,2008,90337.3567890878,468.85883245213455,0.0,51.749,0.0,Asia
LKA,Sri Lanka,2008,7316.58626483833,9.783864818087292,0.01533687856,10.00328,0.0015331849713294038,Asia
LTU,Lituania,2008,19410.0077598903,112.72540506740704,0.2001,14.01,0.014282655246252676,Europa
LUX,Luxemburgo,2008,90970.7211980147,363.4264308375663,0.150268,3.557091,0.04224463191973442,Europa
LVA,Letonia,2008,17443.3912910988,69.95870858823562,0.103,5.274,0.019529768676526355,Europa
MAR,Marruecos,2008,6437.0634765625,20.26653207195673,0.2983010101010101,20.990600000000004,0.014211171195726185,Africa
MEX,México,2008,15680.5761933269,65.97314016686127,8.170158096,269.29974799321764,0.03033852856113986,America_Norte
MKD,Macedonia del Norte,2008,10924.3851814621,52.63235020486723,0.0,6.311,0.0,Europa
MYS,Malasia,2008,19479.8799583693,119.91650954320824,0.7967609999999999,113.823,0.007,Asia
NLD,Países Bajos,2008,46714.3454301392,244.76182369329263,9.380115,108.202778,0.08669014948950757,Europa
NOR,Noruega,2008,63026.4046916161,235.5510239997496,1.3174,142.108,0.009270414051284937,Europa
NZL,Nueva Zelandia,2008,29895.6451662949,184.23732356536365,5.9549155646105465,43.92571616664815,0.13556786512070543,Oceania
OMN,Omán,2008,52841.18895045,275.5041479650501,0.0,16.048000000000002,0.0,Asia
PAK,Pakistán,2008,3721.33293548494,12.72396587942194,0.001642,93.1883585365183,1.7620226665507145e-05,Asia
PER,Perú,2008,8820.13901025735,20.06496424991596,0.4612,32.4631,0.014206899525923281,America_Sur
PHL,Filipinas,2008,5144.3357817008,15.065508770350467,10.78547,60.820985,0.17733139310387688,Asia
POL,Polonia,2008,18372.37645483,105.9679762259146,4.454,155.3054,0.028678977034926022,Europa
PRT,Portugal,2008,26665.8372952939,89.8991189464654,7.842,45.969,0.17059322586960776,Europa
QAT,Qatar,2008,129506.173525419,727.9966051379611,0.0,21.616,0.0,Asia
ROU,Rumania,2008,16782.1218359924,73.42197948115155,0.029,64.956,0.0004464560625654289,Europa
RUS,Federación de Rusia,2008,20163.609375,192.1054925971712,0.4941,1040.0,0.00047509615384615385,Europa
SAU,Arabia Saudita,2008,57236.0519548093,329.0324029615404,0.000609,204.200609,2.98236133076371e-06,Asia
SGP,Singapur,2008,67735.3480828121,517.159850249799,0.5211794625000001,41.670597,0.012507127327693436,Asia
SVK,República Eslovaca,2008,23714.1353570991,141.22063441130618,0.524,28.962,0.01809267315793108,Europa
SVN,Eslovenia,2008,29460.9414243515,157.19882965133448,0.292,16.398,0.017807049640200023,Europa
SWE,Suecia,2008,41906.5013377768,210.114244498274,12.341753999999998,149.65,0.08247079184764448,Europa
THA,Tailandia,2008,12062.1598747558,56.72893532488921,2.177745232999999,145.43735999999998,0.014973767627520188,Asia
TKM,Turkmenistán,2008,7914.2843912559,97.64338461026124,0.0,15.0,0.0,Asia
TTO,Trinidad y Tobago,2008,30807.2848509051,572.1163449563435,0.023534,7.731534,0.003043897886240945,America_Norte
TUR,Turquía,2008,16141.6888074925,56.14586555418171,1.151195,198.42,0.005801809293418002,Asia
UKR,Ucrania,2008,9323.72265625,120.80269409873982,0.309,192.586,0.0016044779994392115,Europa
USA,Estados Unidos,2008,48570.0594269601,309.73768159299215,131.10685948023348,4390.106116983962,0.02986416637470826,America_Norte
UZB,Uzbekistán,2008,5346.43179238495,66.48706042913629,0.0,50.1784,0.0,Asia
VEN,Venezuela,2008,21448.2900980433,108.22133894747172,0.0,119.31733,0.0,America_Sur
VNM,Viet Nam,2008,4844.06704734456,17.336720612399045,0.0567,70.96000000000001,0.000799041713641488,Asia
ZAF,Sudáfrica,2008,12525.2630295392,103.3789152212171,0.4988,258.291,0.001931155169943978,Africa
ARE,Emiratos Árabes Unidos,2009,84780.2609702593,496.7945606315019,0.006354,85.69800000000001,7.414408737660155e-05,Asia
ARG,Argentina,2009,16182.0753479301,69.85046775261719,1.2258433761463772,122.32601491554225,0.010021117560256813,America_Sur
AUS,Australia,2009,40434.4890899118,244.25674679738268,7.514792030082167,249.90195000000003,0.030070961951606086,Oceania
AUT,Austria,2009,40686.6736355681,143.3010253882053,6.2977069053316646,69.08750913780004,0.0911555067468192,Europa
AZE,Azerbaiyán,2009,14245.503536762,50.152286175176336,0.0021,18.869,0.00011129365626159309,Asia
BEL,Bélgica,2009,37905.658312629,242.35370529068987,5.111000000000001,91.18330000000032,0.05605193056184612,Europa
BGD,Bangladesh,2009,2675.2594592947,5.834916239126449,0.057364,37.234364,0.0015406198424659542,Asia
BGR,Bulgaria,2009,14188.1172172749,96.5713073198392,0.247678,42.96339,0.0057648616647801776,Europa
BLR,Belarús,2009,14034.1911205907,106.9409307864271,0.061,30.405,0.002006248972208518,Europa
BRA,Brasil,2009,13390.6831316005,41.66780485637883,24.11387212624153,466.1581230211982,0.05172895405095187,America_Sur
CAN,Canadá,2009,38863.3227540035,327.5293094226199,15.692708357256778,613.8776750517055,0.025563249805321583,America_Norte
CHE,Suiza,2009,53874.2782377773,139.69607554801777,1.306,68.26479532163744,0.019131383809863206,Europa
CHL,Chile,2009,15951.3304877878,65.30101043017109,3.470696035600001,59.70077909,0.058134853321894914,America_Sur
CHN,China,2009,8448.27749022094,69.79331492627787,48.7533178332,3714.651,0.013124602508607135,Asia
COL,Colombia,2009,10367.3489558559,26.859337334159587,1.060995117674014,63.183012130050784,0.016792411154601932,America_Sur
CYP,Chipre,2009,33901.37890625,113.43998029049128,0.031356,5.215,0.0060126558005752645,Asia
CZE,República Checa,2009,27713.2434564605,171.6305465156213,2.225338,82.185712,0.027076944956077036,Europa
DEU,Alemania,2009,37560.4365631565,161.0401938058276,77.94132117562904,596.7338456703012,0.13061320677743501,Europa
DNK,Dinamarca,2009,40524.3123510224,135.89625501024778,10.044507591993398,36.384475,0.276065755847608,Europa
DZA,Argelia,2009,13651.4472996412,45.46819415761058,0.0,43.112,0.0,Africa
ECU,Ecuador,2009,8662.10672699674,32.29855439355841,0.219732092266,18.264615252906,0.012030480205765047,America_Sur
EGY,"Egipto, República Árabe de",2009,8465.02052429651,34.358493373150395,1.0393939393939395,134.2672326490714,0.007741233053566835,Africa
ESP,España,2009,32218.2880170155,119.18877121950976,47.36264693900095,296.30188802842883,0.15984591679164975,Europa
EST,Estonia,2009,20488.94990724,155.1808413712223,0.5091,8.777000000000001,0.058003873760966156,Europa
FIN,Finlandia,2009,37988.4498659536,222.84974495727857,9.014923,72.070997,0.12508392245496477,Europa
FRA,Francia,2009,34685.0059249958,167.43604990252462,12.664,535.925197,0.023630163446112424,Europa
GBR,Reino Unido,2009,35281.4337962093,138.9604211360087,20.015919389022343,376.7538024015136,0.05312731885235494,Europa
GRC,Grecia,2009,29963.3968875108,123.86057243770524,2.810572,61.340348,0.045819303144481675,Europa
HKG,"Hong Kong, Región Administrativa Especial",2009,45861.4865037319,157.39091517280684,0.001099,38.76777777777777,2.8348284657934713e-05,Asia
HRV,Croacia,2009,20358.153970121,77.759704513911,0.07426,13.449661,0.00552132875319311,Europa
HUN,Hungría,2009,20691.4485224486,100.26940160409534,2.667,35.908,0.07427314247521442,Europa
IDN,Indonesia,2009,7868.1481834145,24.49476290998665,9.330315,156.79722,0.059505614959244814,Asia
IND,India,2009,3774.87966856294,16.957217056237415,26.903121725372596,878.6223717253727,0.030619663909242676,Asia
IRL,Irlanda,2009,41491.4739085241,136.30727472557749,3.264921,28.371284,0.11507836585753399,Europa
IRN,"Irán, República Islámica del",2009,17614.6718697825,111.44172412031018,0.2282,221.807,0.001028822354569513,Asia
IRQ,Iraq,2009,11687.0142084441,40.05111263073923,0.0,41.293343,0.0,Asia
ISL,Islandia,2009,42069.8628429175,806.1845804928879,4.55308681,16.835361662,0.27044781700633236,Europa
ISR,Israel,2009,28048.5996626557,127.3159049286236,0.075,55.3072,0.001356062140191512,Asia
ITA,Italia,2009,34501.7122743906,114.67206375328996,20.1187,292.639678,0.06874905049615315,Europa
JPN,Japón,2009,33843.1998246408,157.82126127218,26.798565805849314,1114.003,0.024056098417912085,Asia
KAZ,Kazajstán,2009,17389.0145840061,120.5802716257387,0.0,78.72913190000001,0.0,Asia
KOR,"Corea, República de",2009,30739.9572294348,213.347773921978,1.7906085074509446,452.447461,0.003957605383602638,Asia
KWT,Kuwait,2009,80110.0698080015,450.9058948881388,0.0,53.218,0.0,Asia
LKA,Sri Lanka,2009,7575.57988731185,9.96622477659435,0.03329925136,9.98688,0.0033342997372552787,Asia
LTU,Lituania,2009,17054.6365568486,105.57901340604558,0.2597,15.3576,0.016910194301192893,Europa
LUX,Luxemburgo,2009,86918.5909104052,341.36832042432354,0.161973,3.878379,0.0417630664769998,Europa
LVA,Letonia,2009,15545.0821339945,67.21288077373211,0.096,5.569,0.017238283354282638,Europa
MAR,Marruecos,2009,6628.57666015625,19.16103832423189,0.3912010101010101,21.6553,0.018064908364280804,Africa
MEX,México,2009,15190.8744507263,64.6841131177908,8.170422040777776,267.75358299198064,0.030514706654821814,America_Norte
MKD,Macedonia del Norte,2009,11532.1464012219,50.424809220007006,0.0,6.828,0.0,Europa
MYS,Malasia,2009,18922.6459510316,113.98122504229808,1.393368,116.114,0.011999999999999999,Asia
NLD,Países Bajos,2009,44959.169463743,238.06920127909095,10.738777,113.502778,0.09461245961750822,Europa
NOR,Noruega,2009,56750.3203338648,218.7667311710802,1.2117,131.773,0.009195358685011345,Europa
NZL,Nueva Zelandia,2009,30746.1551656083,182.91049442728692,7.062621996496114,43.5462072341957,0.16218684576851097,Oceania
OMN,Omán,2009,55127.4677727301,267.4154091879436,0.0,18.4453,0.0,Asia
PAK,Pakistán,2009,3777.09098632843,12.866429278980874,0.009605,98.8277565747034,9.718929512216166e-05,Asia
PER,Perú,2009,8916.59577544311,20.26707893754872,0.4612,32.9447,0.013999216869481284,America_Sur
PHL,Filipinas,2009,5157.27825093616,14.8489600878542,10.403237,61.934432,0.16797178344995561,Asia
POL,Polonia,2009,19300.1669900632,102.13534571442548,6.3033,151.72,0.041545610334827315,Europa
PRT,Portugal,2009,26471.9079607159,88.67701223930833,10.008,50.207,0.19933475411795165,Europa
QAT,Qatar,2009,129386.666100651,654.5218030518877,0.0,24.158,0.0,Asia
ROU,Rumania,2009,16640.8096121507,64.47671800363405,0.020010101010101,58.016,0.0003449065949065947,Europa
RUS,Federación de Rusia,2009,19389.94140625,181.9305939388434,0.5012,993.1,0.0005046823079246802,Europa
SAU,Arabia Saudita,2009,54787.3552120273,327.79779804999146,0.000609,217.306609,2.8024918469000633e-06,Asia
SGP,Singapur,2009,66212.9625568167,537.5578031895167,0.5286781100000001,41.80183050885524,0.012647247825379458,Asia
SVK,República Eslovaca,2009,23077.3712084636,126.58964701105036,0.543,26.155,0.020760848786082968,Europa
SVN,Eslovenia,2009,27228.6387025436,141.35993996237357,0.197,16.403,0.01200999817106627,Europa
SWE,Suecia,2009,40093.8358794687,185.4070241402208,13.957821,136.681,0.10211968744741404,Europa
THA,Tailandia,2009,11964.0529468916,57.91989665479748,2.296292026,145.90669999999997,0.015738084858337557,Asia
TKM,Turkmenistán,2009,8283.69641252629,154.46190844802766,0.0,16.0,0.0,Asia
TTO,Trinidad y Tobago,2009,29601.6194469547,565.122103127763,0.022939,7.842939,0.0029247964315417983,America_Norte
TUR,Turquía,2009,15551.64150166,56.075145450334254,2.182759,194.812934,0.011204384407043527,Asia
UKR,Ucrania,2009,7994.61572265625,103.32139078969996,0.182,173.619,0.001048272366503666,Europa
USA,Estados Unidos,2009,47194.9500893872,290.8441929193464,149.86827801253258,4206.493360590433,0.035627841331359364,America_Norte
UZB,Uzbekistán,2009,5720.01501794187,65.6195943423169,0.0,50.0631,0.0,Asia
VEN,Venezuela,2009,20633.6838183279,108.47447273910188,0.0,124.84439,0.0,America_Sur
VNM,Viet Nam,2009,5060.73212272276,17.236924347777702,0.0736,80.643,0.0009126644594075121,Asia
ZAF,Sudáfrica,2009,12261.4115912534,96.65814124143124,0.5024000000000001,249.557,0.0020131673325132137,Africa
ARE,Emiratos Árabes Unidos,2010,85120.1372214041,504.56459343969175,0.018424,93.949,0.00019610639815218896,Asia
ARG,Argentina,2010,17847.6110367346,71.96840598119668,1.4028006495720933,125.99205328189998,0.01113404070361015,America_Sur
AUS,Australia,2010,39504.361082784,239.5686204478542,8.404198279820896,250.96169999999995,0.03348797159017052,Oceania
AUT,Austria,2010,41735.4574798744,150.15283120732406,6.652852606388974,71.14679860536444,0.09350881187628521,Europa
AZE,Azerbaiyán,2010,14930.4099923544,48.1421992363054,0.0005,18.7095,2.672439135198696e-05,Asia
BEL,Bélgica,2010,39839.9772772918,255.8535607986495,6.342600000000019,94.60930000000036,0.06703992102256326,Europa
BGD,Bangladesh,2010,2833.69544359604,5.9058356982206766,0.0706239999999999,40.860624,0.001728412175007408,Asia
BGR,Bulgaria,2010,14954.2908464673,100.1404095996968,0.731473,46.652557,0.015679162023209146,Europa
BLR,Belarús,2010,15339.099903096,116.11105931217077,0.085,34.89,0.0024362281456004587,Europa
BRA,Brasil,2010,14451.7158384913,45.88613848012709,34.118933451935845,515.7986875907544,0.06614777096720054,America_Sur
CAN,Canadá,2010,40103.2558649524,331.8460263568851,19.27730536948432,607.0118484563803,0.03175770854968671,America_Norte
CHE,Suiza,2010,55445.6775606878,140.1851715390728,1.403,68.00486177565125,0.020630877901472864,Europa
CHL,Chile,2010,17917.8951217097,67.9252226385864,3.737803238000003,61.332643,0.06094313003925174,America_Sur
CHN,China,2010,9411.07660848621,73.79911112746488,67.9652692,4207.16,0.016154667091339524,Asia
COL,Colombia,2010,10841.1279797769,28.32736664439009,1.1485522393494332,64.66284077533707,0.0177621679712454,America_Sur
CYP,Chipre,2010,33502.24609375,108.47733274061196,0.073,5.322,0.013716647876738068,Asia
CZE,República Checa,2010,28153.8518610007,179.01361654858084,3.1136820000000003,85.903,0.03624648731709021,Europa
DEU,Alemania,2010,39713.9503169931,167.8911935994312,85.4936000106835,633.8354413898104,0.13488295924762705,Europa
DNK,Dinamarca,2010,43037.5989192487,142.52265026536818,12.409513888888888,38.86278888888889,0.3193160924288901,Europa
DZA,Argelia,2010,14201.3659902328,43.63897809221759,0.0091,45.735,0.0001989723406581393,Africa
ECU,Ecuador,2010,8968.94040809633,33.38492140448231,0.2389967245879999,19.509853832412,0.012250052032217238,America_Sur
EGY,"Egipto, República Árabe de",2010,8837.76450012969,35.06500501550827,1.4343434343434345,144.43171977842945,0.009930944785147191,Africa
ESP,España,2010,31804.6746571689,119.0964381172482,54.563429903877925,300.4309460528766,0.18161720894849034,Europa
EST,Estonia,2010,21614.3068307361,193.59015532303587,1.0191,12.962,0.07862212621509025,Europa
FIN,Finlandia,2010,38946.228265358,242.17120697121968,11.273270000000002,80.672761,0.13974072363780884,Europa
FRA,Francia,2010,35907.5531031574,171.8633229983873,15.482,569.288113,0.027195368472413547,Europa
GBR,Reino Unido,2010,36648.8219451957,140.84360048464478,22.588890063133903,382.0682499709226,0.0591226569202048,Europa
GRC,Grecia,2010,27838.73639086,116.52151774266012,3.061685,57.404917000000005,0.05333489115575239,Europa
HKG,"Hong Kong, Región Administrativa Especial",2010,49197.6650885079,162.80753253237253,0.041041,38.33266666666667,0.0010706534026678725,Asia
HRV,Croacia,2010,20139.3171606116,76.84154149752304,0.172257,14.90256,0.011558886526878604,Europa
HUN,Hungría,2010,21690.9866477738,102.53515055868246,2.825,37.371,0.07559337454175698,Europa
IDN,Indonesia,2010,8353.45684705951,25.97450419835624,9.40845,169.78624,0.05541350111764063,Asia
IND,India,2010,4085.5641012345,17.446977444791532,32.78798091321936,936.3916184132194,0.035015243909146544,Asia
IRL,Irlanda,2010,43162.9939992062,139.0843257921056,3.1762740000000003,28.399979,0.11184071650193828,Europa
IRN,"Irán, República Islámica del",2010,18627.8152016622,113.45254411136,0.1799,235.681,0.0007633199112359502,Asia
IRQ,Iraq,2010,12186.1929619859,45.98076853884544,0.0,41.702884,0.0,Asia
ISL,Islandia,2010,40260.0559748728,756.3051766304792,4.4653225690000005,17.059093363000002,0.26175614811306314,Europa
ISR,Israel,2010,29418.3260269798,129.95984993373406,0.139,58.486,0.0023766371439318816,Asia
ITA,Italia,2010,34974.1045135807,118.60197701908125,25.8476,302.0622,0.08557045535654577,Europa
JPN,Japón,2010,35658.1718529309,167.75437209158704,29.734190813,1156.023,0.025721106598225126,Asia
KAZ,Kazajstán,2010,18641.8061470981,127.63851940160347,0.0,82.6464953,0.0,Asia
KOR,"Corea, República de",2010,33120.351934563,228.90389745661705,2.008130387742,495.0283630419549,0.004056596626912478,Asia
KWT,Kuwait,2010,75184.0865900211,495.45514594535103,0.0,57.083,0.0,Asia
LKA,Sri Lanka,2010,8233.62663784454,10.255810360133577,0.0928669233599999,10.80074,0.008598200064069675,Asia
LTU,Lituania,2010,18718.9043711358,75.32765561885398,0.371,5.748600000000001,0.06453745259715409,Europa
LUX,Luxemburgo,2010,90336.0184704033,353.1506237201978,0.160371,4.591276,0.0349295054359616,Europa
LVA,Letonia,2010,16373.4037320495,75.12222927108158,0.115,6.627,0.017353251848498567,Europa
MAR,Marruecos,2010,6848.66748046875,20.804647545552196,0.65890101010101,23.6834,0.02782121697480134,Africa
MEX,México,2010,15909.1464952239,65.21599179694587,9.966739026227224,292.15899999999993,0.034114092073929694,America_Norte
MKD,Macedonia del Norte,2010,11992.2104751893,51.91100257641829,2.6e-05,7.26,3.581267217630854e-06,Europa
MYS,Malasia,2010,20193.4092938834,115.76413821619828,1.2629545,125.045,0.0101,Asia
NLD,Países Bajos,2010,45301.269581608,249.7670132731321,11.110556,118.138889,0.09404655904627646,Europa
NOR,Noruega,2010,59439.3769599791,216.41156834301069,1.2361,123.663,0.009995714158640822,Europa
NZL,Nueva Zelandia,2010,31305.3299504124,191.3700391281998,8.249749247954966,44.99372329406035,0.18335333562057135,Oceania
OMN,Omán,2010,55667.4687760453,309.5249030406742,0.0,19.8187,0.0,Asia
PAK,Pakistán,2010,3785.70113518223,12.602024662132672,0.013329,99.38471900684016,0.00013411518524374588,Asia
PER,Perú,2010,9713.35863277619,23.463381519683253,0.6742,35.908,0.018775760276261558,America_Sur
PHL,Filipinas,2010,5489.23543439664,14.943930696619798,10.019393,67.742759,0.14790352722421596,Asia
POL,Polonia,2010,20990.9122325468,108.49423428691766,7.968499999999999,157.65800000000002,0.05054294739245708,Europa
PRT,Portugal,2010,27292.0819531528,88.40158844886211,12.208,54.093,0.22568539367385798,Europa
QAT,Qatar,2010,152120.89487266,706.4149183056669,0.0,28.144,0.0,Asia
ROU,Rumania,2010,17354.7164981302,64.28166647856239,0.419020202020202,60.979,0.0068715492549927355,Europa
RUS,Federación de Rusia,2010,20490.126953125,189.7065835459783,0.5411,1038.0327,0.0005212745224692825,Europa
SAU,Arabia Saudita,2010,58828.7265329884,350.7537976911068,0.004089,248.77351,1.6436637486041016e-05,Asia
SGP,Singapur,2010,75400.5557959539,578.4937460691148,0.590244215,45.36916456619006,0.013009810091144172,Asia
SVK,República Eslovaca,2010,25381.7112298749,134.45742931080792,0.684942,27.858,0.02458690501830713,Europa
SVN,Eslovenia,2010,27579.428605763,141.84599361709525,0.234,16.44,0.014233576642335766,Europa
SWE,Suecia,2010,41951.2525597117,199.84763356853696,15.686761,148.255,0.10580932177666859,Europa
THA,Tailandia,2010,12932.263344023,61.3815170889368,3.42621549,157.57502111200006,0.021743392231975262,Asia
TKM,Turkmenistán,2010,8970.18417647633,163.42187762781606,0.0001595,16.7,9.550898203592815e-06,Asia
TTO,Trinidad y Tobago,2010,30778.3127360239,606.2423693314598,0.004408,8.485408,0.0005194800297168975,America_Norte
TUR,Turquía,2010,17468.1996643291,56.97751530132158,3.919974,211.21013,0.018559592761957015,Asia
UKR,Ucrania,2010,8453.2998046875,111.29111707878488,0.238,188.828,0.0012604062956764887,Europa
USA,Estados Unidos,2010,48642.6312088213,297.9298377445874,173.68321202969088,4394.250984818358,0.03952510055291489,America_Norte
UZB,Uzbekistán,2010,6131.45344264834,64.0532658728687,0.0,51.935,0.0,Asia
VEN,Venezuela,2010,20285.5889051122,102.56449574122747,0.00246,116.7162,2.107676569319426e-05,America_Sur
VNM,Viet Nam,2010,5389.21956976062,20.14987436042083,0.101596,91.722,0.0011076513813479865,Asia
ZAF,Sudáfrica,2010,12637.2912221888,98.74952662016554,0.4579000000000001,259.601,0.0017638606939110407,Africa
ARE,Emiratos Árabes Unidos,2011,89665.3752336557,510.4883057864379,0.020696,99.137,0.0002087616127177542,Asia
ARG,Argentina,2011,19104.9909405228,73.73336022770168,1.417721300930233,129.48330815,0.010949066108875385,America_Sur
AUS,Australia,2011,42152.816179831,241.6350720074556,11.0504965700988,256.30415,0.0431147781653118,Oceania
AUT,Austria,2011,44171.5618687028,142.0626085267693,6.682518697478503,65.85511369180439,0.10147304169501627,Europa
AZE,Azerbaiyán,2011,14804.5744507911,54.85221881654898,0.0,20.2938,0.0,Asia
BEL,Bélgica,2011,41244.8495035213,236.3142460760454,8.181500000000021,90.63770000000032,0.09026597100323587,Europa
BGD,Bangladesh,2011,3051.26983271811,6.325293073727847,0.1636989999999999,44.316699,0.003693844615999037,Asia
BGR,Bulgaria,2011,15747.3599553305,109.31955121246122,1.017694,50.796608,0.02003468420568555,Europa
BLR,Belarús,2011,16563.2014078209,114.23488274656911,0.099,32.203,0.0030742477408937053,Europa
BRA,Brasil,2011,15211.7920391654,47.17406963435194,35.333809719859126,531.7582282911961,0.06644713300140977,America_Sur
CAN,Canadá,2011,41667.0488390843,339.0637803928037,20.974073099415207,638.2813280492533,0.03286023290625969,America_Norte
CHE,Suiza,2011,58404.5879736888,130.82911503016135,1.623,64.82462679425838,0.025036781239807335,Europa
CHL,Chile,2011,20121.6834214209,72.27246004937821,4.652021742000005,65.22276124000001,0.07132512720340026,America_Sur
CHN,China,2011,10456.7916826113,79.39529954368093,97.028634,4713.019,0.02058736321665582,Asia
COL,Colombia,2011,11707.4614624747,28.50225696694107,1.4196596764757563,66.15454613690152,0.02145974478515633,America_Sur
CYP,Chipre,2011,33406.0,105.6148995654073,0.178,4.929,0.03611280178535199,Asia
CZE,República Checa,2011,29237.1870959847,172.63097615303428,5.282496,87.477,0.060387256078740695,Europa
DEU,Alemania,2011,43384.1299848762,160.09834029676148,107.9756958970608,614.1567646084158,0.17581129463892778,Europa
DNK,Dinamarca,2011,44443.7163844726,131.13168484153016,14.164338888888889,35.22922777777778,0.40206214505285304,Europa
DZA,Argelia,2011,14639.8779436268,45.24382616105368,0.01811875,51.224,0.00035371603154771205,Africa
ECU,Ecuador,2011,9768.69201080404,34.06006269830964,0.281603159999,20.544142533206,0.013707223825177318,America_Sur
EGY,"Egipto, República Árabe de",2011,8988.10781880653,36.191632868161975,1.7393939393939395,149.56286705767351,0.011629851537435459,Africa
ESP,España,2011,32015.5752000401,117.8892019514944,55.62753628360237,291.7586963790894,0.19066282161928816,Europa
EST,Estonia,2011,24652.3610297918,193.83745259667563,1.1512,12.892,0.08929568724790568,Europa
FIN,Finlandia,2011,40845.9566729849,225.9035313312148,11.731526000000002,73.502395,0.15960739782696878,Europa
FRA,Francia,2011,37510.3759898714,167.30913899133736,20.159909618750103,566.0948467141095,0.03561224719809419,Europa
GBR,Reino Unido,2011,37389.0527405588,131.0615079226365,29.52042573995372,367.9818210703209,0.08022251113951741,Europa
GRC,Grecia,2011,25692.5740851321,115.79471814488956,4.132353,59.43657100000001,0.06952542736693204,Europa
HKG,"Hong Kong, Región Administrativa Especial",2011,52277.4664432843,165.97329266467997,0.046868,39.07338888888889,0.0011994864364920142,Asia
HRV,Croacia,2011,21190.7772144927,71.68037978958341,0.255382,11.372169,0.0224567538523214,Europa
HUN,Hungría,2011,22992.2184657584,99.07513062710142,2.486,36.019,0.06901912879313696,Europa
IDN,Indonesia,2011,8936.99215549454,27.196147620260465,9.57835,183.41873,0.05222122080989221,Asia
IND,India,2011,4326.67118367021,18.044319452841627,40.237023115732086,1032.3320481157325,0.03897682261165373,Asia
IRL,Irlanda,2011,45457.5262213217,126.8209821296698,4.789620000000001,27.236742,0.17585142892641129,Europa
IRN,"Irán, República Islámica del",2011,19275.4376880063,116.42703171571245,0.2347,235.588,0.0009962307078459005,Asia
IRQ,Iraq,2011,12912.0299790146,47.38313335543037,0.0,42.221572,0.0,Asia
ISL,Islandia,2011,41400.4726589773,777.9268490209532,4.701470946000001,17.210413408,0.27317594496681835,Europa
ISR,Israel,2011,31272.3935111474,129.93390770275542,0.272,59.276700000000005,0.004588649503093121,Asia
ITA,Italia,2011,36392.2827759493,115.12170198639188,37.1388,302.5699,0.12274452944592308,Europa
JPN,Japón,2011,36483.298640793,158.21824912382638,31.003385,1104.183,0.02807812201419511,Asia
KAZ,Kazajstán,2011,20159.9329426413,143.47500109576097,0.000147,86.5855045,1.6977437603311532e-06,Asia
KOR,"Corea, República de",2011,33944.2511879769,238.61862631212853,2.8049889619774007,518.1678157583103,0.005413282872214772,Asia
KWT,Kuwait,2011,79036.7857441182,470.988416913581,0.0,57.489,0.0,Asia
LKA,Sri Lanka,2011,9075.54549583927,11.538328593597528,0.13196059536,11.59987,0.011376040883216794,Asia
LTU,Lituania,2011,21557.6567458052,79.63010526590045,0.6321,4.8216,0.13109756097560976,Europa
LUX,Luxemburgo,2011,94475.0302265023,337.0228342850473,0.182773,3.716293,0.049181536547306684,Europa
LVA,Letonia,2011,17680.4939630507,68.88359207745403,0.1912,6.094,0.03137512307187398,Europa
MAR,Marruecos,2011,7274.1474609375,21.876471338401085,0.6923010101010101,25.3556,0.027303672959859363,Africa
MEX,México,2011,17266.8129106549,67.10808913008131,10.100371408619848,302.0,0.03344493843913857,America_Norte
MKD,Macedonia del Norte,2011,12420.8207720552,55.16770755970851,0.001173,6.759,0.00017354638260097646,Europa
MYS,Malasia,2011,21324.3594996498,115.36313619227052,1.5375348999999998,127.069,0.012099999999999998,Asia
NLD,Países Bajos,2011,47004.1370739062,236.3428527332737,12.284074,112.965935,0.10874140067091907,Europa
NOR,Noruega,2011,63893.7750609004,216.67502930161285,1.6305,127.652,0.012773007865133332,Europa
NZL,Nueva Zelandia,2011,32733.9226283709,192.12813744013036,8.898726876891322,44.6272992834937,0.19940097249359418,Oceania
OMN,Omán,2011,52393.3135820293,304.0568702471928,0.0,21.8709,0.0,Asia
PAK,Pakistán,2011,3879.5977693449,12.38575911484692,0.0268029999999999,100.6214228828661,0.00026637468674241873,Asia
PER,Perú,2011,10462.5770434663,25.86391014143722,0.6762,38.8065,0.01742491592903251,America_Sur
PHL,Filipinas,2011,5705.43591174904,14.792610710259716,10.14702,69.17564999999999,0.14668485225653827,Asia
POL,Polonia,2011,22808.5055268899,108.51233201822473,10.806,163.548,0.06607234573336268,Europa
PRT,Portugal,2011,26803.2336904645,86.61678658598393,12.577000000000002,52.465,0.23972171924139904,Europa
QAT,Qatar,2011,174619.917706816,781.5474979128396,0.010635,30.731,0.00034606748885490223,Asia
ROU,Rumania,2011,18803.8819856631,68.24179543218239,1.586,62.216,0.025491834897775494,Europa
RUS,Federación de Rusia,2011,22789.54296875,196.53694825151095,0.5638,1054.8575,0.0005344797757043013,Europa
SAU,Arabia Saudita,2011,64125.2177225838,352.65222130405016,0.005392,259.15266,2.080626916968554e-05,Asia
SGP,Singapur,2011,80052.3914982651,588.9179262921988,0.6100797349999999,46.00433400754391,0.013261353482477487,Asia
SVK,República Eslovaca,2011,26201.6502820886,130.84751752772368,1.221,28.656,0.04260887772194305,Europa
SVN,Eslovenia,2011,28715.6339954963,140.56771346145896,0.318,16.059,0.019801980198019802,Europa
SWE,Suecia,2011,44332.3063486431,193.48818215273437,17.659708,151.163,0.1168255988568631,Europa
THA,Tailandia,2011,13227.454108915,62.483325948081166,4.076664259,153.31550677399989,0.026590032181215372,Asia
TKM,Turkmenistán,2011,10282.7266190528,177.27667914907354,0.00045675,17.2,2.6555232558139537e-05,Asia
TTO,Trinidad y Tobago,2011,31077.796969852,594.9282316416471,0.004408,8.772408,0.0005024846085590182,America_Norte
TUR,Turquía,2011,19717.2438317111,60.23273058452492,5.763902538461538,229.39792153846156,0.025126219539417863,Asia
UKR,Ucrania,2011,9126.6083984375,115.8210951002626,0.2536,194.9468,0.00130086772391237,Europa
USA,Estados Unidos,2011,50024.8812320773,290.8661435726276,201.90456711574265,4363.377155204782,0.046272545309291944,America_Norte
UZB,Uzbekistán,2011,6663.84139781911,66.55888141221082,0.0,52.772,0.0,Asia
VEN,Venezuela,2011,21282.6399697602,106.53418456092336,0.00298,122.89773,2.424780343786659e-05,America_Sur
VNM,Viet Nam,2011,5786.12348870721,21.309891502354372,0.102596,101.499,0.001010807988256042,Asia
ZAF,Sudáfrica,2011,13143.1933361097,94.51302975948953,0.5293,262.538,0.0020160890994827415,Africa
ARE,Emiratos Árabes Unidos,2012,89198.0332724859,515.7458108902648,0.024242,106.222,0.00022822014271996387,Asia
ARG,Argentina,2012,19430.4178068112,76.08956974659257,1.8311384963841624,136.03362497514996,0.01346092553748139,America_Sur
AUS,Australia,2012,43007.2697824131,234.4504930532648,13.234850000000002,250.6716,0.052797564622398395,Oceania
AUT,Austria,2012,46156.4832073037,141.9195777161687,7.49077815266426,72.72160329222058,0.1030062294221391,Europa
AZE,Azerbaiyán,2012,15994.1466501837,56.409708460225794,0.0,22.9881,0.0,Asia
BEL,Bélgica,2012,42483.5250666788,224.11846646030037,10.170300000000028,83.05010000000028,0.12245981642406202,Europa
BGD,Bangladesh,2012,3434.27815090447,6.811126945949398,0.185697,48.747697,0.003809349188331912,Asia
BGR,Bulgaria,2012,16327.2363246359,103.66512134314983,2.065421,47.293127,0.04367275185673386,Europa
BLR,Belarús,2012,18114.7508606708,123.67080198820912,0.101,30.794,0.0032798597129310905,Europa
BRA,Brasil,2012,15198.0863308622,48.94412818404386,40.817285976413366,552.498346209194,0.07387766181830091,America_Sur
CAN,Canadá,2012,42291.8109156785,335.25023963773685,23.10611389686337,636.5491305887398,0.036299026715334116,America_Norte
CHE,Suiza,2012,60433.500996161,133.2746442934151,1.914,70.0224066985646,0.027334107612716995,Europa
CHL,Chile,2012,21366.1771264909,75.19795379454453,6.39190135470219,69.74142329000001,0.09165143258007903,America_Sur
CHN,China,2012,11420.2527051141,81.35649386005373,129.86198000000002,4987.553,0.026037213038137143,Asia
COL,Colombia,2012,12093.0754939172,30.61022876928082,1.5309132887062111,67.71409307427427,0.02260848841358596,America_Sur
CYP,Chipre,2012,31923.90234375,96.50032037619332,0.257,4.7170000000000005,0.054483782064871734,Asia
CZE,República Checa,2012,29465.6074011894,171.92015292195234,5.936146999999999,87.418,0.06790531698277241,Europa
DEU,Alemania,2012,44212.02071657,161.2956839481577,123.33672617140448,630.6865805192901,0.19555945850291023,Europa
DNK,Dinamarca,2012,44755.1624273018,120.15918033978046,14.819805555555554,30.701933333333336,0.4826994246471629,Europa
DZA,Argelia,2012,14441.3293398806,48.47802357481277,0.0267230136986301,57.397,0.00046558206349861666,Africa
ECU,Ecuador,2012,10244.5177816184,35.33730023863041,0.299077269997,22.84795784014,0.013089890662857045,America_Sur
EGY,"Egipto, República Árabe de",2012,10342.4317112754,36.86213374039767,1.8404040404040405,162.83109221244706,0.011302534518425082,Africa
ESP,España,2012,31869.7839822219,117.02578620139651,66.4149189136135,297.55692891361343,0.2232007137460914,Europa
EST,Estonia,2012,26242.5282659014,195.31096017438168,1.4353,11.966,0.11994818652849742,Europa
FIN,Finlandia,2012,40739.1131809421,212.45836978503365,11.700058,70.409766,0.16617095418269107,Europa
FRA,Francia,2012,37671.0239268565,164.53985896010036,25.187724857003747,565.5484761974558,0.04453680969376301,Europa
GBR,Reino Unido,2012,38515.4032867327,132.58165934428493,35.93888039130101,363.87299689914937,0.09876764887080036,Europa
GRC,Grecia,2012,24582.9741957507,108.1746405211609,5.748437000000001,60.959086000000006,0.09429992109789835,Europa
HKG,"Hong Kong, Región Administrativa Especial",2012,52149.6812694206,158.2145636013463,0.045053,38.79666666666667,0.0011612595583813043,Asia
HRV,Croacia,2012,21618.4587267283,66.41508935473618,0.425056,10.754956,0.039521872520910356,Europa
HUN,Hungría,2012,23205.310668404,92.73931275607544,2.434181,34.635,0.07028095856792263,Europa
IDN,Indonesia,2012,9530.29071136718,28.267107707629272,9.68829,200.34014,0.048359205499207504,Asia
IND,India,2012,4681.12393706313,18.84978337859305,46.047631497521934,1088.4179139975222,0.04230694010575313,Asia
IRL,Irlanda,2012,46654.4428740181,124.4997588593442,4.520309,27.421424,0.16484588838274775,Europa
IRN,"Irán, República Islámica del",2012,17021.3716792921,115.75705949611113,0.3063,248.756,0.0012313270835678336,Asia
IRQ,Iraq,2012,14402.0340893955,47.95335093468759,0.0,47.76809,0.0,Asia
ISL,Islandia,2012,42551.872453959,828.0542611411884,5.20950492,17.548908358000002,0.29685635218586964,Europa
ISR,Israel,2012,32432.3442127933,133.4446026265905,0.451,62.96549999999999,0.007162652563705523,Asia
ITA,Italia,2012,36281.1014243506,110.01415578934902,50.34740000000001,299.27590000000004,0.168230719546746,Europa
JPN,Japón,2012,37974.343588054,155.64239840304458,34.22930126369864,1106.87994051,0.03092413188726442,Asia
KAZ,Kazajstán,2012,21367.2180595372,149.05503783475075,0.002686,90.61389420000002,2.9642253251709376e-05,Asia
KOR,"Corea, República de",2012,35061.5531929083,238.85357811156865,4.1961281012654,531.2018659366054,0.007899309792270524,Asia
KWT,Kuwait,2012,82089.726133145,456.0346583250356,0.0,61.119,0.0,Asia
LKA,Sri Lanka,2012,10249.1670637487,12.23105362948316,0.17898856656,11.897620000000002,0.015044064826410658,Asia
LTU,Lituania,2012,23275.2517553588,80.61259888659575,0.7604,5.0424,0.15080120577502776,Europa
LUX,Luxemburgo,2012,96636.426643956,322.50527499258686,0.209754,3.816973,0.054952969276963706,Europa
LVA,Letonia,2012,19416.5167382125,70.07776451269844,0.3962,6.167,0.06424517593643587,Europa
MAR,Marruecos,2012,7307.6123046875,22.05124782561599,0.7281012828282828,27.6585,0.026324684376531005,Africa
MEX,México,2012,18004.793559665,66.08590223758011,11.61383751130484,303.755,0.038234226634310024,America_Norte
MKD,Macedonia del Norte,2012,12725.8984267932,52.44947716271237,0.002836,6.2620000000000005,0.0004528904503353561,Europa
MYS,Malasia,2012,22638.5406944009,124.03859976259514,1.5086624000000002,134.077,0.01125220880538795,Asia
NLD,Países Bajos,2012,47653.3401651371,231.29842607988476,12.439187,102.505526,0.12135137963196248,Europa
NOR,Noruega,2012,67352.804935227,228.87120046540684,1.8829,147.828,0.012737099872825175,Europa
NZL,Nueva Zelandia,2012,33045.0345114988,196.9843847790073,9.270698110080804,44.24731786828622,0.20952000158919185,Oceania
OMN,Omán,2012,49989.4425093994,287.67726418663165,0.0,25.017303,0.0,Asia
PAK,Pakistán,2012,4046.59848766311,12.291314669710466,0.084727,99.46126082736107,0.0008518592997434857,Asia
PER,Perú,2012,10757.1522234351,26.57425033071047,0.7289,41.036,0.01776245248074861,America_Sur
PHL,Filipinas,2012,6094.26837338658,14.973073566496604,10.509468,72.922011,0.14411928381953154,Asia
POL,Polonia,2012,23728.1456821435,104.89746728794492,14.8424,162.139,0.09154120846927635,Europa
PRT,Portugal,2012,26476.2182777269,81.05785485739719,13.75,46.613,0.2949820865423809,Europa
QAT,Qatar,2012,180939.425774901,846.5156111348144,0.010635,34.788000000000004,0.00030570886512590545,Asia
ROU,Rumania,2012,19807.4757017991,66.48171409126779,2.8600000000000003,59.047,0.04843599166765459,Europa
RUS,Federación de Rusia,2012,24273.517578125,197.54696306861013,0.512311506849315,1069.2893,0.0004791140310197765,Europa
SAU,Arabia Saudita,2012,65033.6161818077,361.05377832372847,0.025637,281.62719,9.103169335318795e-05,Asia
SGP,Singapur,2012,82107.7270892092,580.5947993207246,0.64390647,46.94423186765177,0.013716412951762486,Asia
SVK,República Eslovaca,2012,27022.7747321382,125.24014136911282,1.371,28.664,0.04783003070053028,Europa
SVN,Eslovenia,2012,28786.7105517686,134.55647959835886,0.43,15.736,0.027325876970005082,Europa
SWE,Suecia,2012,45206.780102677,199.1333601696852,19.378177,166.302,0.11652401654820749,Europa
THA,Tailandia,2012,14616.6497925392,66.18338000661689,5.211189944999998,168.956182883,0.03084344032919281,Asia
TKM,Turkmenistán,2012,11035.451277853,188.72423366156767,0.0009814315068493,17.8,5.5136601508387636e-05,Asia
TTO,Trinidad y Tobago,2012,31883.2297483766,579.2946683856175,0.006228,9.134227999999998,0.0006818310206401681,America_Norte
TUR,Turquía,2012,20739.2725488506,63.029097201649975,7.356279787144363,239.50105778714436,0.030715020030025204,Asia
UKR,Ucrania,2012,9552.314453125,113.7111336955454,0.7555000000000001,198.8777,0.003798817061943094,Europa
USA,Estados Unidos,2012,51708.3940614082,280.8761053330951,228.3172603052482,4310.569202193057,0.052966847206417395,America_Norte
UZB,Uzbekistán,2012,6880.85389531695,62.81009713299558,0.0,52.9641,0.0,Asia
VNM,Viet Nam,2012,6376.79765706172,21.08948049810172,0.103596,115.147,0.0008996847507968074,Asia
ZAF,Sudáfrica,2012,12986.7976675307,96.87950801345696,0.5456000000000001,257.919,0.0021153928171247565,Africa
ARE,Emiratos Árabes Unidos,2013,87526.3039873404,520.2034422364992,0.0869119999999999,109.99542398325816,0.0007901419609349234,Asia
ARG,Argentina,2013,19928.989490167,76.71274163855594,1.995337447781396,139.441423,0.014309502907047902,America_Sur
AUS,Australia,2013,46123.4750962848,232.31784650848653,16.43805,249.5631,0.06586730971044999,Oceania
AUT,Austria,2013,47519.8522796571,140.5273876743551,8.489478731680641,68.43795323353139,0.12404635630630162,Europa
AZE,Azerbaiyán,2013,17267.5118919538,57.43269091804752,0.0686,23.354,0.0029373983043589963,Asia
BEL,Bélgica,2013,43864.1204196838,228.15194713081223,11.347400000000032,83.49370000000029,0.13590726006872367,Europa
BGD,Bangladesh,2013,3691.10431102117,7.013839122403021,0.237077,54.654828206000005,0.004337713753420484,Asia
BGR,Bulgaria,2013,16893.7939132873,95.26305477304624,2.877212,43.815948,0.06566586211942739,Europa
BLR,Belarús,2013,19014.0529737698,111.80596958668718,0.0904,31.495,0.0028702968725194474,Europa
BRA,Brasil,2013,15722.3335242901,51.0540242843015,47.55250242240192,570.8346534990893,0.08330346122281762,America_Sur
CAN,Canadá,2013,44300.7302100096,341.2320306559461,23.68004385964912,655.6810144223218,0.03611518915262794,America_Norte
CHE,Suiza,2013,62748.9298592904,134.53051272185408,2.197,70.40071717171718,0.03120706845416376,Europa
CHL,Chile,2013,22201.0660684337,76.80400081870005,7.447838328000005,72.96767833000001,0.10207037552047057,America_Sur
CHN,China,2013,12228.3736084197,83.65026482339205,174.39502209999998,5431.635,0.03210727931828997,Asia
COL,Colombia,2013,12779.8865818318,31.83943276605153,1.4040585232067764,69.82108651902985,0.020109376596769202,America_Sur
CYP,Chipre,2013,30415.8359375,84.57541232503344,0.327,4.29,0.07622377622377623,Asia
CZE,República Checa,2013,31013.0082933831,168.67695322023994,6.573879000000001,86.913,0.07563746505125817,Europa
DEU,Alemania,2013,45876.2138041716,165.41913572337836,130.6776866768353,639.394738122409,0.20437716935327313,Europa
DNK,Dinamarca,2013,46869.1932887749,123.32321345908336,15.954319444444444,34.74216666666666,0.4592206236737618,Europa
DZA,Argelia,2013,14370.820661674,50.30237252809646,0.0286,59.89,0.00047754216062781765,Africa
ECU,Ecuador,2013,11295.6127804419,36.67070402271413,0.356154511325,23.260330036923,0.015311670589353081,America_Sur
EGY,"Egipto, República Árabe de",2013,10511.3931678495,35.784987525087544,1.602020202020202,165.06383740632128,0.009705458368065608,Africa
ESP,España,2013,32613.6891811474,109.00655626274802,74.168439870229,285.25762508808515,0.26000510888123113,Europa
EST,Estonia,2013,27831.1526234213,206.86591596158928,1.2269,13.274,0.09242880819647432,Europa
FIN,Finlandia,2013,41325.8052072321,215.7380935615079,12.791066,71.258443,0.17950246260643107,Europa
FRA,Francia,2013,39583.3520435045,164.46817629635854,27.22200170271928,575.6713987449216,0.047287396528763924,Europa
GBR,Reino Unido,2013,40121.0839005273,131.76139153277296,48.51230427767422,358.2837378255861,0.13540191517509007,Europa
GRC,Grecia,2013,25730.8809006664,99.7435700144788,8.003646,57.152533000000005,0.1400400923612607,Europa
HKG,"Hong Kong, Región Administrativa Especial",2013,53517.419549888,161.06839080080138,0.039836,39.10333333333334,0.00101873668058989,Asia
HRV,Croacia,2013,22430.1102453055,68.1106770561881,0.6542650000000001,14.053265,0.046556085009426644,Europa
HUN,Hungría,2013,24591.6380503055,88.28106932027475,2.574905,30.294,0.08499719416386084,Europa
IDN,Indonesia,2013,9866.01699250847,26.238763182888803,9.58312,216.18856,0.044327599943308746,Asia
IND,India,2013,4870.23562464539,19.13755940377299,51.01335685981032,1141.2340895336304,0.04470016916569424,Asia
IRL,Irlanda,2013,48763.0331535881,121.5410135625277,5.103416000000001,25.995733,0.1963174494829594,Europa
IRN,"Irán, República Islámica del",2013,16215.2119014642,118.6527484004389,0.239,258.85200000000003,0.0009233075270811119,Asia
IRQ,Iraq,2013,14668.5432764995,49.85395945881039,0.0463,62.108842,0.0007454655168099897,Asia
ISL,Islandia,2013,44738.1187219778,836.226292111089,5.2504766730000005,18.116099021000004,0.2898238007483675,Europa
ISR,Israel,2013,34776.8705712769,123.70205702075692,0.5339,61.358900000000006,0.008701264201281313,Asia
ITA,Italia,2013,36459.2950248716,103.30907108383316,59.2349,289.8032,0.20439698388423594,Europa
JPN,Japón,2013,39855.3531119712,153.90994213844974,41.21865205139863,1087.75954653546,0.037893165068218444,Asia
KAZ,Kazajstán,2013,23754.1341952117,147.2803067600123,0.0053361,92.6157201,5.7615488971401946e-05,Asia
KOR,"Corea, República de",2013,35844.2253782408,236.270809153637,5.9368138978904,537.169275961,0.011052035482240478,Asia
KWT,Kuwait,2013,76812.5387330449,460.2223251995634,0.000182,60.9822,2.984477437678536e-06,Asia
LKA,Sri Lanka,2013,11252.6311492148,11.263166914658845,0.27535386656,12.02901,0.02289081699657744,Asia
LTU,Lituania,2013,24889.8726227818,74.64553903329731,1.0045,4.7615,0.21096293184920717,Europa
LUX,Luxemburgo,2013,100925.011992241,299.4796709472949,0.250976,2.8891280000000004,0.08686911760226614,Europa
LVA,Letonia,2013,20473.5243706913,70.23169812189887,0.6212,6.2090000000000005,0.10004831695925269,Europa
MAR,Marruecos,2013,7542.0986328125,22.0637050706518,1.2150010101010102,28.120700000000003,0.04320664173014933,Africa
MEX,México,2013,18170.2647920555,66.0266222697745,12.6164724330976,311.237,0.04053654428328765,America_Norte
MKD,Macedonia del Norte,2013,13662.7769630557,48.94390690415739,0.009051,6.0940710000000005,0.001485214071184927,Europa
MYS,Malasia,2013,23160.8924510627,127.17624064540148,1.24459,140.98501000000002,0.008827817936105405,Asia
NLD,Países Bajos,2013,49622.0519614799,223.2777265480237,12.097048,100.875336,0.11992077032586042,Europa
NOR,Noruega,2013,69186.2932660288,215.16265524247007,2.2868,134.074,0.01705625251726658,Europa
NZL,Nueva Zelandia,2013,36249.6271005735,199.09096646176383,9.606843312950463,43.2526586273454,0.22210989145709484,Oceania
OMN,Omán,2013,47013.4730934385,298.2394383705742,0.0012,26.240023,4.573166723215143e-05,Asia
PAK,Pakistán,2013,4173.93858568758,12.319462418293886,0.2960946461517589,100.96799565222877,0.002932559413892088,Asia
PER,Perú,2013,11290.5547403874,26.992718358801877,1.1581,43.3302,0.026727317206013356,America_Sur
PHL,Filipinas,2013,6372.83382112545,15.46234521340677,9.88364,75.265842,0.1313164077803049,Asia
POL,Polonia,2013,24433.8914344877,104.94887953477182,14.6276,164.55700000000002,0.08889077948674318,Europa
PRT,Portugal,2013,27966.0874254705,84.46308726522176,15.741324431,51.671630797000006,0.3046415254986286,Europa
QAT,Qatar,2013,169203.261058049,856.6934844460023,0.080231,34.668,0.0023142667589708087,Asia
ROU,Rumania,2013,19678.1401421845,61.070264904062206,5.192,58.888,0.0881673685640538,Europa
RUS,Federación de Rusia,2013,26019.7265625,194.05602095021487,0.4968,1059.0855,0.00046908394081497673,Europa
SAU,Arabia Saudita,2013,62202.8859202572,350.8113972592871,0.042475,294.72806,0.00014411590128201568,Asia
SGP,Singapur,2013,83088.3185411658,570.3416859175676,0.7182690718386792,47.97585269799015,0.014971470676304824,Asia
SVK,República Eslovaca,2013,28075.4326236719,127.47788038587213,1.505,28.832,0.052198945615982234,Europa
SVN,Eslovenia,2013,29634.0657611471,130.54379077097948,0.48,16.103,0.02980811029000807,Europa
SWE,Suecia,2013,46098.0140634307,192.18953859362492,21.327224,153.155,0.13925254807221443,Europa
THA,Tailandia,2013,15215.9492506383,66.99758887019172,7.23391048872,168.63366132727987,0.04289719165072632,Asia
TKM,Turkmenistán,2013,11722.8086272577,163.82403757888125,0.00184875,18.9,9.781746031746033e-05,Asia
TTO,Trinidad y Tobago,2013,31746.2052441651,582.4824562475458,0.006228,9.507228,0.0006550805345154235,America_Norte
TUR,Turquía,2013,22475.2909778388,61.56217779610569,9.806392615384617,240.1607346153846,0.040832622497967756,Asia
UKR,Ucrania,2013,10903.8251953125,107.56112038237848,1.3096,194.3773,0.006737412238980582,Europa
USA,Estados Unidos,2013,53297.3862901595,285.7093586001435,266.2403230191412,4330.2928875411,0.061483213707126935,America_Norte
UZB,Uzbekistán,2013,7244.68983612169,62.333039937357306,0.0,54.9,0.0,Asia
VNM,Viet Nam,2013,6758.40433634749,21.85964010311211,0.132796,124.454,0.0010670287817185467,Asia
ZAF,Sudáfrica,2013,13369.4382039605,95.2653351444973,0.7577,256.137,0.002958182535127686,Africa
ARE,Emiratos Árabes Unidos,2014,87477.7258300501,495.91360641465855,0.311409,116.5449025342126,0.002672008755668946,Asia
ARG,Argentina,2014,19487.4181748868,76.0591806772041,2.11826103031093,138.5511464977235,0.015288657538071942,America_Sur
AUS,Australia,2014,47108.5906459966,231.29128998297784,18.275362,247.647344,0.07379591359558454,Oceania
AUT,Austria,2014,48355.4977624407,133.15119468009817,9.192526396883762,65.64757548559074,0.14002842190114803,Europa
AZE,Azerbaiyán,2014,17563.6122454385,57.93596056919203,0.0922,24.7277,0.003728612042365445,Asia
BEL,Bélgica,2014,45147.6429534057,209.2660334677171,11.920400000000043,72.54560000000025,0.16431596127125564,Europa
BGD,Bangladesh,2014,3972.50647733491,7.228458815048895,0.281784,57.68848167253309,0.004884579933989913,Asia
BGR,Bulgaria,2014,17990.7860607342,102.6978777701406,2.7880200000000004,47.489649,0.05870795128428935,Europa
BLR,Belarús,2014,19037.8847440186,111.9687935851361,0.09,34.737,0.0025908973141031176,Europa
BRA,Brasil,2014,15827.3081625514,52.45660242045548,59.30551626029046,590.542117779729,0.10042554878771796,America_Sur
CAN,Canadá,2014,45758.1466048816,340.6984332500639,24.7325159702286,652.9525467218878,0.037877968459418425,America_Norte
CHE,Suiza,2014,64694.0744212256,127.24796429729976,2.614,71.95194524189263,0.03632980305413687,Europa
CHL,Chile,2014,22553.6161787372,73.77448076180919,6.891706169000016,71.61637700000001,0.09623086866011128,America_Sur
CHN,China,2014,12941.5964809146,84.59712245791715,216.4165976,5794.457,0.037348900440541705,Asia
COL,Colombia,2014,13355.3624162195,33.5309514478525,1.799153313802346,72.74761912122442,0.02473143912523504,America_Sur
CYP,Chipre,2014,29892.75,83.39851780033939,0.318,4.352,0.07306985294117646,Asia
CZE,República Checa,2014,32743.489773169,165.84557819653483,7.267314493200004,86.01349351019998,0.08449040024561034,Europa
DEU,Alemania,2014,47927.5555323465,157.34476045521822,144.1555376121285,628.4069068908609,0.22939839780781537,Europa
DNK,Dinamarca,2014,47879.5955558233,115.78497293510009,17.975872222222222,32.18255,0.5585595989821261,Europa
DZA,Argelia,2014,14694.143827383,53.73404948293624,0.061,64.241,0.000949549353216793,Africa
ECU,Ecuador,2014,11835.6091276538,37.92413091947192,0.495696345126,24.307213342674,0.020392972988629278,America_Sur
EGY,"Egipto, República Árabe de",2014,10256.4367553616,34.57859152207346,1.1676767676767676,171.2342789182144,0.00681917648179824,Africa
ESP,España,2014,33760.9555646369,107.78489401404065,71.10008358223308,278.7501245269591,0.2550674504733959,Europa
EST,Estonia,2014,29403.6584494815,198.8392657652287,1.4031,12.43,0.11288012872083669,Europa
FIN,Finlandia,2014,41547.0984485393,208.31724247752825,12.873575,68.093524,0.18905725895461073,Europa
FRA,Francia,2014,40218.1258637776,157.8933217402315,30.097242917444586,565.2186671249739,0.05324884804413205,Europa
GBR,Reino Unido,2014,41545.5712797638,122.4863825752548,58.63455319435956,338.09592394138895,0.17342579144646603,Europa
GRC,Grecia,2014,26450.181326726,95.00079192795812,7.700120999999999,50.47329,0.1525583333283802,Europa
HKG,"Hong Kong, Región Administrativa Especial",2014,54514.9268059819,156.00777486072474,0.0469,39.85005555555556,0.001176911784592521,Asia
HRV,Croacia,2014,22706.2761364179,67.64233008189788,0.929722,13.552842,0.0685997815070817,Europa
HUN,Hungría,2014,25796.2100959256,88.67851745966418,2.84954,29.403,0.09691324014556339,Europa
IDN,Indonesia,2014,10064.677127417,26.49080457225656,10.26851,228.55565,0.0449278326744493,Asia
IND,India,2014,5042.38256477318,20.193929197846124,59.5088809540724,1258.6889491805523,0.047278464622109086,Asia
IRL,Irlanda,2014,52582.2223929461,119.45191746445052,5.767086,26.170667,0.22036450198231478,Europa
IRN,"Irán, República Islámica del",2014,16065.158186028,122.07348558679334,0.2473,275.628,0.0008972237943895396,Asia
IRQ,Iraq,2014,13168.245587417,46.97267164966598,0.0573,71.172908,0.0008050816189778278,Asia
ISL,Islandia,2014,46471.9845659755,828.7521852500062,5.2467503440000005,18.122205182,0.2895205242026158,Europa
ISR,Israel,2014,34745.4721490798,118.10554409125916,0.9438999999999992,61.3303,0.0153904350704301,Asia
ITA,Italia,2014,36665.68576775,99.5199762736368,62.1334,279.8285,0.22204100011256894,Europa
JPN,Japón,2014,40272.4415780289,149.3342878663168,52.18981861425,1062.7288196205511,0.04910925313278363,Asia
KAZ,Kazajstán,2014,23958.1128890603,152.54981195467377,0.0145042,94.64324290000002,0.00015325129988756967,Asia
KOR,"Corea, República de",2014,37032.1724172561,236.7550181954677,10.141273803856802,540.3787987172649,0.01876697203504256,Asia
KWT,Kuwait,2014,68336.5991533112,429.4617171029008,0.003278,65.14330000000001,5.03198333520101e-05,Asia
LKA,Sri Lanka,2014,11720.5978109851,12.960311824930606,0.34193076656,12.86748,0.026573250283660824,Asia
LTU,Lituania,2014,26274.7488764946,72.71048107215631,1.1119,4.3969,0.25288271282039626,Europa
LUX,Luxemburgo,2014,105296.288654407,283.27950225371484,0.289842,2.9649810000000003,0.09775509522657985,Europa
LVA,Letonia,2014,21553.6623204436,67.38435283330476,0.7702,5.141,0.14981521104843415,Europa
MAR,Marruecos,2014,7237.27734375,22.20094662969221,1.92390101010101,29.2785,0.0657103680209372,Africa
MEX,México,2014,18820.799110896,64.34989000623888,15.264614593989537,316.177,0.04827870020270145,America_Norte
MKD,Macedonia del Norte,2014,14485.1403294538,46.40958599396696,0.085015,5.373693,0.015820591165144712,Europa
MYS,Malasia,2014,24306.5212338415,125.98466087117087,0.92,147.461,0.006238937753033005,Asia
NLD,Países Bajos,2014,49751.3092860822,212.625146907026,11.595278,103.417851,0.11212066280510896,Europa
NOR,Noruega,2014,68195.6503224822,216.3641429786976,2.4817,141.97,0.01748045361696133,Europa
NZL,Nueva Zelandia,2014,37315.9476428103,206.0531692310557,9.803556579963328,44.03888187006035,0.22261138711217449,Oceania
OMN,Omán,2014,44235.8336329334,284.1964866401215,0.0012,29.137095,4.1184613634269304e-05,Asia
PAK,Pakistán,2014,4312.99070040776,12.299512811215356,0.5512618747668117,106.28797538823976,0.005186493323945712,Asia
PER,Perú,2014,11517.7371710247,27.481233671262377,1.7478,45.549800000000005,0.038371189335628254,America_Sur
PHL,Filipinas,2014,6688.73961232553,16.132438335296413,10.672380999999998,77.260997,0.1381341351315981,Asia
POL,Polonia,2014,25459.7392273761,100.74831776924324,17.662,159.058,0.11104125539111519,Europa
PRT,Portugal,2014,28764.5254955042,84.55625726983594,15.993080998,52.80212783900001,0.3028870549831782,Europa
QAT,Qatar,2014,148389.108964021,839.2272250304794,0.10832,38.693,0.0027994727728529708,Asia
ROU,Rumania,2014,20633.0192361402,61.68839116001657,6.5239,63.2847,0.10308810818412666,Europa
RUS,Federación de Rusia,2014,25688.2265625,194.81467043942223,0.810506,1064.1965,0.0007616131043468006,Europa
SAU,Arabia Saudita,2014,62578.0708415156,363.9510657393371,0.045881,328.20245,0.00013979481262251393,Asia
SGP,Singapur,2014,84555.2446100826,574.2149537464501,0.7685834814969509,49.336870008086805,0.015578278098528998,Asia
SVK,República Eslovaca,2014,29108.072180194,119.23263351957011,2.02,27.401,0.0737199372285683,Europa
SVN,Eslovenia,2014,30571.9753019832,130.65301505846705,0.52,17.437,0.029821643631358603,Europa
SWE,Suecia,2014,46841.2010746944,187.1565290524314,21.977097,153.662,0.1430223282268876,Europa
THA,Tailandia,2014,15365.3175402829,68.87044105355307,9.04550514253,173.764180391,0.05205621274865753,Asia
TKM,Turkmenistán,2014,12476.5344358387,165.92653822780437,0.0031174999999999,20.1,0.0001550995024875572,Asia
TTO,Trinidad y Tobago,2014,32026.5300957073,579.654858523609,0.006228,9.423228,0.0006609200159435812,America_Norte
TUR,Turquía,2014,24192.537613837,64.01420643844368,11.984014,251.962775,0.047562636980800044,Asia
UKR,Ucrania,2014,10493.7451171875,96.26080811259826,1.6892,182.8154,0.009239921800898611,Europa
USA,Estados Unidos,2014,55153.3940182967,285.9943151026508,296.77657492822965,4363.281415911234,0.06801683105884437,America_Norte
UZB,Uzbekistán,2014,7464.82465708014,57.31241410106821,0.0,55.4,0.0,Asia
VNM,Viet Nam,2014,7296.8794808738,24.067817205609188,0.134569,141.25,0.0009527008849557521,Asia
ZAF,Sudáfrica,2014,13358.9417186608,91.2121619349128,2.505172,254.765,0.009833265950974428,Africa
ARE,Emiratos Árabes Unidos,2015,73986.0815808827,507.3703812605816,0.300589,127.38302282737672,0.0023597257572333134,Asia
ARG,Argentina,2015,19899.1499275245,76.3215491064996,2.0953891286288178,145.4215558511899,0.01440906828677471,America_Sur
AUS,Australia,2015,46464.5867627929,232.47310004233375,21.70658849204369,253.984422112964,0.08546425135628714,Oceania
AUT,Austria,2015,49549.3162311441,134.4963980892464,10.44007097395391,65.51279178344762,0.15935927457439975,Europa
AZE,Azerbaiyán,2015,15075.2726347911,62.3904820399818,0.1001,24.6876,0.004054667120335715,Asia
BEL,Bélgica,2015,46071.914889496,208.62746258228893,14.135200000000044,69.705,0.20278602682734445,Europa
BGD,Bangladesh,2015,4212.23578089428,8.653505952044682,0.300811,62.1119080396,0.004843048772680035,Asia
BGR,Bulgaria,2015,18896.1145714262,108.90514327727196,3.103357,49.223899,0.06304573719363434,Europa
BLR,Belarús,2015,18133.5313085883,101.19197780805511,0.142,34.232,0.004148165459219443,Europa
BRA,Brasil,2015,14821.4383174534,51.55550308643584,71.56494040305446,581.2279551684527,0.12312714790587347,America_Sur
CAN,Canadá,2015,44668.1361640155,336.9597498027924,39.84852137161084,661.0880212762602,0.06027717957236841,America_Norte
CHE,Suiza,2015,66418.7989292294,121.49953222022133,2.83,67.86974322169058,0.04169752036273443,Europa
CHL,Chile,2015,22468.3125745547,73.29715499325594,9.040877904999991,74.53855406,0.12129129708798099,America_Sur
CHN,China,2015,13463.3331511105,84.81149795929731,264.0448116,5814.573,0.045410868794664716,Asia
COL,Colombia,2015,13332.0555048211,32.83045678992776,1.8912775779027784,75.02279787547572,0.025209371437225753,America_Sur
CYP,Chipre,2015,31380.220703125,84.39495202295942,0.399752,4.534590000000001,0.08815615083171796,Asia
CZE,República Checa,2015,34093.0280593748,162.48684024312678,7.631936431299986,83.89375837130005,0.09097144506892019,Europa
DEU,Alemania,2015,48567.1117562648,157.34842150276563,171.09760551234615,648.9431816391922,0.26365575654892265,Europa
DNK,Dinamarca,2015,48897.2099776611,110.7086084942896,18.937980555555555,28.93433333333333,0.6545158769474173,Europa
DZA,Argelia,2015,13807.3515841478,55.51570044215163,0.077,68.798,0.0011192185819355214,Africa
ECU,Ecuador,2015,10877.7507461388,36.715287085495,0.5426152921080001,25.9501921301,0.020909875710654675,America_Sur
EGY,"Egipto, República Árabe de",2015,10903.3368231185,34.28554536293617,1.9365454545454548,181.83642717497557,0.010649931285121308,Africa
ESP,España,2015,35228.6333036223,111.28959994041772,68.94759702661904,281.01976436102154,0.24534785723484975,Europa
EST,Estonia,2015,29712.6299473728,183.1737594131976,1.5638999999999998,10.417,0.1501295958529327,Europa
FIN,Finlandia,2015,42257.8593791297,202.3082221948449,13.758026,68.598087,0.20055990774203364,Europa
FRA,Francia,2015,40905.1767750994,159.45912932553614,36.16297394720736,572.1225398751928,0.06320844124598941,Europa
GBR,Reino Unido,2015,42772.4983791214,122.1389709217126,77.06656033053186,338.8753286570099,0.22741862216984876,Europa
GRC,Grecia,2015,26607.7256796976,95.46484629476612,8.752081,51.874401,0.16871676262825666,Europa
HKG,"Hong Kong, Región Administrativa Especial",2015,56043.042695697,159.5297609550227,0.061811,37.98561111111111,0.0016272214186365888,Asia
HRV,Croacia,2015,23749.8280957224,67.73045969918782,1.1187399999999998,11.402376,0.09811463856305035,Europa
HUN,Hungría,2015,26937.7320818864,93.6601243743112,2.995,30.36,0.09864953886693018,Europa
IDN,Indonesia,2015,10027.5372996025,26.781675715829497,10.527155000000002,233.98198,0.044991306595490825,Asia
IND,India,2015,5269.11774528716,20.637812184453765,58.194866305972255,1310.5597830228955,0.044404587306762784,Asia
IRL,Irlanda,2015,71519.6014840656,123.60051083086692,7.16214,28.497776,0.251322769889131,Europa
IRN,"Irán, República Islámica del",2015,14273.5499061586,119.4685775344974,0.1588,280.238,0.0005666611951269992,Asia
IRQ,Iraq,2015,9334.46604866315,45.7326404035693,0.057305,75.32353499999999,0.0007607847932256499,Asia
ISL,Islandia,2015,49715.8375969779,815.1226974328605,5.013876414,18.79857039,0.2667158358311736,Europa
ISR,Israel,2015,35796.5328359923,122.0008163658225,1.2930999999999988,64.3307,0.020100822779792523,Asia
ITA,Italia,2015,37384.3796455406,102.21860987299668,63.3668,282.994,0.22391570139296235,Europa
JPN,Japón,2015,41722.3895623635,147.3572776668582,68.248153218505,1030.1143104329549,0.0662529901073022,Asia
KAZ,Kazajstán,2015,22484.3651382607,123.40617407504472,0.1783692999999999,91.6451167,0.001946304466869645,Asia
KOR,"Corea, República de",2015,39794.1961180043,238.64000132563388,13.0518516419179,547.8018026731601,0.023825864716449544,Asia
KWT,Kuwait,2015,45267.3085347452,440.0250559299214,0.00509,68.29310000000001,7.453168768147879e-05,Asia
LKA,Sri Lanka,2015,12227.171484965,13.337017530455515,0.44924,13.2255,0.033967713886053456,Asia
LTU,Lituania,2015,26948.5919371645,76.75365352826626,1.3301,4.9329,0.2696385493320359,Europa
LUX,Luxemburgo,2015,107859.685999308,268.6270546399965,0.331533,2.76608,0.11985662019898195,Europa
LVA,Letonia,2015,22543.9183164105,70.21727088276963,0.9162,5.533,0.1655882884511115,Europa
MAR,Marruecos,2015,7799.09228515625,22.197832684131484,2.5251,30.3209786833581,0.08327897415085485,Africa
MEX,México,2015,19071.4444186548,65.00303346759569,17.926651404741513,322.97519750016176,0.055504730838449395,America_Norte
MKD,Macedonia del Norte,2015,15034.1775526118,47.39634104801077,0.163586,5.6461440000000005,0.028973047800410334,Europa
MYS,Malasia,2015,24526.3942716012,125.68532722789443,1.024,150.123,0.006821073386489746,Asia
NLD,Países Bajos,2015,50956.6930942185,213.1183375310869,13.594237,110.213427,0.1233446538233495,Europa
NOR,Noruega,2015,62695.3563994725,214.6732665621697,2.7814,144.547,0.01924218420306198,Europa
NZL,Nueva Zelandia,2015,37497.1502090982,206.45089047014773,10.55741424387258,44.74496380422942,0.23594642494435683,Oceania
OMN,Omán,2015,36058.1666084788,290.25948156793544,0.0037,32.75802,0.00011294943955709167,Asia
PAK,Pakistán,2015,4480.26313460985,12.824444471873427,1.059879050373479,110.52761907439624,0.009589268811264933,Asia
PER,Perú,2015,11600.3873992867,28.35770575730506,1.7316294744886702,48.27,0.03587382379301161,America_Sur
PHL,Filipinas,2015,6894.26702217935,17.416318869424988,12.298098,82.413213,0.14922483364409053,Asia
POL,Polonia,2015,26988.1069013509,101.5901784364085,20.654000000000003,164.94400000000002,0.1252182558929091,Europa
PRT,Portugal,2015,29608.0071513956,88.47650283741568,15.71136017,52.420866448000005,0.2997157665370758,Europa
QAT,Qatar,2015,102545.939634633,883.0208460767469,0.125841,41.499300000000005,0.003032364401327251,Asia
ROU,Rumania,2015,21624.5759002018,62.11308318462087,9.569,66.296,0.1443375165922529,Europa
RUS,Federación de Rusia,2015,23994.013671875,191.65652901925915,0.964837,1067.5432990000002,0.0009037919126126235,Europa
SAU,Arabia Saudita,2015,53930.8273872622,367.0924164310131,0.045881,350.64064,0.00013084906529944732,Asia
SGP,Singapur,2015,87156.187383315,608.6994064289862,0.8610190665098751,50.32025702869356,0.017110784351099514,Asia
SVK,República Eslovaca,2015,30147.9903672541,120.9314950842005,2.174,26.903,0.08080883172880349,Europa
SVN,Eslovenia,2015,31336.2043858881,122.80718391729144,0.547,15.1,0.036225165562913914,Europa
SWE,Suecia,2015,48762.7456496975,179.43999766141627,27.184738000000003,162.058,0.16774696713522322,Europa
THA,Tailandia,2015,15791.1714762207,70.67404868688033,16.44227854825999,184.35,0.08919055355714667,Asia
TKM,Turkmenistán,2015,12714.8137240363,192.08208193021832,0.00522,21.5,0.0002427906976744186,Asia
TTO,Trinidad y Tobago,2015,29825.4628753017,558.2552377242147,0.006255,9.570255,0.0006535876003303987,America_Norte
TUR,Turquía,2015,25896.983315375,66.609925651621,16.512133,261.78335721700006,0.063075564373302,Asia
UKR,Ucrania,2015,9921.833984375,81.04244294481465,1.7059000000000002,163.6823,0.010422018752180292,Europa
USA,Estados Unidos,2015,56849.4697923159,280.65341940585296,315.80752586921847,4349.8660356814335,0.07260166710392617,America_Norte
UZB,Uzbekistán,2015,7696.35949962497,54.27138156991478,0.0,57.28,0.0,Asia
VNM,Viet Nam,2015,7671.5819778084,26.609775319850154,0.1976689999999999,161.92829,0.0012207193690491013,Asia
ZAF,Sudáfrica,2015,13397.5234813346,89.539478249754,6.136528,250.466,0.024500443173923806,Africa
ARE,Emiratos Árabes Unidos,2016,69987.0059667469,505.86163997191073,0.316,129.61298617812653,0.0024380273097459743,Asia
ARG,Argentina,2016,20105.761359796,76.45158119253162,1.7386519887968992,147.19282085720954,0.011812070579743494,America_Sur
AUS,Australia,2016,47446.2103030951,228.1909710228616,24.10699350642864,258.21868620308385,0.09335882643082218,Oceania
AUT,Austria,2016,52397.8635176674,136.4636356204546,11.126375472909348,68.51315707715189,0.1623976466356683,Europa
AZE,Azerbaiyán,2016,14535.8020210633,60.84675513484196,0.14535,24.952900000000003,0.0058249742514898065,Asia
BEL,Bélgica,2016,48414.5518065681,226.9226515765628,13.891700000000052,85.6060000000003,0.16227484054855973,Europa
BGD,Bangladesh,2016,4579.13228682862,8.617600879934216,0.248445,70.213014837017,0.00353844654836011,Asia
BGR,Bulgaria,2016,20745.9250164072,105.62230282377702,3.166574,45.279416,0.06993407335465635,Europa
BLR,Belarús,2016,17832.4778855815,103.2271792690575,0.193,33.572,0.005748838317645656,Europa
BRA,Brasil,2016,14309.2061489274,48.81101871292383,84.90883214777287,578.8983088667026,0.14667313904232535,America_Sur
CAN,Canadá,2016,46470.6925239685,329.4146978376513,45.29769184476342,667.1269690044761,0.06789965621140928,America_Norte
CHE,Suiza,2016,68399.5779033573,114.0423473753736,3.167,63.31492929292929,0.05001979841670099,Europa
CHL,Chile,2016,23256.5036042211,77.13571656072116,11.724319181035908,77.74804821803589,0.1507988875573614,America_Sur
CHN,China,2016,14157.2514988004,84.28341632786844,354.4686464,6133.16,0.0577954343927111,Asia
COL,Colombia,2016,14026.8399931053,35.66460538890103,2.044691676648887,74.44603435493727,0.0274654210175976,America_Sur
CYP,Chipre,2016,35247.0390625,90.46222139077288,0.424659,4.88801,0.08687768642044512,Asia
CZE,República Checa,2016,36445.0485732064,159.60484078389783,7.397742762799995,83.30563248200002,0.08880243198919877,Europa
DEU,Alemania,2016,51555.3799963446,158.6882790184503,170.55951377599985,651.1470842661263,0.2619369999456091,Europa
DNK,Dinamarca,2016,51820.9521305491,112.0108638641852,18.370753111111117,30.535544444444444,0.6016186527977052,Europa
DZA,Argelia,2016,13437.8460232169,54.3235499784021,0.2640520547945205,70.997,0.0037192001745780874,Africa
ECU,Ecuador,2016,10881.4890706732,35.16496243952135,0.612510058939,27.313862000571,0.022424879313155913,America_Sur
EGY,"Egipto, República Árabe de",2016,10665.6676499685,35.54830812249452,2.6303030303030304,188.19109872922772,0.013976766425534033,Africa
ESP,España,2016,37612.7188681342,111.16866173376988,68.22038104206712,274.63007297833207,0.24840826899335824,Europa
EST,Estonia,2016,31947.7769107437,190.08674863922977,1.5532,12.17,0.1276253081347576,Europa
FIN,Finlandia,2016,44562.4011072067,205.6540125130192,14.612830000000002,68.757176,0.212528071251792,Europa
FRA,Francia,2016,42880.2351355431,154.93842225702545,37.619965897950905,556.6908186396986,0.06757784507723182,Europa
GBR,Reino Unido,2016,44376.0697257123,119.44963229572342,77.63288546484735,339.164262,0.2288946512437898,Europa
GRC,Grecia,2016,27504.5497984948,94.36666542149676,9.349842,54.437935,0.17175232675523053,Europa
HKG,"Hong Kong, Región Administrativa Especial",2016,56761.4824132224,162.81370250562412,0.069492,38.22444444444445,0.001817998953549212,Asia
HRV,Croacia,2016,25802.8242312486,70.80746326563678,1.511213,12.819812,0.11788105785014631,Europa
HUN,Hungría,2016,28178.9450366919,95.62387143475458,2.999000000000001,31.902,0.09400664535138865,Europa
IDN,Indonesia,2016,10262.5951651871,26.28234291777439,11.269789999999997,247.91780000000003,0.04545776866364575,Asia
IND,India,2016,5633.77275665841,21.3454334011381,72.85721428581098,1394.9463410202573,0.052229402768656716,Asia
IRL,Irlanda,2016,72940.7263991139,128.87614628199648,6.9325030000000005,30.613039,0.226455890249903,Europa
IRN,"Irán, República Islámica del",2016,15194.7855803519,124.44852961740467,0.1828,286.14300000000003,0.0006388414184516132,Asia
IRQ,Iraq,2016,9079.13531769496,48.15644722541228,0.057305,86.31705099999999,0.0006638896873341978,Asia
ISL,Islandia,2016,54227.6848099073,820.5516195843542,5.076489361,18.548768464000005,0.2736833645237742,Europa
ISR,Israel,2016,38087.5003075978,121.77513508559862,1.78752,67.3643,0.026535123203239697,Asia
ITA,Italia,2016,40482.562999856,102.20425184712742,65.5902,289.76820000000004,0.22635403056650105,Europa
JPN,Japón,2016,41462.5069772969,145.50066215952728,72.33731467596914,1063.6942197616236,0.06800574199997073,Asia
KAZ,Kazajstán,2016,23023.0872293899,135.50841423097037,0.3652459,94.642384,0.0038592212554578085,Asia
KOR,"Corea, República de",2016,41672.6278317077,245.3024303340876,15.278959584067335,560.984590091265,0.02723597021012938,Asia
KWT,Kuwait,2016,41862.1739255505,418.9902462785527,0.048814,70.133814,0.0006960123400675173,Asia
LKA,Sri Lanka,2016,13078.5605089011,15.28583892762054,0.4998,14.36132,0.03480181487495579,Asia
LTU,Lituania,2016,28698.9887868061,78.8953233010807,1.6417000000000002,4.2657,0.3848606324870479,Europa
LUX,Luxemburgo,2016,113365.176082265,258.534921875608,0.341792,2.19758,0.15553108419261188,Europa
LVA,Letonia,2016,24063.4511245109,74.24699533497078,0.953382,6.425,0.1483863035019455,Europa
MAR,Marruecos,2016,7853.17626953125,22.152283511704734,3.4016,30.716,0.11074358640447975,Africa
MEX,México,2016,20104.5839787472,65.67355792415134,19.559128541391765,326.9672761111111,0.059819835104064405,America_Norte
MKD,Macedonia del Norte,2016,16457.6276361223,49.89228492634133,0.169216,5.629506,0.03005876536946581,Europa
MYS,Malasia,2016,25285.8213541391,128.88331948526417,1.07,156.665,0.006829859892126513,Asia
NLD,Países Bajos,2016,53162.2791598028,215.2212905769004,14.681115,115.158408,0.12748626222759177,Europa
NOR,Noruega,2016,61250.1783294516,216.4692690260343,2.3728,149.086,0.015915646002978144,Europa
NZL,Nueva Zelandia,2016,39963.6051110409,205.0672674728875,11.3285394597532,44.1825995004508,0.25640273745408787,Oceania
OMN,Omán,2016,33333.8635893722,278.315973868188,0.004196,34.2277,0.00012259076712720985,Asia
PAK,Pakistán,2016,4630.7315068374,13.781717259410344,2.1325747868640668,115.87569608685736,0.018403986848679166,Asia
PER,Perú,2016,12066.5460683317,29.883163003145217,1.6194225683354184,51.7,0.031323453932986814,America_Sur
PHL,Filipinas,2016,7382.66758431792,18.539955471336185,13.868543000000004,90.797891,0.15274080540042503,Asia
POL,Polonia,2016,28359.6927346266,105.75637176711491,20.669,166.634,0.12403831150905578,Europa
PRT,Portugal,2016,31589.2695609552,91.156083191653,16.538,60.278,0.27436212216729156,Europa
QAT,Qatar,2016,89934.692005072,812.2472159782661,0.13114,42.307,0.003099723450020091,Asia
ROU,Rumania,2016,23905.2650215388,62.243939030178325,8.940999999999999,65.103,0.13733622106508148,Europa
RUS,Federación de Rusia,2016,24012.40234375,194.33021183066853,1.0626695,1090.970224,0.0009740591233588058,Europa
SAU,Arabia Saudita,2016,49937.0668103808,372.6555370610064,0.045881,357.65966000000003,0.00012828117098808402,Asia
SGP,Singapur,2016,90214.7780767093,625.9458179743825,0.8900152220212169,51.5866,0.01725283740392305,Asia
SVK,República Eslovaca,2016,29867.9803390081,121.84344260971248,2.27,27.064,0.08387525864617204,Europa
SVN,Eslovenia,2016,33575.1775435757,130.00236804528316,0.5560164383561644,16.5,0.03369796596097966,Europa
SWE,Suecia,2016,50176.3328538836,183.15134679810785,27.10949,156.131,0.17363297487366378,Europa
THA,Tailandia,2016,16671.2506902144,71.89342211635966,20.240756272690007,187.64,0.1078701570704008,Asia
TKM,Turkmenistán,2016,12919.371222426,183.3416946687289,0.0069790684931506,22.6,0.00030880834040489377,Asia
TTO,Trinidad y Tobago,2016,28231.6820670092,490.3615997164016,0.006255,9.419255,0.0006640652578149759,America_Norte
TUR,Turquía,2016,26730.7599731835,68.96746323040169,23.01343,274.40770000000003,0.08386583175326347,Asia
UKR,Ucrania,2016,10864.6572265625,84.43931705142217,1.5806,164.5729,0.009604254406405915,Europa
USA,Estados Unidos,2016,57976.628204291,276.8078410608435,367.4281844976076,4348.877284036975,0.0844880553071232,America_Norte
UZB,Uzbekistán,2016,7861.78630407401,56.43195051410147,0.0046429999999999,59.1,7.856175972927073e-05,Asia
VNM,Viet Nam,2016,8374.50684516118,28.558221537796616,0.3282899999999999,179.16729,0.001832309904335774,Asia
ZAF,Sudáfrica,2016,13519.3235102376,89.79193278603395,7.814492,253.138,0.03087048171353175,Africa
ARE,Emiratos Árabes Unidos,2017,70281.8969423807,471.9717254569176,0.7451,134.56869058801547,0.005536949172531799,Asia
ARG,Argentina,2017,23385.0740904917,74.53248644991338,2.0896823587212863,145.618454,0.014350395168467357,America_Sur
AUS,Australia,2017,48564.8286592372,224.4710429346192,25.69003086148092,258.96705940590533,0.09920192521943237,Oceania
AUT,Austria,2017,53869.8321183556,139.16269790758358,12.773920774485628,71.3244147675548,0.17909604749111008,Europa
AZE,Azerbaiyán,2017,14315.9296431061,59.20497979221925,0.14445,24.3209,0.005939336126541369,Asia
BEL,Bélgica,2017,50256.0631772784,227.59285529076575,15.53530000000005,86.619,0.17935210519632008,Europa
BGD,Bangladesh,2017,4882.60692615639,8.897678904686131,0.340039,73.69383802100002,0.004614212112322083,Asia
BGR,Bulgaria,2017,22317.2366242463,109.89351107638166,3.3030150000000003,45.612791,0.07241422696541416,Europa
BLR,Belarús,2017,18413.747563367,104.95402230641912,0.292,34.522,0.008458374369966977,Europa
BRA,Brasil,2017,14559.0488897004,49.04153875171912,96.117176985405,589.3273274006099,0.16309641945394968,America_Sur
CAN,Canadá,2017,48317.500303004,329.75634826875813,45.96792496544391,669.3438655128534,0.06867609809230588,America_Norte
CHE,Suiza,2017,69317.5993921633,113.62569225642602,3.654,63.29962679425838,0.05772545882263302,Europa
CHL,Chile,2017,24295.223766602,77.92118951555614,14.970817784080335,78.60557877760033,0.1904549017626019,America_Sur
CHN,China,2017,15022.4371883124,86.79163372625878,479.4250736,6604.447,0.07259125156125865,Asia
COL,Colombia,2017,14400.6139849314,33.99712726752195,1.999330703079284,74.97684938878174,0.026665973822293333,America_Sur
CYP,Chipre,2017,37768.08984375,90.484532879609,0.43522,5.00437,0.08696798997676032,Asia
CZE,República Checa,2017,39346.030564257,169.21357322651053,7.7525225521999905,87.04128794699996,0.08906718564321515,Europa
DEU,Alemania,2017,54142.7414864571,160.7780131382285,197.52393077318123,654.3222731416434,0.3018756030186711,Europa
DNK,Dinamarca,2017,55271.5976002659,109.84966376332125,21.780044111111117,31.02254722222222,0.7020714306628416,Europa
DZA,Argelia,2017,13493.560749484,53.78353790261621,0.523,76.017,0.0068800399910546334,Africa
ECU,Ecuador,2017,11793.4797426944,34.79992741794389,0.56988,28.032,0.020329623287671236,America_Sur
EGY,"Egipto, República Árabe de",2017,11124.7351098149,36.2797800775488,2.712121212121212,193.2111642228739,0.014037083328128558,Africa
ESP,España,2017,39825.2498116292,114.67100365341092,69.52567117000001,275.63169507000003,0.25224120597721217,Europa
EST,Estonia,2017,34506.6486942506,210.77843360246484,1.846,13.16,0.14027355623100304,Europa
FIN,Finlandia,2017,47234.8528600939,199.38106033374905,16.705242,67.524666,0.24739466315908915,Europa
FRA,Francia,2017,44469.1458856805,154.76699845931915,41.71221207849436,553.8113194212141,0.07531845344383285,Europa
GBR,Reino Unido,2017,46440.8214149807,117.62948288551222,92.99667,338.19732600000003,0.27497754373137767,Europa
GRC,Grecia,2017,28681.6815585005,100.3530497347536,9.838492,55.266089,0.1780204132049221,Europa
HKG,"Hong Kong, Región Administrativa Especial",2017,59260.9131761938,173.74987045975936,0.071694,36.98891622222222,0.001938256302760437,Asia
HRV,Croacia,2017,27887.4600052514,73.91176061331099,1.8083,11.9835,0.15089915300204448,Europa
HUN,Hungría,2017,29728.0121568801,100.95531967430747,3.26,32.915,0.09904298951845662,Europa
IDN,Indonesia,2017,10687.6409218443,28.111680799790843,13.38138,254.65998000000005,0.05254606554198268,Asia
IND,India,2017,5968.11490280172,21.808223813656163,89.98185606517374,1462.397918455231,0.061530350207434595,Asia
IRL,Irlanda,2017,80409.4548397032,126.38101628746657,8.312202,30.997238000000003,0.26815944052821733,Europa
IRN,"Irán, República Islámica del",2017,15719.416701551,126.92235470668037,0.428245,305.164,0.0014033273911732709,Asia
IRQ,Iraq,2017,10191.6616988639,54.32714864428968,0.057305,93.573771,0.0006124045166460162,Asia
ISL,Islandia,2017,56385.0430004634,830.6329689437957,5.177725551,19.238533145,0.26913307329491826,Europa
ISR,Israel,2017,39350.730387912,121.77292798018932,1.798344,67.7115,0.026558915398418287,Asia
ITA,Italia,2017,42142.3435406885,103.48571240059104,67.699,295.83,0.228844268667816,Europa
JPN,Japón,2017,42346.876013211,146.51744030285937,83.51661696568027,1076.3261695038575,0.07759415252736819,Asia
KAZ,Kazajstán,2017,23973.0602295651,143.9047527376957,0.4345534,103.1279558,0.004213730376298218,Asia
KOR,"Corea, República de",2017,43155.9100867658,246.578495952494,19.519263751825854,576.412126699943,0.03386338150721593,Asia
KWT,Kuwait,2017,46565.5499504554,404.5707962067513,0.053214,72.84121400000001,0.0007305479559964499,Asia
LKA,Sri Lanka,2017,13610.4723136277,16.142465796272173,0.65842,14.9837,0.04394241742693727,Asia
LTU,Lituania,2017,31305.0436934372,83.58268801101406,1.9354,4.1872,0.46221818876576237,Europa
LUX,Luxemburgo,2017,114985.842235989,263.22454738105296,0.5147390000000001,2.235141,0.23029374880600376,Europa
LVA,Letonia,2017,25763.9907709703,77.16189395037583,1.08108,7.531189,0.14354705478776325,Europa
MAR,Marruecos,2017,8115.12060546875,22.96320723634213,3.4502000000000006,31.630897,0.10907689402548403,Africa
MEX,México,2017,20488.715079135,66.2507108639721,19.74318862308312,331.38150611111115,0.05957842625189619,America_Norte
MKD,Macedonia del Norte,2017,17161.0354680695,50.743094364851984,0.185782,5.6002160000000005,0.033174077571293675,Europa
MYS,Malasia,2017,26415.5960203287,127.202410158965,1.095,160.634,0.006816738673008206,Asia
NLD,Países Bajos,2017,56037.567993606,214.50121158462628,17.377779,117.167739,0.14831539080906905,Europa
NOR,Noruega,2017,66828.7790099243,222.41919641548168,3.1529610000000003,149.616,0.02107368864292589,Europa
NZL,Nueva Zelandia,2017,42205.9071706198,205.80540308211584,11.138459077410928,44.64015899343966,0.24951656375255835,Oceania
OMN,Omán,2017,33619.4988982607,278.689564766678,0.01556,36.126,0.00043071472069977304,Asia
PAK,Pakistán,2017,4789.53646557553,14.539419267294123,3.753920527269665,127.33981069258456,0.02947955165672528,Asia
PER,Perú,2017,12591.8562879234,29.084766175149195,1.838065,52.742576,0.03484973885234578,America_Sur
PHL,Filipinas,2017,7773.79853599024,19.591438630065348,13.577936,94.370341,0.14387927240826648,Asia
POL,Polonia,2017,30170.2818974087,110.85088799967268,21.562,170.465,0.1264893086557358,Europa
PRT,Portugal,2017,32970.8395386562,94.4984796229676,16.677,59.433,0.2806016859320579,Europa
QAT,Qatar,2017,99358.3403307696,750.18368514457,0.137309,45.555,0.0030141367577653385,Asia
ROU,Rumania,2017,26943.28718432,64.71414534861306,9.788168,64.296,0.1522360333457758,Europa
RUS,Federación de Rusia,2017,25777.904296875,195.2112266319158,1.202528,1091.184,0.0011020396193492574,Europa
SAU,Arabia Saudita,2017,53120.4572456269,372.1000064882167,0.069854,394.99196,0.00017684916928435707,Asia
SGP,Singapur,2017,96056.7007948924,648.8037918255179,0.8976541162110443,52.2253,0.017188108372973337,Asia
SVK,República Eslovaca,2017,30245.7825869756,128.1643276887647,2.208,27.738,0.07960199004975126,Europa
SVN,Eslovenia,2017,36180.0384547624,133.98867878767427,0.5834720000000001,16.326225,0.03573832897684554,Europa
SWE,Suecia,2017,51386.5907915775,185.4721665233716,29.914725,164.25,0.18212922374429225,Europa
THA,Tailandia,2017,17573.339815536,72.86485986364117,23.57008728600004,185.51,0.12705561579429703,Asia
TKM,Turkmenistán,2017,13278.4030353381,179.26274960460026,0.0069599999999999,22.8,0.00030526315789473245,Asia
TTO,Trinidad y Tobago,2017,28484.2557157494,515.7571569376538,0.006255,9.323861,0.0006708594218639681,America_Norte
TUR,Turquía,2017,28353.5406410966,73.71976315385062,29.044600000000003,297.27750000000003,0.09770197879086039,Asia
UKR,Ucrania,2017,11536.0810546875,78.82943615132706,1.915,156.0323,0.012273099864579322,Europa
USA,Estados Unidos,2017,60047.7190728307,274.0596133936475,417.7293059011165,4303.798903898064,0.09706060046689637,America_Norte
UZB,Uzbekistán,2017,8106.62280505191,58.06960695043749,0.00629,60.82,0.00010341992765537651,Asia
VNM,Viet Nam,2017,9169.73192052855,29.18619185833727,0.5659919999999999,194.716992,0.00290674169822837,Asia
ZAF,Sudáfrica,2017,13738.4385854596,85.34570977026091,11.647364,255.485,0.04558922833043035,Africa
ARE,Emiratos Árabes Unidos,2018,77446.2084020359,435.51604983469633,1.1981,136.01427821046096,0.008808634032863274,Asia
ARG,Argentina,2018,24410.3919063335,73.42286115157135,2.9380965351811024,146.773875484766,0.02001784394857145,America_Sur
AUS,Australia,2018,50371.233830782,222.06379135187947,32.182185275530216,262.632006,0.12253717955278542,Oceania
AUT,Austria,2018,56636.4953030542,135.72508039403644,12.428904361665111,68.61804859494885,0.18113170829197897,Europa
AZE,Azerbaiyán,2018,15282.9995232298,62.048700547016495,0.20306,25.2292,0.00804861034039922,Asia
BEL,Bélgica,2018,52466.7330784599,223.19532577446924,16.890100000000032,75.03990000000026,0.22508158992749155,Europa
BGD,Bangladesh,2018,5490.15881865179,9.434992854039784,0.350994,79.72984923,0.004402291028890235,Asia
BGR,Bulgaria,2018,23997.7941525242,109.48273719758016,4.233877,46.837683,0.09039467217026939,Europa
BLR,Belarús,2018,20025.9815543598,116.30493356161546,0.326,38.927,0.00837464998587099,Europa
BRA,Brasil,2018,15463.7426393889,48.2020236438108,106.31881041921892,601.3964876564366,0.1767865503064865,America_Sur
CAN,Canadá,2018,49982.6446255492,331.9568851923478,47.50488405103668,661.2108918245272,0.07184528361284705,America_Norte
CHE,Suiza,2018,72169.4717767024,115.31901376877174,3.878,67.619748,0.057350110207450046,Europa
CHL,Chile,2018,25305.0903462611,79.19813487700934,17.86386751497666,82.29984532493667,0.21705833643364028,America_Sur
CHN,China,2018,16298.2050619109,90.28770368844204,608.1337000000001,7166.133,0.08486218438870728,Asia
COL,Colombia,2018,15239.4049488277,34.541137371676804,2.1742304157070724,78.2651745619921,0.02778030494246088,America_Sur
CYP,Chipre,2018,40262.48828125,89.66127987230318,0.4638,5.0488800000000005,0.09186195750344629,Asia
CZE,República Checa,2018,41638.1831076596,169.05128077646287,7.777102664399991,88.00237999999999,0.0883737765319528,Europa
DEU,Alemania,2018,56320.6026829454,155.41828751603538,207.1936933584958,643.5013842680459,0.32197862883258505,Europa
DNK,Dinamarca,2018,57233.6231685618,108.6510022097463,20.74501955555556,30.370174,0.6830721337176258,Europa
DZA,Argelia,2018,13727.1266357859,56.61226361535756,0.613,76.663,0.007996034592958794,Africa
ECU,Ecuador,2018,12186.8846084388,36.44172726033958,0.546304746831,29.244,0.018680917344788675,America_Sur
EGY,"Egipto, República Árabe de",2018,12329.2446781436,35.57387290076481,3.5404040404040407,199.39878038449007,0.017755394659773084,Africa
ESP,España,2018,41015.1565755187,114.19631486794248,69.815546925,274.452,0.2543816293012986,Europa
EST,Estonia,2018,37120.9879761677,208.34508854993064,1.9988,12.364,0.16166289226787445,Europa
FIN,Finlandia,2018,49248.6775395866,203.52784170104,18.839118,70.263128,0.2681223927292278,Europa
FRA,Francia,2018,46381.0590629457,155.03014037286573,48.42487335555991,574.7914618099874,0.08424772560655754,Europa
GBR,Reino Unido,2018,47636.0128366551,115.94278111818848,104.68691,333.75210000000004,0.3136666705617732,Europa
GRC,Grecia,2018,29792.0592519585,99.967554205505,10.404981,53.26278500000001,0.19535180145011188,Europa
HKG,"Hong Kong, Región Administrativa Especial",2018,60900.2752924537,175.17720255326597,0.074268,36.53371244444444,0.0020328621164065054,Asia
HRV,Croacia,2018,29789.4340021154,74.30343495696349,2.0804,13.6317,0.15261486094911125,Europa
HUN,Hungría,2018,32258.2577892511,101.74665042641006,3.5440000000000005,32.067,0.11051860167773725,Europa
IDN,Indonesia,2018,11372.0971987612,29.31292197459727,26.72853,283.77097000000003,0.09419050158654353,Asia
IND,India,2018,6521.97490856972,22.753475663776086,116.16569583164664,1571.6597147633324,0.07391275270368522,Asia
IRL,Irlanda,2018,86368.9782047908,126.46507864384296,9.649019,31.278041,0.3084917946107942,Europa
IRN,"Irán, República Islámica del",2018,15324.0674634637,129.90441959379098,0.996256,312.35,0.0031895501840883624,Asia
IRQ,Iraq,2018,12034.4011214944,55.47636456067789,0.376545,99.003429,0.003803353114163349,Asia
ISL,Islandia,2018,58105.5882495515,903.6788022864982,6.014196999999999,19.828868,0.30330511050857767,Europa
ISR,Israel,2018,40101.487265134,121.76592765512484,1.9933128,69.2799,0.028771877557559986,Asia
ITA,Italia,2018,43583.3823241172,103.1856487841762,65.62819999999999,289.70840000000004,0.22653191968199743,Europa
JPN,Japón,2018,43090.0699981402,145.79557509264637,94.2855286843747,1082.86063786191,0.08707078767821858,Asia
KAZ,Kazajstán,2018,25096.1285862615,146.65156290854202,0.5290071,107.2688078,0.004931602306854388,Asia
KOR,"Corea, República de",2018,45511.0803506331,250.8837222294933,24.44701092656399,592.90462860374,0.04123261945877442,Asia
KWT,Kuwait,2018,51370.7320595252,401.9076077190173,0.05917,74.16217000000003,0.0007978461255920636,Asia
LKA,Sri Lanka,2018,14178.0225361835,16.254415863528962,0.73472,16.2166,0.04530666107568788,Asia
LTU,Lituania,2018,36491.9385223689,87.53797323784035,1.7746,3.5111,0.5054256500811711,Europa
LUX,Luxemburgo,2018,116638.414163882,270.1253755822055,0.590472,2.199688,0.2684344325195209,Europa
LVA,Letonia,2018,29817.8047263182,74.04255890951426,1.067026,6.724875,0.1586685254372758,Europa
MAR,Marruecos,2018,7801.0986328125,23.217598078605864,4.790898000000002,34.441907,0.1391008343411415,Africa
MEX,México,2018,20921.4775294879,64.8005782265687,23.10688,339.62971,0.06803550843652637,America_Norte
MKD,Macedonia del Norte,2018,18460.5440872584,51.14189212494029,0.174176,5.60717,0.031063085299714473,Europa
MYS,Malasia,2018,27793.5674222948,127.4700992899474,1.983,170.578,0.011625180269436857,Asia
NLD,Países Bajos,2018,58819.2609142584,207.39235154552364,18.809494,114.379713,0.16444781602136038,Europa
NOR,Noruega,2018,72618.1053391628,215.3214118367904,4.142044,147.082,0.02816146095375369,Europa
NZL,Nueva Zelandia,2018,42475.2252680795,199.95245345223984,11.070799050312376,44.74972416599651,0.2473936824559161,Oceania
OMN,Omán,2018,37780.3308327271,295.90527769802713,0.015712,37.714,0.00041660921673649043,Asia
PAK,Pakistán,2018,4979.3734961655,14.55825816148121,4.78340833267132,137.2486246039076,0.03485214038738813,Asia
PER,Perú,2018,13078.2323503405,29.79428535672998,2.790751,54.9823,0.05075726188246036,America_Sur
PHL,Filipinas,2018,8357.74357934219,19.884294612321792,13.9422337315768,101.0646969581548,0.13795355006456403,Asia
POL,Polonia,2018,32345.1066076225,112.61197204748,19.647,170.03900000000002,0.11554408106375594,Europa
PRT,Portugal,2018,34896.7993382974,91.51578935178168,17.008000000000003,59.64001,0.28517768524854376,Europa
QAT,Qatar,2018,110032.713236323,747.4958412983764,0.142889,47.913,0.002982259512032225,Asia
ROU,Rumania,2018,29382.8866943611,65.27071191207996,8.53013,64.785911,0.13166643593234337,Europa
RUS,Federación de Rusia,2018,28628.5625,202.10943169655351,1.366276,1109.1977900000002,0.0012317694935183741,Europa
SAU,Arabia Saudita,2018,59377.8025368768,367.6937779737031,0.1643061577092734,374.78261,0.0004384038995546603,Asia
SGP,Singapur,2018,104198.419110899,649.2589591200924,0.8976561548090372,52.9046,0.016967449991286902,Asia
SVK,República Eslovaca,2018,31509.8187291635,126.61746106557815,2.216,26.971,0.08216232249453118,Europa
SVN,Eslovenia,2018,38620.2045436305,134.37824149783393,0.533699,16.326935,0.032688254102806194,Europa
SWE,Suecia,2018,52962.1832555021,182.0413540953263,28.920725,163.384,0.17701075380698233,Europa
THA,Tailandia,2018,18876.2208766741,74.9231307858878,27.344201671,187.366,0.14594004072777345,Asia
TKM,Turkmenistán,2018,14368.4621432532,193.16564741444557,0.00696,24.2,0.000287603305785124,Asia
TTO,Trinidad y Tobago,2018,28673.2413951653,475.0038860329028,0.006255,9.225641,0.0006780016694774922,America_Norte
TUR,Turquía,2018,28640.3401839802,72.43749867919719,37.829515,304.80190000000005,0.12411180835814999,Asia
UKR,Ucrania,2018,12554.8486328125,81.6168047832598,2.5964,159.8528,0.016242443047603795,Europa
USA,Estados Unidos,2018,62875.6661382728,281.6731367972956,451.622957830941,4464.500817235857,0.10115866841985664,America_Norte
UZB,Uzbekistán,2018,8491.93421125471,60.28883219743525,0.006827,62.8966,0.00010854322809182054,Asia
VNM,Viet Nam,2018,10009.9714756006,34.08970048756069,0.997,217.184,0.004590577574775306,Asia
ZAF,Sudáfrica,2018,13347.3634826038,86.68881624533913,10.887902288000012,256.411,0.04246269578138228,Africa
ARE,Emiratos Árabes Unidos,2019,79816.3029999451,465.71407093620894,3.6558,138.45405785644084,0.02640442654118955,Asia
ARG,Argentina,2019,23516.8261980886,69.54947346228076,7.271315670510942,139.52992245267882,0.05211294855393465,America_Sur
AUS,Australia,2019,52885.8313816377,225.297170745368,41.235989267201525,265.90019900000004,0.1550807010385183,Oceania
AUT,Austria,2019,60354.9279422121,140.03075482066163,13.8204357397369,74.23430241180002,0.186173174539592,Europa
AZE,Azerbaiyán,2019,16675.3179361558,65.18507653246216,0.24755,26.0729,0.009494532637336085,Asia
BEL,Bélgica,2019,56712.469571978,230.3431226046092,19.17320000000006,93.64430000000034,0.20474497646947,Europa
BGD,Bangladesh,2019,6047.12401504125,10.491331944474188,0.414091,84.66788940200001,0.00489076795140022,Asia
BGR,Bulgaria,2019,26765.556194772,108.5254994603882,4.555085,44.276591,0.10287795191820436,Europa
BLR,Belarús,2019,22301.5932411839,117.37497910012328,0.4549999999999999,40.451,0.011248176806506634,Europa
BRA,Brasil,2019,16069.8380152627,48.811066726722665,117.56107737359112,633.3176363914718,0.1856273544558662,America_Sur
CAN,Canadá,2019,50499.0822425462,326.63017591258875,46.93538118022328,655.695604333316,0.07158105204616282,America_Norte
CHE,Suiza,2019,75267.0079269626,118.75239141708632,4.186,71.918723,0.05820459298199719,Europa
CHL,Chile,2019,25613.9095717623,78.91723034355618,19.126712628904407,83.6185178354616,0.22873776196966983,America_Sur
CHN,China,2019,17600.8907568493,92.75433403178828,706.8375000000001,7503.428,0.09420194343172215,Asia
COL,Colombia,2019,16181.5908990662,34.72987965336379,2.19968805441656,80.39115705823686,0.027362313653764986,America_Sur
CYP,Chipre,2019,44393.72265625,88.9011899175893,0.514752,5.141491,0.10011726170482453,Asia
CZE,República Checa,2019,45614.0171132532,165.10220138882312,8.018442070400004,86.99123651599999,0.09217528559816714,Europa
DEU,Alemania,2019,59310.9693966204,149.8851532686375,223.4526849609874,610.2512643300769,0.36616505040147657,Europa
DNK,Dinamarca,2019,60594.966400191,103.55747306454424,23.05624877777778,29.516955000000003,0.7811188104524256,Europa
DZA,Argelia,2019,13892.5333446205,57.63035034828636,0.625,81.527,0.007666171943037276,Africa
ECU,Ecuador,2019,12543.0148243925,35.531537945689365,0.5782503855200001,32.284,0.017911361216701775,America_Sur
EGY,"Egipto, República Árabe de",2019,13363.732696323,34.03005279029717,6.468686868686868,200.5629664385793,0.03225264854998965,Africa
ESP,España,2019,44042.757577336,111.0916217740068,73.83442181999999,267.50080554,0.2760156989843508,Europa
EST,Estonia,2019,40586.3784378888,166.09260240566624,2.1235,7.615,0.27885751805646747,Europa
FIN,Finlandia,2019,52276.1115723992,201.43657698405696,19.463986,68.650852,0.2835214048035412,Europa
FRA,Francia,2019,51130.4723140578,151.17832655862262,55.65851768652282,563.3110458150104,0.09880601152777839,Europa
GBR,Reino Unido,2019,50493.9441896153,111.55396300999983,113.79314,327.1735,0.3478067141745893,Europa
GRC,Grecia,2019,31927.3792151369,97.81318983565625,12.096884,48.625991000000006,0.2487740352685048,Europa
HKG,"Hong Kong, Región Administrativa Especial",2019,61221.4195400701,165.67549679202813,0.091605,36.886605,0.0024834218275170622,Asia
HRV,Croacia,2019,33063.9987060793,76.12085958741676,2.5207,12.7603,0.19754237753030884,Europa
HUN,Hungría,2019,35627.2315520858,102.7328603083062,4.471,34.291000000000004,0.1303840657898574,Europa
IDN,Indonesia,2019,11986.4701508376,30.67315691830699,26.88378,295.44928000000004,0.09099287701767288,Asia
IND,India,2019,6945.40309824538,22.94751822287656,129.9528453869394,1611.1782925095729,0.08065702349087929,Asia
IRL,Irlanda,2019,92042.2566065385,123.605380636443,11.073541,31.121551,0.35581584606756905,Europa
IRN,"Irán, República Islámica del",2019,13927.5128074328,134.10902654679208,1.243159,318.885,0.00389845555607821,Asia
IRQ,Iraq,2019,12248.5917385963,58.696200483912975,0.376545,115.211044,0.0032683064654808617,Asia
ISL,Islandia,2019,61270.1315624391,860.9442247252197,6.024707487,19.48883512,0.3091363567860078,Europa
ISR,Israel,2019,41176.910821106,122.32199400971326,3.28285536,72.37710000000001,0.04535765262769577,Asia
ITA,Italia,2019,46661.9105159611,102.4521160388134,69.5284,293.8532,0.23660930015395443,Europa
JPN,Japón,2019,43743.5313931194,142.94782714206798,102.38318358047614,1047.2905908095588,0.09776005292030136,Asia
KAZ,Kazajstán,2019,28689.2710838374,146.28314299936852,1.1033214,106.483161,0.010361463630855211,Asia
KOR,"Corea, República de",2019,46511.2196957018,247.13733086151868,30.22269828210486,586.806003805959,0.05150373051073741,Asia
KWT,Kuwait,2019,50703.0001343301,358.9521400640031,0.069542,75.140542,0.0009254923926420442,Asia
LKA,Sri Lanka,2019,14112.9525042604,16.625510521642582,0.9661,16.8413,0.057364930260728086,Asia
LTU,Lituania,2019,40563.8304884555,86.73787405224768,2.1237,3.9716,0.5347215228119649,Europa
LUX,Luxemburgo,2019,121371.73990307,269.3185420856364,0.689797,1.908422,0.3614488828990653,Europa
LVA,Letonia,2019,32199.0960377091,77.87505636994973,1.084556,6.438385,0.16845156044567078,Europa
MAR,Marruecos,2019,8046.22900390625,25.003536897183736,6.280652000000003,40.148075,0.15643718908067206,Africa
MEX,México,2019,20964.2774863762,62.29612041944701,34.01281,349.08132,0.09743520506912258,America_Norte
MKD,Macedonia del Norte,2019,20222.4719203634,54.90240952311245,0.180134436,5.869769775000001,0.03068850106646644,Europa
MYS,Malasia,2019,28933.928297233,128.71201642377213,2.595,178.493,0.014538385258805669,Asia
NLD,Países Bajos,2019,62345.2538465433,204.23259126020076,22.729009,121.411247,0.1872067832397768,Europa
NOR,Noruega,2019,73630.0721860814,205.95565016556867,5.883025,134.89,0.043613499888798285,Europa
NZL,Nueva Zelandia,2019,45295.8241222088,201.2804102379565,11.381341543430668,45.21631556958606,0.251708733895296,Oceania
OMN,Omán,2019,37250.6110788359,293.11209717547564,0.025255,38.834,0.0006503321831384868,Asia
PAK,Pakistán,2019,5037.53401559745,14.26643186684623,6.386297962015961,138.67076371491058,0.04605367267714322,Asia
PER,Perú,2019,13563.5372933551,30.059857379787893,2.942511111111114,57.0385,0.0515881573167442,America_Sur
PHL,Filipinas,2019,8924.10116402887,20.34307192658879,14.01891528,107.54943257020632,0.13034857502245498,Asia
POL,Polonia,2019,35882.3655065553,108.9574554904758,23.500416,163.988501,0.14330526748335848,Europa
PRT,Portugal,2019,37865.5603564295,88.80188707152718,18.587,53.155,0.34967547737748095,Europa
QAT,Qatar,2019,107502.469793988,750.1124335004414,0.125939,49.873,0.0025251939927415637,Asia
ROU,Rumania,2019,33425.1219389628,64.6424140656579,9.055144,59.512508,0.15215530825889578,Europa
RUS,Federación de Rusia,2019,30963.853515625,200.41892785809327,1.838409,1118.14323,0.00164416234939776,Europa
SAU,Arabia Saudita,2019,59560.2537904546,350.6926115866031,0.2124306283772812,378.5363224092,0.0005611895498568362,Asia
SGP,Singapur,2019,105521.619340296,630.4062225766758,0.9548959211667616,54.1423,0.017636781613761542,Asia
SVK,República Eslovaca,2019,33985.6758419661,121.61244442488226,2.288,28.434,0.08046704649363437,Europa
SVN,Eslovenia,2019,42373.2506369279,130.25467069167706,0.5654009999999999,16.099564,0.035119025583549957,Europa
SWE,Suecia,2019,56909.753155728,184.21688762963777,33.545584,168.423,0.19917460204366386,Europa
THA,Tailandia,2019,19963.3918407099,74.48915835696147,32.030357051,197.267,0.1623705792200419,Asia
TKM,Turkmenistán,2019,15389.2461090476,187.0890804566886,0.00696,22.5,0.00030933333333333334,Asia
TTO,Trinidad y Tobago,2019,29315.8054064667,473.2288478438392,0.006255,9.188740999999998,0.0006807243778010504,America_Norte
TUR,Turquía,2019,29016.4555653445,72.51809390471394,43.45499528461444,303.89756042480025,0.14299224786099402,Asia
UKR,Ucrania,2019,14217.486328125,78.370842163278,5.3599,154.141,0.03477270810491693,Europa
USA,Estados Unidos,2019,65227.9565911038,276.9228516605216,483.6654764912281,4414.082648773644,0.10957327149857603,America_Norte
UZB,Uzbekistán,2019,8909.36758868309,60.66105865042898,0.022327,63.5316,0.00035143141365871473,Asia
VNM,Viet Nam,2019,11029.2732083963,38.74805879395912,5.892,236.886,0.024872723588561588,Asia
ZAF,Sudáfrica,2019,13361.4851289112,89.63391342373133,11.586944986999988,252.653,0.045861101934273445,Africa
ARE,Emiratos Árabes Unidos,2020,66790.6630877602,447.7657215177615,5.185365926999999,137.31036462050002,0.0377638348083291,Asia
ARG,Argentina,2020,22393.3479575353,64.70668797726348,12.95452375744186,144.6427873384152,0.08956218278020775,America_Sur
AUS,Australia,2020,54184.1614486854,207.7595071067342,49.86185693214747,265.162088,0.18804293369475758,Oceania
AUT,Austria,2020,58523.0337816246,127.42574284940572,13.435601937640254,72.5563125052,0.18517481765183896,Europa
AZE,Azerbaiyán,2020,15163.5703327282,64.68299771435521,0.2433999999999999,25.8391,0.009419832734112253,Asia
BEL,Bélgica,2020,56120.0958420466,203.1337954641465,23.193800000000078,89.45360000000038,0.2592830249425398,Europa
BGD,Bangladesh,2020,6640.58437331062,9.854361528681402,0.4991129205479452,84.73946113281794,0.005889970432614051,Asia
BGR,Bulgaria,2020,27351.8659900682,100.8334567670439,4.645192000000001,40.754441,0.11398001999340393,Europa
BLR,Belarús,2020,24872.3066744528,109.8930943950664,0.623,38.685,0.016104433242858988,Europa
BRA,Brasil,2020,16101.6183063466,45.791047081915536,126.54089677131188,628.7637168445165,0.20125349695170702,America_Sur
CAN,Canadá,2020,48590.748859725,300.6990924743798,50.24127587453482,655.8811111855396,0.07660119344452697,America_Norte
CHE,Suiza,2020,74384.6631232325,106.06979129980112,4.863,70.331,0.06914447398728868,Europa
CHL,Chile,2020,25357.0056990873,71.8093980273108,20.36899932820357,83.71428528443153,0.24331569288320287,America_Sur
CHN,China,2020,18267.4783455827,94.97732271134905,818.1195,7779.060000000001,0.10516945492128868,Asia
COL,Colombia,2020,15519.2101694656,31.0824937122006,2.2419044183826404,79.3542233213873,0.028251860134814143,America_Sur
CYP,Chipre,2020,42569.06640625,75.7368692498428,0.5966480000000001,4.849201,0.12304047615266929,Asia
CZE,República Checa,2020,44839.4822099455,153.1581969645582,8.199812801047585,81.50301441720389,0.10060747887279058,Europa
DEU,Alemania,2020,58704.5861986404,138.04242367408054,234.8188248065348,576.8082037557742,0.40710035550388807,Europa
DNK,Dinamarca,2020,62682.2899474389,90.28260958921436,23.429803,28.728658,0.8155550809230282,Europa
DZA,Argelia,2020,12676.5130564294,52.94230812270017,0.6927000000000001,79.15530000000001,0.008751151217922236,Africa
ECU,Ecuador,2020,11526.8013009278,29.40678846724873,0.58544,31.24799,0.018735285053534643,America_Sur
EGY,"Egipto, República Árabe de",2020,15231.865417764,31.22789681807517,9.684848484848484,198.61019257087,0.04876309901060412,Africa
ESP,España,2020,39327.8479269599,96.39535416233392,83.248055045,263.3729547542341,0.31608429621288464,Europa
EST,Estonia,2020,40672.1340402132,153.41132699053813,2.9405,6.079,0.48371442671492026,Europa
FIN,Finlandia,2020,53296.5792798852,186.15333235611533,20.043999,69.267072,0.28937269067761373,Europa
FRA,Francia,2020,49481.8044309655,133.047149548867,62.03945619015598,524.8522870587557,0.11820365028381946,Europa
GBR,Reino Unido,2020,48719.8339897935,98.75823580004467,126.7464,310.2962,0.40846906923126997,Europa
GRC,Grecia,2020,29533.087740299,83.85802472184874,14.210511999999998,48.251884,0.29450688391773466,Europa
HKG,"Hong Kong, Región Administrativa Especial",2020,58187.4764072535,124.0224219851878,0.233985,35.31926277777777,0.006624855152617144,Asia
HRV,Croacia,2020,31594.0082486835,72.61859226617244,2.8882000000000003,13.3853,0.21577402075411087,Europa
HUN,Hungría,2020,35583.5855675637,100.74177420181654,5.285000000000001,34.93,0.15130260521042088,Europa
IDN,Indonesia,2020,11729.3674458448,28.689796806027303,28.576470000000004,291.82997,0.09792164252355577,Asia
IND,India,2020,6766.06119055994,21.427680463346903,140.75732521190918,1570.975728358172,0.08959866321996889,Asia
IRL,Irlanda,2020,97677.4943055886,112.54571892293468,12.71914,32.459798,0.3918428574324461,Europa
IRN,"Irán, República Islámica del",2020,15119.3058859964,138.87618317761962,1.73221,337.219,0.005136750894819094,Asia
IRQ,Iraq,2020,10573.9304750715,45.70118802306124,0.3775766301369863,116.794080630137,0.0032328404667415836,Asia
ISL,Islandia,2020,56840.7423583166,797.8244266819775,5.967262494,19.12730167900001,0.3119761790839268,Europa
ISR,Israel,2020,40969.2987342816,113.8067527192867,4.342686432000001,72.7603,0.059684834064730366,Asia
ITA,Italia,2020,44435.6434393527,92.34565694695333,69.363,280.531,0.24725609647418645,Europa
JPN,Japón,2020,43560.021428549,132.22928448357953,114.4405915534072,1010.7695319308824,0.11322125166831086,Asia
KAZ,Kazajstán,2020,29039.8229624509,132.4059332404906,2.2726580000000003,108.6284069,0.02092139675851216,Asia
KOR,"Corea, República de",2020,47881.4921344193,237.19084981986205,36.521721322583645,577.1119011619401,0.06328360452981803,Asia
KWT,Kuwait,2020,41461.7235642777,343.380771457845,0.0698169999999999,74.82570197808222,0.0009330617442179232,Asia
LKA,Sri Lanka,2020,12940.9043296014,14.81749408691987,1.2692,16.916900000000002,0.0750255661498265,Asia
LTU,Lituania,2020,41262.7276941725,86.24324083357897,2.2746,5.5175,0.41225192569098323,Europa
LUX,Luxemburgo,2020,122066.739147202,225.49058361131665,0.884686,2.234264,0.39596305539542326,Europa
LVA,Letonia,2020,32741.4207691987,69.2498371515152,1.0464870000000002,5.724845999999999,0.1827974062533735,Europa
MAR,Marruecos,2020,7704.84912109375,22.73642876452513,6.111724533000001,38.47200978475,0.1588615870913674,Africa
MEX,México,2020,19354.1248682138,56.36451547855771,42.77913,353.22762,0.12110924394870368,America_Norte
MKD,Macedonia del Norte,2020,19962.153035286,48.83101387974781,0.198344915,5.347098196999999,0.0370939353818641,Europa
MYS,Malasia,2020,27474.7361378236,122.02263844461524,3.293,174.004,0.01892485230224593,Asia
NLD,Países Bajos,2020,62596.6302027524,194.06707124108823,32.683420000000005,123.27813,0.2651193686990548,Europa
NOR,Noruega,2020,69779.2862630574,209.97717570676764,10.284491513432416,155.196,0.06626776149792789,Europa
NZL,Nueva Zelandia,2020,45574.965884882,182.68463579944333,11.49400841826732,44.59940682670295,0.25771662082701796,Oceania
OMN,Omán,2020,35163.3281781415,287.5968115207321,0.159962,38.322,0.004174155837378007,Asia
PAK,Pakistán,2020,5048.0213062963,13.750399896112173,7.4564376366650205,138.21048079300212,0.053949871195604404,Asia
PER,Perú,2020,12563.3038060893,25.636302256614734,3.0984041010000007,52.803,0.05867856184307711,America_Sur
PHL,Filipinas,2020,8238.36802037457,18.46239394956482,14.41691128,103.27328623228414,0.13959961773244267,Asia
POL,Polonia,2020,37089.3004256812,104.2678116870086,26.108225,158.042741,0.16519724243456396,Europa
PRT,Portugal,2020,35966.712796561,77.69544119758591,18.02288934317,53.079,0.3395483966007272,Europa
QAT,Qatar,2020,82149.3573751713,661.37375081492,0.142752,49.259,0.002897988184900221,Asia
ROU,Rumania,2020,34193.845654499,62.46002750721522,9.224537,55.811936,0.16527892886568205,Europa
RUS,Federación de Rusia,2020,31490.8046875,192.7897860899203,3.814939,1085.41873,0.0035147163896830855,Europa
SAU,Arabia Saudita,2020,47518.4877485153,335.33200077246534,0.9166,380.89397670899,0.0024064439346603247,Asia
SGP,Singapur,2020,102117.449503559,595.5982172229077,0.9799372167946858,53.07158519867644,0.018464442189285214,Asia
SVK,República Eslovaca,2020,35327.9439165588,118.98904680656015,2.3400000000000003,28.838,0.0811429364033567,Europa
SVN,Eslovenia,2020,41767.2579899957,123.22635083283528,0.651824,17.190698,0.03791725036412134,Europa
SWE,Suecia,2020,57396.2588780383,160.73192701618095,39.738217000000006,163.817,0.24257688152023296,Europa
THA,Tailandia,2020,19156.5820127644,69.1770612336325,29.517117557,185.602,0.1590344800002155,Asia
TKM,Turkmenistán,2020,14971.3322055898,214.671245018982,0.0069790684931506,25.7625,0.00027090028115092093,Asia
TTO,Trinidad y Tobago,2020,26731.3556410029,411.5669568116028,0.006255,9.225641,0.0006780016694774922,America_Norte
TUR,Turquía,2020,29209.3308866883,71.54373890529638,50.26601308530032,306.7030924444176,0.1638914452563265,Asia
UKR,Ucrania,2020,15541.02734375,76.43705217834979,9.3889,147.8014,0.06352375552599637,Europa
USA,Estados Unidos,2020,64465.2971415748,253.9064288724912,547.7097693141945,4287.613828814803,0.12774232736010985,America_Norte
UZB,Uzbekistán,2020,8920.32011703083,56.81209838231083,0.006845704109589,66.5007,0.00010294183534292122,Asia
VNM,Viet Nam,2020,11609.3177276423,38.73633294951433,12.524065300000014,244.4470653,0.05123426327344015,Asia
ZAF,Sudáfrica,2020,12671.0862436851,79.1692340200643,12.478703997999975,239.547,0.05209292538833705,Africa
ARE,Emiratos Árabes Unidos,2021,68580.1312912676,444.81880338947406,6.252780752,149.052872,0.04195008568503128,Asia
ARG,Argentina,2021,26300.274261175,70.9871116849792,17.39383738968992,153.15191769,0.11357244265721424,America_Sur
AUS,Australia,2021,58327.4146842325,203.75563182670484,61.33372789781511,267.452257,0.22932589384659827,Oceania
AUT,Austria,2021,62968.8538770186,131.4237225765063,13.993636,70.886543,0.19740892146482583,Europa
AZE,Azerbaiyán,2021,20111.3756952109,68.67393954956472,0.2432,27.8878,0.008720659212989193,Asia
BEL,Bélgica,2021,60669.2137746534,228.52201445771823,22.33180000000008,100.48180000000036,0.22224721292811234,Europa
BGD,Bangladesh,2021,7441.06913961254,10.531328903512678,0.6497559999999999,94.95146164500002,0.006843033153394484,Asia
BGR,Bulgaria,2021,30958.9830238332,113.88056929086422,5.489051000000001,47.568096,0.11539354024176207,Europa
BLR,Belarús,2021,27611.1801135157,122.47153806185294,0.8857,41.24,0.021476721629485936,Europa
BRA,Brasil,2021,18075.7060049068,48.94929956864184,145.04964168996344,656.3963032413353,0.22097876080912884,America_Sur
CAN,Canadá,2021,56995.0952020711,302.05948015524217,52.95978808080808,652.4037634792749,0.08117639879692459,America_Norte
CHE,Suiza,2021,83524.9832880195,97.00917898823046,5.194999999999999,64.958,0.07997475291726962,Europa
CHL,Chile,2021,29106.6356522053,77.59304025918804,24.951837339337548,87.37844249757184,0.2855605642093121,America_Sur
CHN,China,2021,20843.2978347377,100.07902227530984,1085.8853803418804,8534.248,0.12723855462624012,Asia
COL,Colombia,2021,17383.0901728295,32.87962884728134,2.24613476662472,85.56853,0.02624954252018493,America_Sur
CYP,Chipre,2021,47632.5703125,78.37938060553063,0.774756,5.119423,0.15133658617387155,Asia
CZE,República Checa,2021,47796.0337408466,161.7799117948898,8.221068953340863,84.99880604613057,0.09671981685106404,Europa
DEU,Alemania,2021,62630.7748127737,143.77278068507857,220.00547649234568,592.8470293391686,0.3710999053796055,Europa
DNK,Dinamarca,2021,69327.998216527,98.34254159565396,26.081682000000004,33.050615,0.7891436210793659,Europa
DZA,Argelia,2021,14496.8654697299,56.8234172489822,0.6745,85.39,0.007899051411172269,Africa
ECU,Ecuador,2021,13507.4445638375,34.90102752137711,0.51381,32.20688,0.01595342361632049,America_Sur
EGY,"Egipto, República Árabe de",2021,15579.0160861551,33.11122906479953,10.457575757575755,209.65550048875852,0.049879806316536296,Africa
ESP,España,2021,44251.6658222621,103.17744060012932,96.05000428,274.312,0.35014875134882906,Europa
EST,Estonia,2021,44247.4198971873,160.62311171454027,2.8555330000000003,7.204459,0.396356339872293,Europa
FIN,Finlandia,2021,56790.3766177692,192.11379393217516,22.383378,72.120231,0.3103619842814979,Europa
FRA,Francia,2021,52517.3354905855,142.35837222004326,61.59383011448541,547.7097069094625,0.11245707230941406,Europa
GBR,Reino Unido,2021,51840.4424245515,99.70769758021969,117.0589,307.8807,0.3802086327593772,Europa
GRC,Grecia,2021,33528.2271202515,91.01329047701252,16.233164000000002,54.715129000000005,0.2966851087932188,Europa
HKG,"Hong Kong, Región Administrativa Especial",2021,65884.9376260603,117.23524856601315,0.3516849999999999,37.32501833333333,0.00942223247847478,Asia
HRV,Croacia,2021,36930.076102199,76.78495774802929,3.4002,15.2104,0.22354441697785726,Europa
HUN,Hungría,2021,38887.1909527154,105.47936977132376,6.702999999999999,36.1203,0.18557431693535212,Europa
IDN,Indonesia,2021,12757.0746440204,29.558549078597668,31.504120000000004,309.076,0.10193001074169461,Asia
IND,India,2021,7818.65701757504,23.117302867428617,159.48442196096124,1683.312006988783,0.09474442129493109,Asia
IRL,Irlanda,2021,116702.85817485,116.19822374182756,11.0193,32.028121,0.3440507796258169,Europa
IRN,"Irán, República Islámica del",2021,15884.4276775963,136.41821277827052,1.7726267038835983,356.41200000000003,0.0049735326080030924,Asia
IRQ,Iraq,2021,12731.7535755128,48.39234850419883,0.3765450000000001,118.052773,0.0031896328263292897,Asia
ISL,Islandia,2021,62720.7916832797,792.832141815352,5.8076870000000005,19.614,0.29609906189456514,Europa
ISR,Israel,2021,46151.100820403,114.03081520368694,5.4970037184,73.78810000000001,0.07449715765008177,Asia
ITA,Italia,2021,49825.3934111848,99.93119693576692,70.9509,289.0695,0.2454458183931546,Europa
JPN,Japón,2021,45999.4617966896,138.86045053262572,128.5105084612243,1034.6602432002571,0.12420551510101009,Asia
KAZ,Kazajstán,2021,32945.8515725823,146.20923833062471,3.3782985000000005,115.0792111,0.029356288314006357,Asia
KOR,"Corea, República de",2021,51718.2518656631,249.81773863030705,45.050225247881606,607.767902722756,0.07412406125111226,Asia
KWT,Kuwait,2021,50651.9575337091,380.6360267484124,0.212,80.781,0.0026243794951783216,Asia
LKA,Sri Lanka,2021,14316.1352225567,15.218368005158682,1.8939,17.9477,0.10552327039119218,Asia
LTU,Lituania,2021,45897.3715026327,86.19463601854144,2.2380000000000004,5.078600000000001,0.4406726263143386,Europa
LUX,Luxemburgo,2021,136772.443753292,237.158075249176,0.883032,2.210988,0.39938344305803564,Europa
LVA,Letonia,2021,36912.0130602161,73.16938905386442,1.010027,5.846221,0.17276579178241808,Europa
MAR,Marruecos,2021,8623.265625,24.973728736766137,6.926876279,41.02472104203,0.16884639561359566,Africa
MEX,México,2021,20782.5877440905,58.27412155121628,47.52749,358.01291000000003,0.1327535646689389,America_Norte
MKD,Macedonia del Norte,2021,22144.1924252732,51.32826804220686,0.208153276,5.531507894000001,0.037630476171928245,Europa
MYS,Malasia,2021,29822.8491831618,125.5609123428339,3.349,178.58,0.018753499832008063,Asia
NLD,Países Bajos,2021,68573.5648786447,196.5456429780391,40.344791,122.170454,0.3302336176961412,Europa
NOR,Noruega,2021,92205.7698636049,211.48379692368053,12.093312999999998,157.92118900000003,0.07657815316980672,Europa
NZL,Nueva Zelandia,2021,48202.0913368233,179.50309681812448,12.015862999018111,44.5897806343544,0.2694757145712539,Oceania
OMN,Omán,2021,38719.4587682049,316.55883058260736,0.8025939999999999,40.992274,0.01957915289110333,Asia
PAK,Pakistán,2021,5367.27364714762,15.200428954469055,9.936178072279304,152.7931714831559,0.06503024955781274,Asia
PER,Perú,2021,15285.7706852395,29.469842192179534,3.197319433444449,57.4832,0.05562180660513766,America_Sur
PHL,Filipinas,2021,8857.78995115514,19.084793467373345,14.23716744,107.769204,0.1321079391103232,Asia
POL,Polonia,2021,41059.5847829682,112.37505076016724,28.229269,179.631509,0.1571509873582368,Europa
PRT,Portugal,2021,38657.6677223429,77.24064584640574,19.638327078,50.981,0.3852087459641827,Europa
QAT,Qatar,2021,116832.570294098,698.4147730557471,0.1423619672131147,51.641,0.002756762402221388,Asia
ROU,Rumania,2021,37534.0002643549,66.31584359007311,8.931799000000002,59.333898000000005,0.1505345055873457,Europa
RUS,Federación de Rusia,2021,38638.4296875,199.8309619743255,5.7169490000000005,1157.08583,0.004940816706743355,Europa
SAU,Arabia Saudita,2021,62690.4966645929,342.5209254599396,1.0,392.94357328650057,0.00254489465659459,Asia
SGP,Singapur,2021,133990.186782104,603.4794814211441,1.0695052886692205,55.78828579334227,0.019170786007496478,Asia
SVK,República Eslovaca,2021,38330.302743447,129.05630133326932,2.52,30.016,0.08395522388059702,Europa
SVN,Eslovenia,2021,45922.6632600134,121.42095761078023,0.739206,15.876922,0.04655852059989966,Europa
SWE,Suecia,2021,62190.8526983825,171.09756693007975,41.697344,171.779,0.2427383091064682,Europa
THA,Tailandia,2021,20236.9760408784,69.24548015227579,32.12314374799999,186.699,0.17205846709409256,Asia
TKM,Turkmenistán,2021,16259.8700051884,217.9874049291324,0.00696,28.4,0.00024507042253521126,Asia
TTO,Trinidad y Tobago,2021,30482.1201798631,418.904359354796,0.006255,9.262341,0.0006753152361805726,America_Norte
TUR,Turquía,2021,32105.5474400506,77.53176373312722,62.64065448689893,334.7231119286995,0.18714170684527523,Asia
UKR,Ucrania,2021,17846.408203125,79.33125875565928,11.23985,156.452,0.07184216245238156,Europa
USA,Estados Unidos,2021,71441.231980595,266.8104928512658,622.022114832536,4400.900615259557,0.14133973229837418,America_Norte
UZB,Uzbekistán,2021,9705.60054565692,61.08539042063077,0.050221,71.36460000000001,0.0007037242554431748,Asia
VNM,Viet Nam,2021,12048.9019935536,36.33235781638563,31.17711830000001,254.9801183,0.12227274231365047,Asia
ZAF,Sudáfrica,2021,13681.9548144813,78.6332661755172,15.208327461999996,244.412,0.06222414391273749,Africa
ARE,Emiratos Árabes Unidos,2022,75059.7702106115,455.0170953682356,7.755801572,155.4385,0.049896271335608616,Asia
ARG,Argentina,2022,29804.0832363731,73.79724183726147,19.50315618876744,145.61899534600002,0.13393277533900505,America_Sur
AUS,Australia,2022,66103.1797066957,209.4859892616233,70.78098299999999,272.921745,0.2593453409144808,Oceania
AUT,Austria,2022,72286.6352565355,122.19216658654888,15.781999,69.174038,0.22814916486442502,Europa
AZE,Azerbaiyán,2022,22548.5145929929,72.54805410134739,0.24685,29.0398,0.008500402895336745,Asia
BEL,Bélgica,2022,68878.9167847285,211.98003551297296,24.160700000000087,95.95030000000033,0.2518043195279223,Europa
BGD,Bangladesh,2022,8449.20977931373,10.838256297105136,0.665075322,100.154593385,0.006640487465646356,Asia
BGR,Bulgaria,2022,36320.2814407535,119.11161155410976,5.836557000000001,50.499304,0.1155769790411369,Europa
BLR,Belarús,2022,28424.9893656867,119.66973772923302,0.9042111984282908,39.71749598715891,0.022766067597026558,Europa
BRA,Brasil,2022,19873.7032623309,49.03869826256563,166.77977046670986,677.1615627880478,0.2462924354123627,America_Sur
CAN,Canadá,2022,64217.0443455227,306.0090780654085,54.734333514088256,664.5352575088749,0.08236483000054708,America_Norte
CHE,Suiza,2022,94629.7224204886,104.11130982254257,6.314,64.52,0.09786112833230007,Europa
CHL,Chile,2022,30918.9258262719,79.86584454699411,30.67873390701502,88.04003800399886,0.34846343325773627,America_Sur
CHN,China,2022,23028.4517927066,101.80792196787787,1298.9395,8848.712,0.1467941888039751,Asia
COL,Colombia,2022,20854.002999162,35.73565238368007,2.44367079502786,89.29658456697122,0.027365781198441474,America_Sur
CYP,Chipre,2022,55876.3828125,82.36049215408326,0.883965,5.267931,0.16780117279440449,Asia
CZE,República Checa,2022,52946.9660854462,156.22168621641868,8.534722972627312,84.7016262923183,0.10076220901795528,Europa
DEU,Alemania,2022,69669.6495435563,134.56325386183096,237.8816640810792,578.8867486259386,0.41092953785126646,Europa
DNK,Dinamarca,2022,78554.1217617983,95.99320690475128,28.454812,35.332288,0.8053486940896667,Europa
DZA,Argelia,2022,15833.5847271335,58.03657898676332,0.665,91.231,0.007289188981815392,Africa
ECU,Ecuador,2022,15195.6639594842,37.04485923245439,0.4887699999999999,33.008300000000006,0.014807487813671102,America_Sur
EGY,"Egipto, República Árabe de",2022,17524.0240491999,34.17675229054862,10.9,216.7106129032258,0.0502974905288441,Africa
ESP,España,2022,51482.523634807,108.045359088474,105.25851623,292.454,0.3599147771273431,Europa
EST,Estonia,2022,48029.83322897,162.82100805736337,2.833152,8.936849,0.31701911937865346,Europa
FIN,Finlandia,2022,62133.1375219912,188.2599046463968,25.174871,72.186834,0.348746019253317,Europa
FRA,Francia,2022,57012.0586826676,124.69630834740605,67.61380031757722,467.1939316429116,0.14472319895040117,Europa
GBR,Reino Unido,2022,60266.7467325014,98.47749485866125,130.1602,324.8208000000001,0.40071387054031016,Europa
GRC,Grecia,2022,39447.813910406,96.46072042705222,18.591569,52.670055,0.35298176544528004,Europa
HKG,"Hong Kong, Región Administrativa Especial",2022,68590.1858741565,104.83106580369837,0.4527739999999999,36.54388511111112,0.012389870387982763,Asia
HRV,Croacia,2022,42125.1926231817,74.70418718894273,3.4912,14.2205,0.24550472908828805,Europa
HUN,Hungría,2022,44232.4363539167,98.9620139440226,7.484000000000001,35.80176,0.20904000250267027,Europa
IDN,Indonesia,2022,14282.6654124401,36.48408978967733,38.097730000000006,333.53700000000003,0.11422339950290374,Asia
IND,India,2022,8941.09277447514,24.06748328677295,190.79048351752576,1806.1482766059848,0.10563389838405117,Asia
IRL,Irlanda,2022,138464.829172919,117.48089140293736,12.555844,34.045218,0.3687990483714923,Europa
IRN,"Irán, República Islámica del",2022,17542.844026084,140.10692080529927,1.8886267038835984,367.073,0.005145098397004407,Asia
IRQ,Iraq,2022,14388.8485236797,50.84862183178124,0.376545,131.308207,0.0028676425381392954,Asia
ISL,Islandia,2022,76592.3392429534,811.7332238033514,5.921852,20.120517,0.2943190773875244,Europa
ISR,Israel,2022,53616.7140829107,116.5863358146456,6.38478146208,75.9845,0.08402741956688536,Asia
ITA,Italia,2022,57260.8945372493,99.34976423595008,72.06850000000001,283.95300000000003,0.2538043267723884,Europa
JPN,Japón,2022,49245.964174373,138.0717101969068,138.30202291289638,1040.5497303103823,0.13291245856326608,Asia
KAZ,Kazajstán,2022,35889.3953214448,143.37942246018005,4.0872476,113.4531695,0.036025856465825755,Asia
KOR,"Corea, República de",2022,55509.3368761174,253.4608356906178,51.94362848950001,622.5851297960049,0.08343217016204636,Asia
KWT,Kuwait,2022,55034.2790289403,378.6068155632466,0.177,83.544,0.00211864406779661,Asia
LKA,Sri Lanka,2022,14191.4051912109,12.695228999093237,1.8229,16.828500000000002,0.10832219152033751,Asia
LTU,Lituania,2022,50653.3394443751,78.24432468150258,2.5626,4.7828,0.5357949318390901,Europa
LUX,Luxemburgo,2022,146919.145398495,207.98744572076933,0.977985,2.268848,0.4310491491717382,Europa
LVA,Letonia,2022,40546.4638799692,64.19396133506329,1.066694,5.030972,0.2120254296784001,Europa
MAR,Marruecos,2022,9308.556640625,24.617816545765248,6.803625838999999,41.15594403737549,0.16531332224626732,Africa
MEX,México,2022,23135.4931593441,60.26685286090314,47.6773,367.97804,0.1295656121218538,America_Norte
MKD,Macedonia del Norte,2022,24212.3733096953,55.22286385236114,0.259924005,5.942457999999999,0.04374015011969795,Europa
MYS,Malasia,2022,34414.4136245222,134.35754909087134,4.876,192.455,0.02533579278272843,Asia
NLD,Países Bajos,2022,78630.3599072098,178.70156935065978,48.044545,121.57489,0.395184770473574,Europa
NOR,Noruega,2022,129914.042717786,201.31299753494216,15.220842,146.730944,0.10373300672010943,Europa
NZL,Nueva Zelandia,2022,54080.0485491723,174.38375830934413,12.331170300236035,44.740927850336455,0.27561275308114347,Oceania
OMN,Omán,2022,42609.5810436221,321.3581196577732,1.961531597087099,42.51062056773063,0.046142153910970596,Asia
PAK,Pakistán,2022,5919.33605935593,13.811824696879215,13.336602365196104,153.8322741807011,0.08669573687463067,Asia
PER,Perú,2022,16673.6937563476,30.57246049791472,3.3709525779695757,59.80677654213128,0.056364057266903286,America_Sur
PHL,Filipinas,2022,10129.7407504053,19.87894221065117,14.634963904,113.284634,0.12918754633571927,Asia
POL,Polonia,2022,46777.5524519162,106.77713821833676,35.720392000000004,179.74812100000003,0.198724703219568,Europa
PRT,Portugal,2022,45250.0152469537,78.07215261813232,21.071,48.808,0.431712014423865,Europa
QAT,Qatar,2022,122901.018274888,707.6829863547872,0.4056956712328768,54.623000000000005,0.007427194977076996,Asia
ROU,Rumania,2022,41979.4260140907,61.84762013315639,9.632427,55.900161,0.1723148346567374,Europa
RUS,Federación de Rusia,2022,40932.71484375,208.2156066710311,7.441489000000001,1166.93525,0.006376951077619774,Europa
SAU,Arabia Saudita,2022,71956.6694296826,349.94227136684367,2.01,409.8388368949192,0.004904366836555694,Asia
SGP,Singapur,2022,144417.646950009,582.4802267240534,1.6365458436581708,57.11366419126598,0.0286541910212169,Asia
SVK,República Eslovaca,2022,41529.408474315,119.12091199132514,2.144,26.838,0.07988672777405172,Europa
SVN,Eslovenia,2022,52322.1405997493,114.7338234978375,0.923629,13.615509,0.06783653846506951,Europa
SWE,Suecia,2022,66517.6358713011,165.1564941579507,48.154967,173.142,0.27812412355176674,Europa
THA,Tailandia,2022,22245.6387597542,69.25559984903339,32.64182459000002,191.323,0.17061108486695284,Asia
TKM,Turkmenistán,2022,18148.7189785918,227.14755211287127,0.00696,32.6,0.0002134969325153374,Asia
TTO,Trinidad y Tobago,2022,32973.632075038,416.4438925349547,0.006255,9.493243,0.0006588896965978855,America_Norte
TUR,Turquía,2022,39919.1608756567,76.93235098820352,71.04002907028902,328.3793415166019,0.2163352564817097,Asia
UKR,Ucrania,2022,14767.73046875,57.54321596696417,7.269400000000001,111.5045,0.0651937814168935,Europa
USA,Estados Unidos,2022,78008.6895811877,270.02570860472696,717.3408566507178,4537.725857392945,0.15808378011245725,America_Norte
UZB,Uzbekistán,2022,10809.1380396181,57.91506006148704,0.4358,74.2693,0.005867835027393553,Asia
VNM,Viet Nam,2022,13902.9499867089,38.22008922986509,37.40375960000004,267.29275960000007,0.13993555102642605,Asia
ZAF,Sudáfrica,2022,14746.7103701698,74.58175456188924,19.44996150800001,234.91,0.08279750333319147,Africa
ARE,Emiratos Árabes Unidos,2023,78019.5228244288,467.5899296727311,14.6301931,167.5327,0.08732738802633754,Asia
ARG,Argentina,2023,30246.4069577192,72.56275575394197,20.161747738279068,148.57199171800002,0.1357035569432728,America_Sur
AUS,Australia,2023,72272.7092136683,205.554430202256,81.064464,274.779995,0.295015887164566,Oceania
AUT,Austria,2023,74261.1961105071,120.80818804803587,19.483451,74.95314599999999,0.25994173746889826,Europa
AZE,Azerbaiyán,2023,23671.0936895744,74.79681683420031,0.2476,29.3059,0.00844881064905019,Asia
BEL,Bélgica,2023,72629.6179311762,193.57170479082728,27.0691000000001,83.663,0.32354923920968764,Europa
BGD,Bangladesh,2023,9155.31731992295,10.936147173294689,0.93506644757,98.89274073522002,0.009455359823362465,Asia
BGR,Bulgaria,2023,38829.297423161,101.96784284013904,6.978563,40.255508,0.17335672425249238,Europa
BLR,Belarús,2023,30859.5916206484,122.0081280808113,0.8325406679764245,41.81668906602824,0.01990929187774405,Europa
BRA,Brasil,2023,21193.0721417478,50.09105803381078,204.18967363059485,708.1192373802592,0.28835493071196605,America_Sur
CAN,Canadá,2023,64962.1919440095,300.8308550200073,57.35744087187666,643.4550980247294,0.08913977222024012,America_Norte
CHE,Suiza,2023,93939.7784980038,106.22887599424249,7.188,72.744,0.09881227317716924,Europa
CHL,Chile,2023,33173.5278418356,76.5103893633558,35.36016376695754,88.99282002830509,0.3973372655873909,America_Sur
CHN,China,2023,25200.068112272,108.31206947634332,1588.7449592238054,9456.44,0.16800666627439134,Asia
COL,Colombia,2023,21281.7475207548,35.45179172561589,3.21472377066067,93.3326212928,0.03444373174279061,America_Sur
CYP,Chipre,2023,59874.734375,81.6261826044074,1.092873,5.329087,0.20507696721783675,Asia
CZE,República Checa,2023,56062.3957561294,141.36335834487565,8.786720422380663,76.9434605586084,0.11419710471285281,Europa
DEU,Alemania,2023,72262.2235142279,119.8993548522187,255.20822129572431,511.26496783310967,0.49917017075778014,Europa
DNK,Dinamarca,2023,77425.3867230346,89.91729058012591,29.302646,34.068992,0.8600972403292706,Europa
DZA,Argelia,2023,16838.3550419037,58.67460375808142,0.694,95.627,0.00725736455185251,Africa
ECU,Ecuador,2023,15907.3619798807,38.3871496986444,0.6054999999999999,35.36203,0.017122885761931654,America_Sur
EGY,"Egipto, República Árabe de",2023,18540.1079077988,33.16178791358625,10.921212121212124,221.91848093841645,0.049212720252184934,Africa
ESP,España,2023,55661.317481747,103.51781559977157,118.7135,285.880753,0.41525530751627754,Europa
EST,Estonia,2023,48848.1421016254,141.79693397435338,2.7811120000000003,5.745043,0.48408897896847775,Europa
FIN,Finlandia,2023,63466.8356113767,193.6300286463733,27.102028000000004,81.540775,0.33237393193773307,Europa
FRA,Francia,2023,60927.0361517867,129.0446484805968,82.83845305675955,516.5802450111203,0.16035931272396278,Europa
GBR,Reino Unido,2023,60786.7193353069,93.35834988123706,131.29399999999998,294.0786,0.44645887187983074,Europa
GRC,Grecia,2023,42613.6574438075,93.41064215102872,20.570187,49.916633,0.41209083553371884,Europa
HKG,"Hong Kong, Región Administrativa Especial",2023,71519.1754897022,121.32436571237383,0.458058,37.98166911111112,0.012059975528195,Asia
HRV,Croacia,2023,47759.6272293173,80.67276514863492,4.0667,17.5413,0.23183572483225304,Europa
HUN,Hungría,2023,46376.1979062264,93.39161851556229,9.151,35.545822,0.25744235145272487,Europa
IDN,Indonesia,2023,15428.3856954945,36.67618873788844,40.60437,350.609,0.11581097461844962,Asia
IND,India,2023,9853.04309264591,25.76466511184284,220.23372568503964,1925.9642222549903,0.11434985299320972,Asia
IRL,Irlanda,2023,133440.438499393,109.94550247095452,13.340689,31.852979,0.4188207639856856,Europa
IRN,"Irán, República Islámica del",2023,18932.6833817658,142.17032695523008,1.8886267038835984,382.01790204108266,0.0049438172760827665,Asia
IRQ,Iraq,2023,14664.5981923773,53.93881593895015,0.376545,147.06918600000003,0.0025603255871695647,Asia
ISL,Islandia,2023,82256.5277425273,806.2994364346359,6.013456,20.24365,0.29705394037142513,Europa
ISR,Israel,2023,55301.43606891,113.3475491538673,8.721840754495998,76.634,0.11381163392875222,Asia
ITA,Italia,2023,60349.664512107,93.344512086468,76.0614,264.7081,0.2873406593904758,Europa
JPN,Japón,2023,52726.2389417641,135.05730591615267,148.32310571825474,1006.7218698041504,0.1473327541271253,Asia
KAZ,Kazajstán,2023,38546.9287207389,145.7569926499589,5.6569216,113.5854688,0.04980321567330627,Asia
KOR,"Corea, República de",2023,57429.8031076402,249.1043558628089,55.34469584399999,620.954465333033,0.08912842878795836,Asia
KWT,Kuwait,2023,53083.3848600632,373.2711867993308,0.171521,88.017474,0.001948715319869325,Asia
LKA,Sri Lanka,2023,14512.1432202455,13.555291924915222,2.1866078575478167,16.291876488095294,0.13421461052356995,Asia
LTU,Lituania,2023,52720.0689650863,78.93070805118596,3.987,5.9786,0.6668785334359214,Europa
LUX,Luxemburgo,2023,152596.126692093,196.38577044831945,1.167313,2.54542,0.45859347376857257,Europa
LVA,Letonia,2023,42783.8260226567,64.6091172617722,1.168902,6.387576,0.18299617883215794,Europa
MAR,Marruecos,2023,9902.8056640625,24.53829502178489,8.656349012,42.20601341024201,0.20509752787737562,Africa
MEX,México,2023,25188.3182559609,61.24405011531455,50.79630498247889,385.1000000000001,0.13190419367042036,America_Norte
MKD,Macedonia del Norte,2023,25354.144126576,57.21351402169692,0.593359,6.890183,0.08611658064814823,Europa
MYS,Malasia,2023,36496.9483630681,130.48542767468535,6.054,202.754,0.029858843721948768,Asia
NLD,Países Bajos,2023,80391.6029350952,171.1269370381179,56.882319,121.640674,0.46762581239890205,Europa
NOR,Noruega,2023,107767.977198972,202.8388207693995,14.571882000000002,154.89506899999998,0.09407582884384785,Europa
NZL,Nueva Zelandia,2023,54949.699278118,175.75122261787104,12.48544863255793,44.64789736618191,0.27964247745325865,Oceania
OMN,Omán,2023,41979.5975879711,308.60760920450394,2.2373152473104043,44.966,0.04975570980986533,Asia
PAK,Pakistán,2023,6018.94650802152,12.421611984393923,16.470701053275672,148.50478003323204,0.11091024174164561,Asia
PER,Perú,2023,17041.5682788302,30.929240155536373,4.061083273950495,62.20862789975236,0.06528167251164628,America_Sur
PHL,Filipinas,2023,10994.8840414773,21.679565344698656,16.0284214528,119.938897,0.13363822624448515,Asia
POL,Polonia,2023,48473.0940286419,99.49771209440576,43.443854,167.36201000000003,0.25958014008077457,Europa
PRT,Portugal,2023,49800.3476220918,75.38999958708668,22.313,49.043,0.45496808922782045,Europa
QAT,Qatar,2023,129024.806992334,737.5741564385257,2.0343880000000003,56.3,0.036134777975133224,Asia
ROU,Rumania,2023,45981.6373404846,60.44514698085838,10.21958,57.983,0.17625131504061536,Europa
RUS,Federación de Rusia,2023,44298.67578125,211.4141136800077,8.231261,1178.24898,0.0069860115643809,Europa
SAU,Arabia Saudita,2023,71623.785419098,343.48442939552075,4.714,433.239,0.01088083021149989,Asia
SGP,Singapur,2023,144728.385132013,602.1433237377793,1.7685310980431928,57.384243908239256,0.030819106040173273,Asia
SVK,República Eslovaca,2023,45864.6125430469,121.02025776293932,2.023,29.903,0.06765207504263787,Europa
SVN,Eslovenia,2023,56150.6852244867,114.06546978909596,1.290185,15.876412,0.08126426802227102,Europa
SWE,Suecia,2023,68457.9015289277,157.4327943894098,48.87261,166.078,0.2942750394392996,Europa
THA,Tailandia,2023,23598.3745068685,69.64765488964075,37.75830953601,205.239,0.18397239090041367,Asia
TKM,Turkmenistán,2023,19644.7256847416,210.18372821659665,0.00696,33.4802,0.0002078840628192185,Asia
TTO,Trinidad y Tobago,2023,34651.9065448775,392.6230125634264,0.006255,9.509791,0.0006577431617582342,America_Norte
TUR,Turquía,2023,43196.3381254367,76.37080161470865,76.15716414997871,331.1488951358287,0.22997861466136257,Asia
UKR,Ucrania,2023,17679.904296875,59.90812044336077,7.698158000000001,103.93987753303966,0.0740635661953033,Europa
USA,Estados Unidos,2023,82586.7847707891,265.40864186515614,733.6591245082404,4499.110075161118,0.16306760942761936,America_Norte
UZB,Uzbekistán,2023,11678.6257366395,58.25421065077409,0.6295999999999999,78.0054,0.008071236093911447,Asia
VNM,Viet Nam,2023,15033.899969483,41.97553126441287,43.55059152185244,281.99959152185244,0.15443494540834346,Asia
ZAF,Sudáfrica,2023,15212.2609596178,76.74537833019838,25.741008,224.54,0.11463885276565423,Africa
ARE,Emiratos Árabes Unidos,2024,79343.7793099888,460.5660177035628,15.33525,179.2578,0.08554857863925587,Asia
ARG,Argentina,2024,30475.3876517556,69.85385022683174,22.76806015834884,153.229217762,0.14858824244415866,America_Sur
AUS,Australia,2024,72117.8826659555,207.8174115504041,88.172849,283.920159,0.3105550846074301,Oceania
AUT,Austria,2024,75774.4136543206,122.31272544641202,22.071625276,82.406732,0.26783764797274084,Europa
AZE,Azerbaiyán,2024,25146.3588844273,70.47716341115812,0.71685,28.39614,0.025244628319201132,Asia
BEL,Bélgica,2024,74224.5510568017,192.3409956908656,25.99220000000009,77.15680000000027,0.3368750388818613,Europa
BGD,Bangladesh,2024,9660.77962818873,10.584296641901474,1.3583758700149315,105.96205151879496,0.012819456121741757,Asia
BGR,Bulgaria,2024,41969.595471884,100.9686475574325,8.582603,38.535175,0.22272126699826847,Europa
BLR,Belarús,2024,33166.3827902975,126.83891399717176,0.925121190354442,43.90752351932966,0.021069764728296976,Europa
BRA,Brasil,2024,22370.9182253225,51.76160528121396,239.7514161417535,751.3354893134392,0.3191003480493585,America_Sur
CAN,Canadá,2024,65482.9454728344,298.91489649367,65.69762880382775,642.5827923691928,0.10223994415038973,America_Norte
CHE,Suiza,2024,97467.7447151829,107.84065726988824,8.301,81.054,0.10241320601080761,Europa
CHL,Chile,2024,36070.892945837,76.08223709796395,37.86099444316824,90.4859066351546,0.4184186891758334,America_Sur
CHN,China,2024,27139.5181633767,111.87281000696012,1960.2626058849316,10086.88,0.19433785331885894,Asia
COL,Colombia,2024,22439.4001359818,35.129917640046415,5.356135133485626,96.1302745725248,0.05571746421513369,America_Sur
CYP,Chipre,2024,63006.765625,83.56024654611714,1.366422,5.763191,0.23709469285331686,Asia
CZE,República Checa,2024,57625.0961715706,137.2193160528131,9.692317164522777,73.88177521826796,0.13118684730962257,Europa
DEU,Alemania,2024,73957.0012170966,119.02171567562505,265.60334453645874,503.1787770050205,0.5278508487924733,Europa
DNK,Dinamarca,2024,80937.8001363997,92.04296341352578,31.386402,35.317578000000005,0.8886906684257906,Europa
DZA,Argelia,2024,17646.332598878,60.09330065043677,0.661,101.386,0.006519637819817332,Africa
ECU,Ecuador,2024,15848.3400023446,38.56860118837935,0.75933,34.37033,0.02209260138031843,America_Sur
EGY,"Egipto, República Árabe de",2024,19121.874936645,33.28494972640921,12.42727272727273,237.00472434017595,0.05243470467464481,Africa
ESP,España,2024,58063.7350840487,106.16941731775086,126.4935776,287.89251399999995,0.4393777936164051,Europa
EST,Estonia,2024,50395.7686402966,140.11191187448406,3.566974,6.367833,0.5601550794438234,Europa
FIN,Finlandia,2024,65137.1816928289,191.00207037629303,32.374015,83.152987,0.3893307524839727,Europa
FRA,Francia,2024,62524.5434134804,135.27273532036813,81.45971845900735,562.0324997920793,0.14493773667740373,Europa
GBR,Reino Unido,2024,62839.4679324927,92.19934516772445,138.5334,286.25289999999995,0.4839545730366401,Europa
GRC,Grecia,2024,44170.9556658376,101.6487364143421,24.109388,57.924399,0.4162216339957191,Europa
HKG,"Hong Kong, Región Administrativa Especial",2024,75341.6985534061,132.34107453213278,0.5322640561389297,39.05309738947227,0.013629240488423195,Asia
HRV,Croacia,2024,49550.8073348367,80.08790633774599,4.401,15.3604,0.2865159761464545,Europa
HUN,Hungría,2024,48540.1614792293,93.79192419417998,11.705600000000002,37.987362000000005,0.3081445876657611,Europa
IDN,Indonesia,2024,16472.4825935409,38.621025425722046,39.90598,371.553,0.10740319685213146,Asia
IND,India,2024,10718.5934040662,26.754387656668936,241.6888502632737,2036.581900038966,0.11867376915146376,Asia
IRL,Irlanda,2024,140779.203379453,109.48689841476258,13.746051,31.492654,0.4364843623532014,Europa
IRN,"Irán, República Islámica del",2024,19902.7484779621,144.16404296268902,2.172569478785668,395.78569235585,0.00548925724387307,Asia
IRQ,Iraq,2024,14485.3248937523,52.55802466676269,0.3775766301369863,144.55661141396627,0.002611963758999036,Asia
ISL,Islandia,2024,83561.4294628375,792.9714306794434,5.998381,19.605866,0.30594828098896526,Europa
ISR,Israel,2024,57277.8631217651,112.20285331610148,11.073211099773188,80.38616183734504,0.13775021529425605,Asia
ITA,Italia,2024,62292.9012423008,93.93710441356863,81.3626,270.9631,0.30027188203855065,Europa
JPN,Japón,2024,54156.2687689605,134.20020042788855,151.4420696914081,1014.9738115555972,0.14920785932328715,Asia
KAZ,Kazajstán,2024,40950.3167392792,149.9789866002901,6.3396066,118.6699379,0.05342217845721144,Asia
KOR,"Corea, República de",2024,61051.3492502498,254.78435403757135,61.41198947668412,627.7842144983889,0.09782340501465686,Asia
KWT,Kuwait,2024,53119.3783662664,380.5444085396081,0.162793,89.499605,0.0018189242287717357,Asia
LKA,Sri Lanka,2024,15701.0907191253,14.928754662336257,2.9369565958120174,18.231007393848724,0.1610967804666114,Asia
LTU,Lituania,2024,55699.3734421294,82.70193969769996,5.8245000000000005,8.091899999999999,0.7197938679420163,Europa
LUX,Luxemburgo,2024,156079.3685607,191.85067593574624,1.267856,2.74234,0.4623263344443067,Europa
LVA,Letonia,2024,43873.3777849582,63.12532438943808,1.4336570000000002,6.32162,0.22678633008627538,Europa
MAR,Marruecos,2024,10430.2490234375,24.839272375930268,10.98,43.713,0.251183858348775,Africa
MEX,México,2024,25820.3527960242,60.23741113938982,52.49379368114267,388.06654551019176,0.13527008264041154,America_Norte
MKD,Macedonia del Norte,2024,26995.5213483235,52.7965335369231,1.114418,6.304517,0.17676500832656966,Europa
MYS,Malasia,2024,38835.6013146653,134.08935634223567,8.075,211.167,0.03823987649585399,Asia
NLD,Países Bajos,2024,85218.3689343246,172.87242413736206,62.01388200000001,123.843943,0.500742147720539,Europa
NOR,Noruega,2024,105657.0339185,197.047659281864,15.700082,158.54234,0.09902769190867247,Europa
NZL,Nueva Zelandia,2024,55793.9990422226,178.15818093948803,14.5509385882613,45.175724498863474,0.322096407964135,Oceania
OMN,Omán,2024,41800.7841364086,308.37269436851324,2.431144,49.132,0.04948188553285029,Asia
PAK,Pakistán,2024,6263.186935403,12.17564142028138,23.808192599959128,151.25584194546482,0.1574034582316705,Asia
PER,Perú,2024,17881.8685833242,32.92354300532575,6.023910025246488,63.603018466788576,0.09471107143117709,America_Sur
PHL,Filipinas,2024,11813.805926453,22.679379354184896,17.3222630528,129.053823,0.1342251058521529,Asia
POL,Polonia,2024,51262.5105756884,98.91946144498664,50.559631,172.452808,0.2931795172624849,Europa
PRT,Portugal,2024,52512.5651003677,74.06040907553835,25.461,51.09,0.49835584263065175,Europa
QAT,Qatar,2024,126712.582876079,746.4234893179247,2.1347561863013698,58.72443681166783,0.036352092965108176,Asia
ROU,Rumania,2024,49076.7137157187,61.04369685178424,10.249175,53.36249501369864,0.19206701255945663,Europa
RUS,Federación de Rusia,2024,47686.06640625,216.6834277732936,8.318018712328767,1209.320267,0.0068782595804530305,Europa
SAU,Arabia Saudita,2024,71936.2510663399,347.6423640987019,11.066,458.41253295032016,0.02413982865778075,Asia
SGP,Singapur,2024,153161.175431382,630.7164368334485,2.177862226999999,59.61608,0.036531456395657,Asia
SVK,República Eslovaca,2024,47846.6169154961,116.48522068505554,2.282,30.07,0.07588959095443965,Europa
SVN,Eslovenia,2024,57570.5904042272,120.51113041178728,1.535811,16.988169000000003,0.09040473991046356,Europa
SWE,Suecia,2024,71221.9379308266,159.08441072135486,54.744353,172.352,0.31763108638135906,Europa
THA,Tailandia,2024,24909.2266037939,72.18030117797475,40.793287036,217.311,0.1877184635660413,Asia
TKM,Turkmenistán,2024,21025.8403822415,184.65425007774573,0.0069790684931506,33.50905156473608,0.0002082741279521967,Asia
TTO,Trinidad y Tobago,2024,36381.2720794439,385.71116853542287,0.0070584734641587,9.751302619669248,0.0007238492885987488,America_Norte
TUR,Turquía,2024,45122.9317187258,80.0869750946811,88.16516834107821,354.5702123648888,0.2486536242089826,Asia
UKR,Ucrania,2024,18636.13671875,60.072222474470856,7.837287249000001,98.5350039013216,0.07953810258990494,Europa
USA,Estados Unidos,2024,86169.6641581914,266.4660666811103,828.3730842317916,4639.002212957076,0.17856708106714939,America_Norte
UZB,Uzbekistán,2024,12518.4323028403,56.831876000935054,4.7548,82.7397,0.057466971719742764,Asia
VNM,Viet Nam,2024,16387.9087954113,44.86531018402455,46.68669942225144,310.63269942225145,0.15029550819692986,Asia
ZAF,Sudáfrica,2024,15478.6456794969,78.87429305301802,28.76532,235.834,0.12197274353994758,Africa
ARG,Argentina,2025,32586.6312086783,68.78926486959489,26.911374230925325,153.3493027176312,0.17549068534389375,America_Sur
AUS,Australia,2025,71934.4033931263,204.93540340099509,101.07968140891847,285.9224785640355,0.3535212828196037,Oceania
AUT,Austria,2025,76777.5421537618,120.37785170837212,23.803898897300904,77.84059382836637,0.3058031513709545,Europa
AZE,Azerbaiyán,2025,26112.5306828203,68.55953104428096,0.8806499999999999,28.6578,0.030729853652408764,Asia
BEL,Bélgica,2025,74675.607672673,187.27028379813376,28.037950710191037,72.85660336126325,0.38483746725280893,Europa
BGD,Bangladesh,2025,10153.7083791829,11.53935401423246,1.69170878636,107.15343854196,0.015787722814863726,Asia
BGR,Bulgaria,2025,44451.1001576913,103.69533003092086,9.901730993347911,40.10608424327037,0.24688850034042853,Europa
BLR,Belarús,2025,34715.9778689211,125.8209426033846,0.9617559906655888,43.77539439762797,0.02197024159119176,Europa
BRA,Brasil,2025,23433.2897595431,52.59070844369485,265.44846024377387,763.672918010073,0.3475944399540335,America_Sur
CAN,Canadá,2025,66745.8248561648,300.4282647990008,71.57822700081005,660.1819236916529,0.10842197344718825,America_Norte
CHE,Suiza,2025,102513.347221899,97.90813748980908,10.5202298143639,67.723,0.15534205239525567,Europa
CHL,Chile,2025,37774.0879069903,76.45363415336959,40.64726094304466,90.28059466821269,0.4502325343826777,America_Sur
CHN,China,2025,29333.3311051433,114.5355625507442,2437.8024146691014,10575.25,0.23051960139657232,Asia
COL,Colombia,2025,22640.4224606513,33.36636645824727,6.706958291387064,95.9830528532152,0.0698764843585864,America_Sur
CYP,Chipre,2025,64574.62109375,85.36941838389522,1.593657829063891,5.890851946727543,0.2705309594394393,Asia
CZE,República Checa,2025,60487.2877495391,142.80886077162236,10.793315484600322,76.25039768336647,0.14155094022486409,Europa
DEU,Alemania,2025,75406.6888111618,119.45964865455969,273.27068895265063,507.5287432184161,0.5384339165103167,Europa
DNK,Dinamarca,2025,83218.071525634,85.99601207409425,31.0224642028995,33.96872461940761,0.9132654979096624,Europa
DZA,Argelia,2025,18586.2607480579,60.425712069262765,0.6591939890710382,103.47066272189412,0.006370829873225066,Africa
ECU,Ecuador,2025,16756.6539631307,38.91592117185004,0.63903,38.21231,0.016723144976056144,America_Sur
EGY,"Egipto, República Árabe de",2025,20204.0130500153,33.514156889103184,19.259908012292165,242.41846212629812,0.07944901491148765,Africa
ESP,España,2025,59867.6944716701,108.51690553992051,130.74699175226766,301.4768908725681,0.4336882716743068,Europa
EST,Estonia,2025,52105.5093433416,133.90118283484793,3.93082523777126,6.539657530089701,0.601075089893483,Europa
FIN,Finlandia,2025,65884.4876972259,189.98879681010092,34.71327203432586,83.02367267125787,0.41811294197712984,Europa
FRA,Francia,2025,63975.353585864,135.40553728850085,92.837340403516,571.7644180809245,0.1623699157690087,Europa
GBR,Reino Unido,2025,64606.4955066338,90.46357859912357,147.4057,290.561,0.507314126809861,Europa
GRC,Grecia,2025,45263.6498511586,103.3142249535137,21.68872458585218,57.573770799742135,0.3767118999603431,Europa
HKG,"Hong Kong, Región Administrativa Especial",2025,80422.8129947646,133.548796416696,0.6670664668254505,37.04984424460322,0.01800456872157073,Asia
HRV,Croacia,2025,50946.1671131832,84.71566548982894,5.394083765512578,14.530295171661418,0.3712301575285762,Europa
HUN,Hungría,2025,49837.6008411067,94.79083055521907,13.570168000000002,39.339697,0.34494846261779805,Europa
IDN,Indonesia,2025,17659.7921291587,40.3052801481841,40.275366419303175,382.6725400628699,0.10524759997852541,Asia
IND,India,2025,11747.9160436011,26.70961074960148,298.3272830984989,2055.367128947481,0.1451454968296916,Asia
IRL,Irlanda,2025,155089.413131749,107.3024384808748,14.802415468101474,32.030222918780105,0.46213900869926366,Europa
IRN,"Irán, República Islámica del",2025,19699.2193549189,143.66183187667082,3.409133876144689,398.6803364561505,0.008551045949364618,Asia
IRQ,Iraq,2025,14266.7965348226,53.52239844127064,0.5757943265345392,159.4259645978158,0.0036116722140405217,Asia
ISL,Islandia,2025,83431.2131434311,744.9094440510742,5.643586000000001,18.804543,0.3001182214319168,Europa
ISR,Israel,2025,59716.9735387228,108.48560395293651,14.239668890231943,83.34718128125303,0.17084763601279482,Asia
ITA,Italia,2025,62802.5108384276,93.5673012149334,93.48490762216548,276.46902056934243,0.3381388172521055,Europa
JPN,Japón,2025,55421.8797530311,133.89182245455862,171.2090960241668,1027.352512907724,0.16665077845538365,Asia
KAZ,Kazajstán,2025,44293.4839632441,157.2456943185244,7.165426534568222,124.37095484246608,0.05761334343411834,Asia
KOR,"Corea, República de",2025,63124.9152183625,251.0822070977624,61.82832648440501,627.8351802728401,0.09847859506301654,Asia
KWT,Kuwait,2025,56467.7272075432,377.4863739002142,0.101816,87.073507,0.0011693108903951693,Asia
LKA,Sri Lanka,2025,17065.0298635432,15.565015738195912,4.037729221172578,19.636496446102527,0.20562370849887485,Asia
LTU,Lituania,2025,56837.8067003598,79.90738655658006,7.302860477346739,10.011911454808176,0.7294172057264422,Europa
LUX,Luxemburgo,2025,156542.075847247,180.34498501931515,1.1352866816317246,2.0604408616284577,0.550992121528039,Europa
LVA,Letonia,2025,46136.689377286,63.40364146361304,1.6789745202490192,6.28298053476529,0.2672258032567245,Europa
MAR,Marruecos,2025,11111.7080078125,25.820131530516257,11.100384728000002,45.88908876525135,0.24189595014154125,Africa
MEX,México,2025,25868.4787520629,59.33262963379728,54.83855732334018,389.7308334247168,0.140708798535267,America_Norte
MKD,Macedonia del Norte,2025,28028.5664230631,56.80229025878614,2.3365089864612854,7.252966820560964,0.32214527437760615,Europa
MYS,Malasia,2025,41497.6746089548,134.67569678904658,8.340738797814208,210.36980242347784,0.03964798512775215,Asia
NLD,Países Bajos,2025,87320.1477254029,172.47674316947362,65.72168942170957,135.052,0.48663988257641183,Europa
NOR,Noruega,2025,104043.666429243,200.26552614937444,15.230442416158494,163.02014347947562,0.0934267513884014,Europa
NZL,Nueva Zelandia,2025,57350.3627657521,178.98826516975294,15.49441008356968,45.19958388449291,0.34279983911280004,Oceania
OMN,Omán,2025,42295.1761223734,314.86806194082413,5.067301530054646,51.612300000000005,0.09818011462489844,Asia
PAK,Pakistán,2025,6573.41613369925,12.241409718543538,40.66870396310722,169.7476651005286,0.23958328934316858,Asia
PER,Perú,2025,18816.1045522938,32.95631723538185,7.1645036740571,65.04171805951394,0.11015243581821585,America_Sur
PHL,Filipinas,2025,12576.9867435109,22.03904404520636,18.078101717137358,129.27449361899443,0.1398427579257686,Asia
POL,Polonia,2025,54262.4040405236,102.86970600485137,56.258237814981214,179.18073022276403,0.3139748216509606,Europa
PRT,Portugal,2025,53145.7317498942,75.3925894659582,26.139,55.15626534022874,0.4739080834926522,Europa
QAT,Qatar,2025,128882.934242572,717.3221989927629,3.61127422020918,62.52614616097512,0.057756225866085927,Asia
ROU,Rumania,2025,50895.081617639,60.31977922599373,11.154056664893616,51.92137941489362,0.21482589235088928,Europa
RUS,Federación de Rusia,2025,49568.140625,216.60349646643309,7.629111149425287,1194.436751,0.006387203962903924,Europa
SAU,Arabia Saudita,2025,73783.5613906833,347.8804123730099,19.76744401000015,471.4249345909561,0.041931265318309645,Asia
SGP,Singapur,2025,163353.990260152,627.7766688346313,2.4727874570000035,60.41029,0.04093321612923896,Asia
SVK,República Eslovaca,2025,49308.7048471448,118.29400522930732,2.2174524939555296,29.59492769975838,0.07492677517078825,Europa
SVN,Eslovenia,2025,59244.7106359661,117.13757028443403,1.8805861184501729,15.04718393618166,0.12497927362529378,Europa
SWE,Suecia,2025,72528.8892631159,155.25625985815336,53.18296710817488,170.08563858547768,0.31268346669638086,Europa
THA,Tailandia,2025,26250.0723587304,69.92853715255855,35.617591972020016,200.497,0.17764650828700684,Asia
TKM,Turkmenistán,2025,22601.5518373128,202.12120238864085,0.00696,34.08846070853237,0.00020417466366434982,Asia
TTO,Trinidad y Tobago,2025,37121.2050020847,358.22511713426115,0.146585218217243,9.76318940480517,0.015014070929024263,America_Norte
TUR,Turquía,2025,45288.4750285273,83.4824305523692,104.36004707378058,369.3873486827839,0.2825219852437369,Asia
UKR,Ucrania,2025,18904.98046875,61.1330025708432,7.57775313076923,98.6335389052229,0.0768273471161843,Europa
USA,Estados Unidos,2025,90026.5163005744,270.1847694212753,926.9398358320044,4772.199425119446,0.1942374476122828,America_Norte
UZB,Uzbekistán,2025,13601.2917473678,57.41470287211206,10.5,86.02252380922602,0.12206105488471919,Asia
VNM,Viet Nam,2025,18088.491587163,46.25017972556328,49.68622431968037,329.0439595505418,0.15100178221642288,Asia
ZAF,Sudáfrica,2025,15905.6794419658,77.73139037424771,30.138660999999995,231.095,0.13041675934139638,Africa
