Total energy supply per capita*,,,Contents,,,,,,,,,,,,,,,,,,,,,,,,,,,,,,,,,,,,,,,,,,,,,,,,,,,,,,,,,,,,
,,,,,,,,,,,,,,,,,,,,,,,,,,,,,,,,,,,,,,,,,,,,,,,,,,,,,,,,,,,,,,Growth rate per annum,
Gigajoule per capita,1965,1966,1967,1968,1969,1970,1971,1972,1973,1974,1975,1976,1977,1978,1979,1980,1981,1982,1983,1984,1985,1986,1987,1988,1989,1990,1991,1992,1993,1994,1995,1996,1997,1998,1999,2000,2001,2002,2003,2004,2005,2006,2007,2008,2009,2010,2011,2012,2013,2014,2015,2016,2017,2018,2019,2020,2021,2022,2023,2024,2025,2025,2015-2025
,,,,,,,,,,,,,,,,,,,,,,,,,,,,,,,,,,,,,,,,,,,,,,,,,,,,,,,,,,,,,,,
Canada,211.76329785359795,219.4536479947419,226.5318877908964,239.46993332815725,248.2386722247219,261.8209551404717,264.71514988538564,278.5633045810807,299.76485343678604,301.88525293179345,294.7198146894548,304.5051922056317,320.0392889847989,319.73207775452227,325.1435873583687,326.82927934951095,316.255335190075,303.17278358581046,295.91395418482756,310.75806743846493,315.8033956480196,314.58590243636854,321.91622368450845,335.66517893223744,338.5713943059274,316.5133692512626,311.3371728855335,315.72778007369277,320.47436989393157,330.90157105567937,335.51977442639173,338.2057747993413,338.1210916996678,333.0271440234725,339.773688129106,345.092570412762,339.4898243644909,346.802650064092,349.16529468749695,353.1045103044616,348.8735080719027,345.6964483284752,355.6662688781337,345.7388375148381,327.5293094226199,331.8460263568851,339.0637803928037,335.25023963773685,341.2320306559461,340.6984332500639,336.9597498027924,329.4146978376513,329.75634826875813,331.9568851923478,326.63017591258875,300.6990924743798,302.05948015524217,306.0090780654085,300.8308550200073,298.91489649366997,300.4282647990008,0.007816470404029774,-0.011409856226939019
Mexico,23.011964050286934,23.45591202199479,23.021254988516983,24.168843465033564,25.752766204142837,26.543408805371467,27.221010862538574,29.262680752095925,30.756056490743894,33.17993758420976,34.764512111094945,35.86976948309002,36.71064650408869,40.79778417483267,44.094484046227024,47.061051882649124,50.207673050523546,51.55867519717076,50.10816326946239,51.17081463212693,52.31457443642193,50.92204892518771,52.09959757722135,51.31148408220373,52.894935011697335,57.94295082994542,59.06732707331609,58.6284233065161,57.46277266295602,60.20991263093167,57.760861831324306,57.97575067955475,58.2485448304923,60.01248665723107,59.18365525010737,60.25066756937315,58.706444752242525,59.81561764430686,59.39537348948795,61.685604572626296,63.798786484927035,64.91732445195542,65.44853543744776,65.97314016686127,64.6841131177908,65.21599179694587,67.10808913008131,66.08590223758011,66.0266222697745,64.34989000623888,65.00303346759569,65.67355792415134,66.2507108639721,64.8005782265687,62.296120419447014,56.36451547855771,58.27412155121628,60.26685286090314,61.24405011531455,60.23741113938982,59.332629633797275,-0.01232168418050672,-0.00908592485094084
US,258.5247688604904,269.75486187857354,275.07853400526704,288.628438208882,299.6328267839116,306.91787918971494,309.0675487032865,321.16098469644254,331.92991894370806,319.73968164440794,308.48186691910524,323.4653344930453,331.01459429472305,333.39711910881323,333.81825336604464,317.71274819258133,305.5990852372917,288.37518957165275,283.90507609478607,296.52295962233785,294.4172913155403,294.3649399283977,303.0787994196962,315.1840563571319,319.0567711540151,316.29370507604847,312.3361796524014,314.1882238793083,316.4651139129821,319.37021177727524,321.58357742889666,328.4833972451404,327.5257037125294,327.48491300023653,330.46127320330174,335.77922280652456,326.1989265841765,326.96363750433807,324.6810190009991,328.3256720215791,325.25619839924315,319.0300545916385,321.1768228988762,309.73768159299215,290.8441929193464,297.9298377445874,290.8661435726276,280.8761053330951,285.7093586001435,285.9943151026508,280.65341940585296,276.8078410608435,274.0596133936475,281.67313679729557,276.9228516605216,253.9064288724912,266.8104928512658,270.02570860472696,265.40864186515614,266.4660666811103,270.1847694212753,0.016733594039540334,-0.0037942305531296627
Total North America,215.63086035963886,224.11535299113268,227.86194362831574,238.42606714046204,246.77817592576525,252.59178315601304,253.7759896420181,263.3329358531833,272.2762025582824,263.10446745707065,253.83456385887072,264.87424383220474,270.8846612054361,272.6099453367691,273.24300525972177,261.78582479402786,252.4305032381952,238.98121600163887,234.49434460481197,244.3279408001291,243.01456285027442,242.1250214301859,248.60732054773288,257.50240479807167,260.3549935839429,257.5257157984882,254.31902124194255,255.53350063837283,256.88743310806814,259.98641880224585,260.9416959987402,265.5961558762334,264.64208625228014,264.3155190593447,266.35224209798133,270.3623066435885,262.76921657422315,263.8868560394394,262.19506330216035,265.34261817879417,263.27229350645365,258.9015736669679,261.05804115279363,252.4705416321933,237.76726075060503,242.83519936118145,238.8701070032867,231.4099128592761,234.96831871878314,234.5869381661857,230.80588154257381,227.81277315010723,226.1455510745972,231.07943360193283,226.82868340199434,207.78899301044862,216.90800583739025,219.76557566854115,216.4419871736391,216.66722980990625,218.95199192401714,0.013313645019906506,-0.005258577694098765
,,,,,,,,,,,,,,,,,,,,,,,,,,,,,,,,,,,,,,,,,,,,,,,,,,,,,,,,,,,,,,,
Argentina,53.0949223402811,53.99003980315009,54.71996980824412,55.65685513758451,56.70302534753288,52.832363985913595,55.16474944096779,54.997720896460834,56.14051700169823,56.93710303536498,54.66344777406932,56.62327438362598,58.03806204757598,57.03750562311882,59.4690582874933,57.07316384298244,54.468036075585914,54.299362619049525,55.78642334121814,54.77426655696702,53.017425810588705,54.87081797909807,56.4885365985208,58.06785886349587,55.47205624751221,52.79156567384912,53.3957449871414,56.00589987189087,56.266722462807984,58.175389664403696,59.551082706915246,62.495112729342715,61.670495013109665,63.71849815269961,65.05731967633551,62.76094214439063,59.111325643666866,55.9089624562156,60.160069148783585,64.51804388025319,67.40390590693058,69.77219037533737,73.23203783587549,73.45268078839284,69.85046775261719,71.96840598119668,73.73336022770168,76.08956974659257,76.71274163855594,76.0591806772041,76.3215491064996,76.45158119253162,74.53248644991338,73.42286115157135,69.54947346228076,64.70668797726348,70.9871116849792,73.79724183726147,72.56275575394197,69.85385022683174,68.78926486959489,-0.012542209413269667,-0.010336965076114812
Brazil,9.618189199164902,10.204467000900806,10.275674065446962,11.652034082545907,12.451964893843863,14.650657677832935,15.519065176610395,17.374624411231057,20.154807204155606,21.707641196135917,22.109386243033825,23.37086622021023,24.147672599883798,26.031140121989743,27.163685428752284,26.893642289529524,25.088187876111697,25.64086049193983,24.89380617943905,25.798887901837272,27.090691336350712,28.237378354008158,28.521111917901067,28.911153053072383,29.0147231193767,27.957776520419763,28.41279447368714,28.341800446109268,29.148020017008527,30.087307731776676,31.512002077641306,33.104577072346025,34.61863898456183,35.507076256313496,35.57138389739549,36.58442446705837,36.478630288636225,36.381793024773735,36.013032695897074,37.45694172507719,37.82765790570021,38.55838995091845,40.605968978240504,42.86613306997215,41.66780485637883,45.886138480127094,47.17406963435194,48.94412818404386,51.0540242843015,52.456602420455475,51.55550308643584,48.811018712923826,49.04153875171912,48.2020236438108,48.811066726722665,45.791047081915536,48.94929956864184,49.03869826256563,50.09105803381078,51.76160528121396,52.59070844369485,0.018801335273822106,0.0019900276232438507
Chile,25.840810451895834,27.25702504097046,27.286587949322314,27.197452837824173,28.68070637156253,29.73328880469808,31.53689825500282,31.037863820537435,29.517676812123568,28.600906258106175,25.071020416543004,25.655077340095147,26.406434832626005,27.033193892747754,28.249954765027542,28.639717127305747,28.2407417048244,25.264675342955446,25.652699221403488,26.23712867162609,25.617503148964087,26.013934836201557,26.65329981558963,30.210311989767604,34.63459629276101,36.9791315634665,39.28465537573573,41.783434660711016,43.71651333250777,45.75401316961896,48.54453972630318,51.930927643907175,58.753844358832964,59.516640163281814,62.582283748655406,62.65487778833802,62.21504987710606,62.658093934168384,62.73499077495298,67.72050090478174,68.12244783019791,69.20569489992344,70.83186669223333,69.42443875373304,65.30101043017109,67.9252226385864,72.27246004937821,75.19795379454453,76.80400081870005,73.77448076180919,73.29715499325594,77.13571656072116,77.92118951555614,79.19813487700934,78.91723034355618,71.8093980273108,77.59304025918804,79.86584454699411,76.5103893633558,76.08223709796395,76.45363415336959,0.007634621285344423,0.00422516822373975
Colombia,17.978729871967133,19.676299858173405,20.076128944891853,20.16356979900128,19.71746874070429,21.032125607385407,20.169343659822484,22.812994884190072,21.292105208045946,23.248139451635918,21.05878041460169,21.45802584677122,21.71917298946023,22.00800789177481,22.199838010280637,22.3995871367347,22.302801779156315,22.278070863428905,23.089750719106913,22.47200689633643,22.548421656304328,22.671990393236147,24.28358007099289,23.482715770426122,24.02115136717226,22.042484078228153,22.282560991966246,23.976277405097,24.83608300613051,25.98789648112069,26.24687905962128,26.40667576431775,27.202225817267276,27.262372865807762,24.045216774106336,23.373278762721572,23.16171442560141,22.467807820637148,22.33929834018706,23.15630370346117,22.30511023463169,25.909377791976176,25.915474188656606,26.716579803078332,26.859337334159587,28.327366644390086,28.50225696694107,30.61022876928082,31.83943276605153,33.5309514478525,32.83045678992776,35.66460538890103,33.99712726752195,34.541137371676804,34.72987965336379,31.0824937122006,32.87962884728134,35.73565238368007,35.45179172561589,35.129917640046415,33.36636645824727,-0.04759864501554234,0.0016204870869067634
Ecuador,5.545041509527875,5.636624895584497,5.912627476924205,6.828051202824985,7.023217660356847,8.176512865884794,8.727532360933319,9.416150269652407,9.865796382673901,11.146634849272782,13.317872795399332,14.16698620059075,15.4887179843589,17.12619136640221,18.748499678672758,19.958117110536012,21.248096895842238,21.241931540023806,19.33380905693135,20.39651162394176,20.651410347488795,20.575361248049244,19.43883207109194,20.951205462604506,19.6310216884317,20.493326075509096,21.68550654290524,22.46862800974484,21.71322665911017,22.599004605825296,23.281931434260827,24.95236559609839,25.759918272292563,25.178765519706456,22.501935714179247,24.116986216701733,24.88295226474884,25.099911416167096,24.974787362119965,26.53457584461927,28.109024609060516,29.324042678511304,29.592464670656696,30.50846382176656,32.29855439355841,33.38492140448231,34.060062698309636,35.33730023863041,36.67070402271413,37.924130919471914,36.715287085495,35.16496243952135,34.79992741794389,36.44172726033958,35.531537945689365,29.406788467248735,34.90102752137711,37.04485923245439,38.3871496986444,38.56860118837935,38.91592117185004,0.011769650223200756,0.005837999216810941
Peru,15.264786099776797,18.32895030872371,17.978113508204622,17.706860266608693,17.197179188444025,17.443692670760466,17.53247878507055,15.005411952583994,16.693176513856358,18.869049643381594,19.46855330178754,19.27791800948445,18.879197241729663,18.30224556266446,18.42439950550112,19.309225822117952,19.549659255724805,19.065470119248207,15.979190809741423,16.3789802106634,15.425341082759338,16.24384477063866,17.37264260606367,16.54643449067274,14.607128161960375,14.146232016841621,13.39174529592602,13.236939533315951,13.814288357805784,14.749762454892657,15.964924886771808,16.155052675850953,15.508882139523841,15.665500514103528,15.693326479791411,15.656320855757317,14.941379248229255,15.161952767742509,14.674020970052052,16.07820039541577,16.67622808932976,16.443365995963713,18.231353931620863,20.064964249915956,20.26707893754872,23.463381519683253,25.86391014143722,26.57425033071047,26.992718358801874,27.481233671262377,28.35770575730506,29.883163003145217,29.084766175149195,29.79428535672998,30.059857379787893,25.636302256614734,29.469842192179538,30.572460497914722,30.929240155536373,32.92354300532575,32.95631723538185,0.003737918186178746,0.015141910800877012
Trinidad & Tobago,130.38463379658154,136.59313127703578,143.55250920664446,146.05836852910852,148.82363472363932,162.23395015182305,162.1370469155415,220.76446263484368,216.21369112484552,205.67489872576633,163.72536931880205,181.87331906664446,186.898862947948,185.801067914507,162.04915553461743,153.87267804743004,160.5625501944027,186.47398539834296,179.9628442204584,175.50526194885708,179.18492911659467,183.8627866817023,171.54400476618483,186.57385598250625,181.84757439081537,200.0799865662748,197.90135084012175,207.9068409984192,217.64482210262088,229.238156638665,247.2880667115566,278.9351879671024,277.8144863312542,281.04881571704067,311.30115119166965,324.67310734040365,344.83583129818464,381.8339946619677,416.2241725630153,454.21579410287796,498.50957624469606,574.7918617174782,583.6639664228322,572.1163449563435,565.122103127763,606.2423693314598,594.9282316416471,579.2946683856175,582.4824562475458,579.654858523609,558.2552377242147,490.3615997164016,515.7571569376538,475.0038860329028,473.2288478438392,411.5669568116028,418.904359354796,416.4438925349547,392.6230125634264,385.71116853542287,358.22511713426115,-0.06871621795324667,-0.04339571328672154
Venezuela,70.0881733450857,68.43752746339699,69.72151709653174,72.20343038206826,70.47552548597001,68.42399198031121,66.73953069648448,68.27392368371667,76.20673989090176,75.85212652674005,76.12772243414197,80.43072473229432,86.88688236806402,86.35258514435621,92.16527659468986,100.90550871850424,101.8351439444667,100.87013958443858,96.86041565648355,95.41360775519597,94.72438781147672,98.82187654652077,94.02831103302589,94.69553730642136,93.06944199688621,96.44651502101524,92.27839044371437,97.89644079671989,94.46819156643491,100.41239047869176,101.65695510100014,95.86681959032599,99.18074552536845,97.3779111823705,91.73452896225595,95.24755849622125,100.86369700689777,99.30073027130497,86.06237693858097,93.63014184574769,94.82405358615863,103.63450460461058,107.27426354324997,108.22133894747172,108.47447273910187,102.56449574122747,106.53418456092336,111.14949091633547,107.86368005067746,104.19905335337367,99.21731684804924,91.29877010618807,88.71780121076499,75.20395171481816,68.75927368374776,52.50925055763697,62.75449736390662,67.52627124724576,73.35019173119727,72.40378612805563,71.05385805172239,-0.015955795046943,-0.032836231954091244
Central America,9.64300856638591,9.671251458018416,9.793917154276663,9.841150070701238,10.004289550529062,10.138711038407617,10.281274680306927,10.636254326287562,11.356553520747378,11.736652872715707,12.98589646182071,13.882390079359736,14.320500600773121,14.41303273387202,14.128887086919354,13.1409307896547,13.039513022388459,12.82609894421769,12.215872647696937,12.502051977801456,12.192546106222977,11.940192693031143,12.457173850024638,11.875694318521182,12.418508652367496,12.474061494724731,13.13014054337411,14.696089613171386,15.193121032865552,15.909895925772682,16.918564375983863,16.4809789094815,17.218399075851586,18.85933290166599,19.12740796659423,19.7088251452944,20.534521755001954,20.54287742792228,21.104866582365048,21.417307411864158,20.982048291463357,21.96874683776556,22.556377640432466,23.089295267046978,22.414450812346846,22.766329501070558,23.16920653493161,24.01626794910538,24.27420950211568,24.66453424877646,26.122041127634645,26.880952732336,26.795251000116824,26.819860849497037,28.950017799749638,24.066486282795054,26.41609738462734,26.88743144232714,28.004662109688134,28.57198850653794,28.981034852212073,0.017095290411721864,0.010440343986012124
Other Caribbean,35.32017969752945,35.860532513217755,36.639661365166184,36.7329133928017,36.97152529287644,41.58445741373367,42.13067085264596,44.17548981231258,48.11614143208729,47.051041306411804,45.05015236807068,45.157740068844355,46.789167867981746,47.343583797728996,48.1600966144985,48.24087032057788,48.54042476174533,42.44143973813618,40.925283550234255,42.42477629586306,39.03282253075455,39.56335261109349,40.51554534960803,40.35301663532647,41.56503215308653,40.33392142248581,38.86918362383421,36.29096291514129,35.94698609141072,37.232077342403336,36.834989894806036,37.66604825603043,39.53754412581265,40.42562367938131,38.731754315240806,44.907272407465356,47.281694460867236,47.63317487302455,48.06286346202781,47.884503389604646,47.87610218194564,48.89607091325196,46.83205711179263,43.66373975660561,40.609323050991954,40.7152513181228,40.34781531147594,38.39310139108819,36.525616956561045,36.79123809136795,37.97584005550666,38.945219628165816,37.78311870604877,38.64400584785644,37.704189083552485,34.09616566754642,34.62029075132676,34.572888834360946,34.63588790939372,35.33856437153454,36.486063100108254,0.03530026098884709,-0.003993984215650337
Other South America,14.155581403977473,14.18404351514999,14.334023929979862,14.33409352828955,15.11269501034934,15.307573648044487,15.63979064241741,16.136629752204044,16.33880804394336,15.694772034757753,16.924359607084135,17.210011841621743,17.48402461979844,19.15819793024453,19.678966404494208,19.257470371123755,18.67276715815114,17.06698476226171,15.53326541274026,14.952535398492172,15.512537791368539,17.356345522704714,18.95872717286246,19.911924081914066,20.96985265948995,21.24896746700651,22.459662809657264,22.88230212997926,24.01585485203903,25.426754785060016,28.30115381372072,29.152401424035542,29.930793993223144,30.485178171863815,31.203824642344358,29.35633467009678,27.039386165676923,27.377042917091686,28.22046197001345,28.370338043779896,28.74460838903841,29.011834498933,31.236870621904806,33.38851395199127,33.76291508004637,34.09058222455455,35.97703226245306,36.25455049814852,37.179333340403645,36.734897981643,36.998064247539595,39.12329749032193,39.10503916683374,39.499921541986744,38.210022677784444,34.23915637440875,36.74297298038157,37.40231849594951,39.14878514223525,39.16955319209943,39.196219541706455,0.0034223840084051105,0.005788157849346165
Total S. & Cent. America,22.193256204138876,22.875209981830313,23.15066479446395,23.91870251482998,24.313427136598232,25.43680327054146,26.01044622232594,27.378440112959456,29.34548582383293,30.155347199718626,29.617283108571826,30.755558819980976,31.81227631334065,32.632911164609695,33.717554799895986,33.809669824466,32.89355444735717,32.318209012789275,31.48693354130709,31.818988894375693,31.768100142878136,32.829279886716826,33.189840361593234,33.6123354045103,33.559216290154794,32.92209671129563,32.9852462526827,33.70166373760098,34.11201772034959,35.53660949543834,36.76403577777526,37.72117379454564,39.012148113885765,39.71672276084181,39.2551939915022,40.19477659217395,40.32569789209828,40.03625884102306,39.653502959910924,41.588365370000524,42.18408316201909,44.0213702024094,45.54897205729731,46.546882860404914,45.36463960070481,47.544302916180165,48.85288191178125,50.31342740361997,51.17192992650954,51.5985348080369,51.05352785654546,49.944369403052505,49.429631543331574,48.28441266844382,47.80253321130524,42.988447247983615,46.53538559307134,47.602427248091345,48.229136998893395,48.752211850607864,48.78892999754193,0.0034949480614194783,-0.004526843349100473
,,,,,,,,,,,,,,,,,,,,,,,,,,,,,,,,,,,,,,,,,,,,,,,,,,,,,,,,,,,,,,,
Austria,78.24676816249155,80.83986957576008,80.88393921072706,86.7412019220905,91.54930398535996,102.45314386359412,105.68550174036854,108.80957632387367,115.76694598508433,113.01084304667158,111.40232449222691,119.28541022648366,115.52026261256393,121.59061541958529,127.44990425596355,125.86256904884262,119.4769118889692,114.49617741855309,114.55331907125242,116.61960806311811,121.56225624866184,121.63337146255776,125.7706227612838,123.3354939157981,123.83836032069007,127.49513423928134,133.50309381549434,126.86481929567218,127.65088539887074,126.67823286226934,133.4965054004463,139.4916102939253,139.8436893317743,142.64187676970695,140.86472192875166,140.58429361937104,146.63973271919508,146.55818754290001,152.291502627114,154.68209984881423,157.19421478262555,155.09561460827916,150.96663742022162,151.73877630536757,143.3010253882053,150.15283120732406,142.0626085267693,141.9195777161687,140.5273876743551,133.15119468009817,134.4963980892464,136.4636356204546,139.16269790758358,135.72508039403644,140.03075482066163,127.42574284940572,131.4237225765063,122.19216658654888,120.80818804803587,122.31272544641202,120.37785170837212,-0.013122685303055603,-0.0110289164578381
Belgium,157.9462254195542,151.26278920568126,158.00112620478342,175.2750840593416,191.58914372313066,201.52987081679404,197.03652898272196,208.83018018995853,211.14905076378355,203.49278390719857,191.64430810593814,203.36816292649826,203.47144845521584,212.00695483847116,217.58919825827346,207.92635545399034,197.34097361695797,188.8059871163014,183.46496152439036,191.81405213900894,200.56877371712142,207.04604534192686,213.07149813886136,217.00643506966378,218.05811851124133,225.39161973761438,232.13216852514614,230.50914744187725,225.96509462516667,236.70920475962913,239.26630088077818,253.36295117833555,255.35248666185748,260.0461827079577,258.1770602549115,261.982301596255,259.1624880879002,257.5041043645425,266.4236432852405,266.5152118036455,262.833935942011,261.9032485721846,262.0415840132734,264.11479978630774,242.35370529068987,255.8535607986495,236.3142460760454,224.11846646030034,228.15194713081223,209.2660334677171,208.62746258228893,226.92265157656277,227.59285529076578,223.19532577446924,230.3431226046092,203.13379546414652,228.52201445771823,211.98003551297296,193.57170479082728,192.34099569086558,187.27028379813376,-0.023695638081114634,-0.010741616802339427
Bulgaria,50.91695398038822,54.32696088747184,62.97354509450225,70.69728997956905,77.8738827277258,86.97969513912903,90.11715528163003,92.40026634305806,95.1858445413227,97.90672953038941,107.7153357001186,113.50785844313924,118.71825297450594,123.38080474212977,127.66879118056784,134.0579367197724,131.92950325958017,135.40440180509086,135.9030529970788,134.92017012338232,134.6284410625815,137.1203337985246,137.8554108780788,141.17551082721045,140.52533130661612,132.22801911263136,107.92845061004022,103.2980257978703,111.74262581871325,108.62126895262996,117.04806335495894,117.1172698392388,111.82162880515261,108.16296407366218,95.92256010182199,97.07348187588184,102.38977560517729,100.01364479108798,103.29667591234065,100.5585794784383,109.16427234717762,112.48840245956568,110.09554193138806,109.97773942096197,96.5713073198392,100.1404095996968,109.31955121246122,103.66512134314985,95.26305477304624,102.69787777014061,108.90514327727195,105.62230282377702,109.89351107638166,109.48273719758016,108.5254994603882,100.8334567670439,113.88056929086422,119.11161155410977,101.96784284013904,100.9686475574325,103.69533003092086,0.029818952129482046,-0.004890022460887988
Croatia,0,0,0,0,0,0,0,0,0,0,0,0,0,0,0,0,0,0,71.51767183752177,0,0,0,0,0,0,69.35755738018882,54.44587531329881,54.20918466721284,57.160941197061646,57.1519211161499,59.79556548227066,62.220490022723595,65.45557101716417,70.40694631113438,72.0470439489295,69.83580930719646,73.32277715286925,75.5772775788463,80.20477602778564,80.33997323181795,80.24074973880695,79.82920951017194,83.24503288197396,81.20653027327121,77.759704513911,76.84154149752304,71.68037978958341,66.41508935473618,68.1106770561881,67.64233008189788,67.73045969918782,70.80746326563678,73.91176061331099,74.30343495696349,76.12085958741676,72.61859226617244,76.78495774802929,74.70418718894273,80.67276514863492,80.08790633774599,84.71566548982894,0.06068153218113559,0.02262868434639964
Cyprus,27.275247031094196,30.829941128346615,33.1093903704563,36.42895536064312,42.6134213157119,44.50932587428141,52.55661187982571,58.471498891178136,62.27167584921697,55.43442331293893,46.57044066932968,47.1623939628296,52.869346424823874,53.789891528126525,54.15726390268452,54.171415772183465,51.50632755206911,61.06221706626159,63.2761101488211,63.12083121331676,66.78094210538552,68.518508849367,82.42210828249105,83.84125606537951,84.79755730493169,85.37420435085937,93.52810084311292,102.98890959350398,101.08094703123602,104.59434546395205,102.92730339227653,105.64776039714188,104.80594785019072,105.88745697328079,111.2525906485373,114.2614180523518,113.63452325264203,110.63909357678513,117.50419972188597,109.21983129575705,118.57392078953741,117.51889803650438,117.5947004028716,117.63559439598599,113.43998029049128,108.47733274061197,105.6148995654073,96.50032037619332,84.57541232503344,83.39851780033939,84.39495202295942,90.46222139077288,90.484532879609,89.66127987230318,88.9011899175893,75.7368692498428,78.37938060553063,82.36049215408326,81.6261826044074,83.56024654611714,85.36941838389522,0.02445015111510762,0.0011486940896563436
Czech Republic,172.23696417209788,173.10624788894359,170.14351582572857,177.51967837916555,185.07563932116227,192.29054227766002,202.0623245214007,202.4472152149894,202.799733601448,203.23226089479897,210.22291779278447,215.04500503223144,220.55336362882173,222.62644589858593,223.67795112625657,215.8657217629323,214.18806468294466,211.7340798259405,212.0168788825619,219.4140990879656,219.630754301841,222.22048462138505,227.28173636519898,228.56079289907947,221.88348397877567,193.57793625685736,175.6915071047229,173.76586039011917,170.00406053113986,165.41225340917126,169.27476013697031,174.827778330968,168.71578608036796,164.62629369295271,157.65042437782066,166.84660069614768,170.537127465578,171.36838364887353,182.34460085859936,186.67407143721937,182.94072958227923,186.38105354045828,184.46318723053702,180.48652869862664,171.6305465156213,179.01361654858084,172.63097615303428,171.92015292195234,168.67695322023994,165.84557819653483,162.48684024312678,159.60484078389783,169.21357322651053,169.05128077646287,165.10220138882312,153.15819696455821,161.7799117948898,156.22168621641868,141.36335834487565,137.2193160528131,142.80886077162236,0.04358571404995448,-0.01282602805945543
Denmark,125.69747219698264,141.83895509177637,141.51758890705653,146.98514379636885,167.79363857754583,177.45014291893878,166.53377975129064,174.7471395890634,168.05303587032105,152.16348881567268,149.53643332542882,164.2211250030555,167.06026539469227,168.95717819958844,168.19940690165726,163.64079224981995,147.016986197165,140.61173283385705,133.73096990732958,136.0349997554692,153.21912733046676,156.30722052121973,150.42317871774213,148.5425271700796,136.70725716400491,140.70560051563825,161.82596423245468,150.42224754413607,159.50783155526165,169.8535444895776,166.8475498061487,196.9383602169802,176.00495132369952,168.43873661643838,162.32526490007788,153.85966913932685,155.53075558285127,152.27265557047485,163.0182118719652,152.30873240567837,146.30456051382913,162.25483643842247,152.5344259000106,145.9341205380861,135.89625501024778,142.52265026536818,131.13168484153016,120.15918033978046,123.32321345908336,115.78497293510007,110.70860849428959,112.01086386418521,109.84966376332125,108.6510022097463,103.55747306454424,90.28260958921437,98.34254159565396,95.99320690475128,89.91729058012591,92.04296341352578,85.99601207409425,-0.06313731774139919,-0.02494370158971948
Estonia,0,0,0,0,0,0,0,0,0,0,0,0,0,0,0,0,0,0,0,0,279.5745065737699,276.36116527959564,278.4280146014302,271.61768220407964,278.39598530938736,285.3090873697624,265.13313661385104,190.17298984295672,161.57923639704268,167.93330531796812,154.4216943670326,165.98309302997416,165.10175015003398,148.83722600852545,137.7529433589143,140.98461107933664,146.68437320762354,143.60144241848687,159.91550164615848,165.25479489635234,167.14165568536103,167.59471550438457,194.50874290222478,179.86709472067025,155.1808413712223,193.59015532303587,193.83745259667563,195.31096017438168,206.86591596158928,198.8392657652287,183.1737594131976,190.08674863922977,210.77843360246484,208.34508854993064,166.09260240566624,153.41132699053813,160.62311171454027,162.82100805736337,141.79693397435338,140.11191187448406,133.90118283484793,-0.041708634232036856,-0.030847511012414564
Finland,76.58727653138641,87.26074376209698,90.25596047224221,100.75217351630933,115.0715641384621,127.4450690363041,129.3210163317075,136.8734647701183,151.2814789829544,140.51956730160276,143.1682485686622,156.5481537089734,162.28527234332503,172.24071658651656,185.77364833037257,185.30643125231288,182.49288686506173,180.10907419983874,176.5837401324241,184.37711170224395,194.78897852932477,196.4834465577244,205.1444141201531,203.70361011436944,204.32282619494342,220.1832441377827,221.1425403443677,217.2261507018618,219.42264510701028,232.52726315480675,221.69356674521725,228.60057367247612,231.1770688518182,235.3591400120673,232.69325755997693,232.05440422077106,242.35476947100756,246.47526931000914,264.3395942015439,261.29435709443294,233.42916779348164,258.2622394603463,253.14029178106844,236.69631601693064,222.84974495727857,242.17120697121968,225.90353133121482,212.45836978503365,215.7380935615079,208.31724247752825,202.30822219484486,205.6540125130192,199.38106033374905,203.52784170103996,201.43657698405698,186.15333235611533,192.11379393217513,188.2599046463968,193.6300286463733,191.00207037629303,189.98879681010095,-0.0025798480282793745,-0.00626303299748876
France,92.67780237631187,93.29893638757436,99.73139033512443,103.81280011467227,113.57063458547363,121.96944820123203,126.42856552481729,133.92814680376026,144.99583521646312,140.14179332902384,131.02729077447577,140.17433411183384,138.83050277714278,144.87274424274753,148.94629099299965,147.01795419574034,144.11643913037264,138.0537165489724,141.1130759443491,146.5810245746103,151.69277532841363,154.88022891644283,156.78437331107503,157.41811863111505,162.60269049184473,164.53232531174962,175.0598512480665,174.379984249334,174.2376831797224,170.0444336320597,175.2878146135578,182.48256530403097,179.2773986761636,183.1290844650827,183.49488292107503,185.64672449529982,185.52908971847634,185.1179164159683,186.62223002941673,187.43703263657565,185.96178317738094,183.06698540167966,178.85246123910488,178.0616311570328,167.43604990252462,171.8633229983873,167.30913899133736,164.53985896010036,164.46817629635854,157.8933217402315,159.45912932553614,154.93842225702545,154.76699845931915,155.03014037286573,151.17832655862262,133.047149548867,142.35837222004326,124.69630834740603,129.0446484805968,135.27273532036813,135.40553728850085,0.0037241506331828766,-0.01621838166750378
Germany,139.20945261621296,138.28111397399834,137.37009513904087,146.0872786145098,156.75370107643096,164.69645388509392,166.2594474966088,171.31342393939946,180.5181233853647,177.096568075607,170.877235653922,183.54043467279192,183.2809369962688,190.0798136509981,200.69954521138985,193.63153826292586,187.25985832939713,180.83749403094058,183.93420142578623,191.57392954946934,198.01154210246807,196.03275173317783,197.30936305618292,197.31996174922912,193.89602578279192,189.13893671635614,183.24746288259357,178.04037900150507,175.94556536344234,173.5295283479325,173.769440648688,179.2421031152448,176.64667351673035,175.77492745714915,173.85620597757077,173.97677069982163,177.1856857628478,174.24951942229941,174.42717887720494,173.8170278915968,171.81877578757957,176.74770909557938,169.03241954205913,171.41361993954678,161.0401938058276,167.8911935994312,160.09834029676148,161.2956839481577,165.41913572337836,157.34476045521822,157.34842150276563,158.6882790184503,160.7780131382285,155.41828751603538,149.8851532686375,138.04242367408054,143.77278068507857,134.56325386183096,119.8993548522187,119.02171567562505,119.45964865455967,0.006429244304146486,-0.027172398141262044
Greece,32.77446295856661,34.93617569806592,38.32823764239489,39.832927865681675,41.44483079595093,45.764157198355335,54.670751623015626,61.13417519287796,70.67034632424046,68.6789093520365,77.59226440467891,84.65177999759612,86.65609235316319,86.39077990271743,74.09280921989955,72.51312219697611,70.0669059979279,70.34040012320241,71.08817369895736,73.429022600153,77.26545762459578,76.73659999115849,84.05876501080365,88.77720559465132,96.30596350239024,99.61884019699984,98.79499304797955,100.77413134409572,101.81717025482307,102.92530626746417,105.61750344358812,107.02929340780769,110.17288121913047,116.73573612214766,115.53979670776921,121.84335821401726,123.00303716496573,122.22101320998783,127.7001982993273,127.36566594581248,127.15671929578615,129.81625870343998,134.0366307993204,130.48519008851738,123.86057243770523,116.52151774266011,115.79471814488957,108.1746405211609,99.74357001447879,95.00079192795813,95.46484629476612,94.36666542149676,100.3530497347536,99.96755420550501,97.81318983565625,83.85802472184874,91.01329047701252,96.46072042705222,93.41064215102872,101.6487364143421,103.3142249535137,0.01916935988593549,0.007933000196594486
Hungary,65.61239543683493,66.28662479877889,63.03977795217115,65.16192150670639,69.52967231037925,74.67495971699084,76.88276182962265,79.14032642575349,85.43763955762796,87.67726505854793,92.22821190735486,97.9966833973723,102.57579538629821,109.33797715387385,107.97926349416163,108.25534815732347,107.2827795641468,107.99969182017163,106.63219530945403,109.99287893984732,114.11277796574838,114.03522666319836,119.74939026647205,117.55181314750442,114.98010469808791,112.16118834103246,107.38493465364242,100.10726317902004,99.35890222888506,98.6795872733777,101.56994774723827,103.50838545736568,101.31794646357196,102.52829713751869,102.92345770303402,99.93362605499186,102.77299807640979,102.77541967362,103.75200539186679,104.24320020739168,111.32295692876748,109.46723356384844,107.97032534113598,107.2744171813737,100.26940160409534,102.53515055868246,99.07513062710142,92.73931275607544,88.28106932027475,88.67851745966418,93.6601243743112,95.62387143475458,100.95531967430747,101.74665042641006,102.73286030830621,100.74177420181654,105.47936977132377,98.9620139440226,93.39161851556227,93.79192419417998,94.79083055521909,0.013419143252292098,0.0012007351852707515
Iceland,118.46678429598661,123.88663027873778,119.14816751935523,124.88429398920117,117.75836221401632,130.73113465507282,140.92998326550602,151.1584225847621,175.7400552403463,162.71576438452885,154.41995064854046,155.90000908306453,162.23671754555198,169.01794500205742,174.47764400503186,168.94347429693514,179.83371239371422,178.49290256366385,180.67615502776778,188.3670180917823,185.9384006760506,196.17654697677463,203.1508797904446,209.85121853551476,217.51297088008337,225.0344553099479,214.62365758769943,215.62817553670263,222.30231416395586,221.93897678666738,233.28116687226648,245.9036995761452,259.7518576685941,303.2669029042979,373.6467799371414,401.1483006968146,409.406343789905,413.9235585742768,406.5258318296369,422.23654451648827,432.1313388157568,551.6040695787668,663.3183163512294,759.8967938043318,806.1845804928879,756.3051766304792,777.9268490209532,828.0542611411884,836.226292111089,828.7521852500062,815.1226974328605,820.5516195843542,830.6329689437957,903.6788022864982,860.9442247252197,797.8244266819775,792.832141815352,811.7332238033514,806.2994364346359,792.9714306794434,744.9094440510742,-0.05803631386444286,-0.008967152265434541
Ireland,82.47053533174181,92.39610098975832,99.8674325915014,116.18624405277963,116.31099052215215,90.24099886405233,93.6024359197092,96.94019366162982,100.51230177076248,100.39987203788291,92.96386486287616,93.35248367458576,97.75721560726302,100.29070675898564,108.95589965166783,104.12989716681697,100.52822902634114,99.1449626762606,97.11460232250155,95.74960366375669,99.804580788215,107.43967687098358,109.18456940086392,108.7547941956758,112.8957326399075,118.94895020633194,121.2664647365486,119.74965499605604,122.78440670649648,127.57256192819308,129.9339261304455,135.2616873820368,141.39022872107716,149.22282273313974,155.79254468462747,163.33201305791147,168.1161716531635,163.01667420557757,158.3235288986445,158.51577094306828,163.9469384222306,161.45094744861822,156.90021172582894,154.27419066100597,136.30727472557749,139.0843257921056,126.82098212966979,124.49975885934421,121.5410135625277,119.45191746445052,123.60051083086692,128.87614628199648,126.38101628746657,126.46507864384296,123.60538063644299,112.54571892293467,116.19822374182756,117.48089140293737,109.94550247095451,109.48689841476258,107.3024384808748,-0.0172667294237977,-0.014040825367633514
Italy,60.428450044098405,65.33313868014126,70.72822199846517,76.22513871545891,82.05687410528516,90.55595553770613,95.13197710618425,98.96011064822936,103.17499830125318,102.41929623386278,99.14897934210997,104.56322869091747,102.90897806604659,105.8655122669362,108.86413972405299,105.59052288899983,103.13695569953667,101.15573175770244,98.8483513448049,100.32152260815872,99.83891375148313,102.66523774976409,105.99941682729845,108.52528925785911,112.52101587424875,112.89352196279746,115.565439479443,115.4511427117465,113.87959434663622,111.96338326407047,117.98144980033344,118.2324135219671,120.0719524521965,123.45885279208748,125.04621425561793,126.62910677249522,126.19197869033506,127.16574962996985,131.3867920043082,133.20015248212033,132.96605224005845,132.2511762335216,129.46746093806294,125.72387959285918,114.67206375328996,118.60197701908125,115.12170198639188,110.01415578934902,103.30907108383317,99.5199762736368,102.21860987299668,102.20425184712742,103.48571240059104,103.18564878417621,102.45211603881341,92.34565694695331,99.93119693576693,99.34976423595008,93.34451208646801,93.93710441356865,93.56730121493341,-0.0012077701233357274,-0.008804290970620299
Latvia,0,0,0,0,0,0,0,0,0,0,0,0,0,0,0,0,0,0,0,0,140.2177678390319,128.63634582138687,113.62769033507894,107.48004398503487,105.34468132930343,115.92882668714195,100.23729693914635,76.03845866554184,67.63156910287974,66.22162366482793,58.287017890929405,57.29250958434583,54.29753244550621,56.38514282114344,51.17213396365628,50.2768425094194,55.01678907912833,58.04032899659679,58.80698483232247,64.01222073032159,66.20552606880071,68.00439330736191,70.46469399906337,69.95870858823562,67.21288077373211,75.12222927108158,68.88359207745403,70.07776451269844,70.23169812189887,67.38435283330476,70.21727088276963,74.24699533497078,77.16189395037583,74.04255890951426,77.87505636994973,69.2498371515152,73.16938905386442,64.19396133506329,64.6091172617722,63.12532438943808,63.403641463613035,0.007160766068082358,-0.010155383162793408
Lithuania,0,0,0,0,0,0,0,0,0,0,0,0,0,0,0,0,0,0,0,0,183.66989945482777,168.17222065529242,174.40351436394792,181.3770561514927,195.80330434860227,193.43404228580192,203.4435812799148,130.04452445387338,102.72227227719789,88.3549458918076,100.16608707360461,110.35970384701483,102.93594119534292,111.25093012845201,91.21920971558521,81.71852694737244,95.48538961973816,105.09490744907885,111.14457700741413,113.62313241961508,104.47528459311675,100.78049064209722,112.78536087407119,112.72540506740704,105.57901340604558,75.32765561885398,79.63010526590045,80.61259888659575,74.64553903329731,72.71048107215631,76.75365352826626,78.8953233010807,83.58268801101406,87.53797323784035,86.73787405224768,86.24324083357897,86.19463601854144,78.24432468150258,78.93070805118596,82.70193969769996,79.90738655658006,-0.031143511310668393,0.00403484894399786
Luxembourg,454.60996596926924,431.3061472272177,421.45851966213445,453.9262092478791,487.08322400026015,504.0639975009725,481.63218835171773,490.60346401904803,515.6327118192673,519.8539168985789,429.0259664103144,427.5327055795342,395.5900977596783,408.5005793268348,417.66223760807696,383.9485741566279,327.31512033791137,306.2708144404246,285.8816272550673,307.6882098712827,315.64930777029366,306.7658885725383,287.69704792470134,292.67643817645296,333.66137593413697,349.0806046771493,370.0548702999707,366.49835305971357,366.483562718053,347.3070957637849,297.70993962329305,302.5929482237148,292.03937227896233,277.8666082721768,290.20465497725166,304.67240957902743,322.6147887144518,349.51929512140725,362.480136693449,404.4292509516285,404.1375889925276,390.2981420761721,372.8892119356904,363.4264308375663,341.36832042432354,353.1506237201978,337.0228342850473,322.50527499258686,299.4796709472949,283.27950225371484,268.6270546399965,258.534921875608,263.22454738105296,270.1253755822055,269.3185420856364,225.49058361131665,237.15807524917597,207.98744572076933,196.38577044831945,191.85067593574624,180.34498501931515,-0.05739669674529091,-0.0390618579170009
Netherlands,121.14797118149765,128.05855914112385,133.85963845970687,148.17184695156465,163.33181168379622,182.00376319039358,189.65719671188265,218.05991136147446,230.0938119327432,216.7988387555959,216.67269948571908,234.4954096689952,228.9200026975252,232.13277696300574,238.1265160184377,221.86616033816009,208.89934683380076,192.16315002260617,192.2217088223675,198.65395853938873,203.91290769736543,212.74273682834206,215.63413113677294,214.87163479213459,214.4806999024498,222.68496336892144,229.70541966812354,227.03985853817946,228.05066993510187,227.55251159524013,231.93216230312106,243.54454824203196,237.5054198892018,237.18863731065952,233.10805268963935,234.40792993651272,240.56262804299686,241.04724743338204,244.35182577585357,249.52521201688657,249.55967463199696,247.50723094334572,248.6844079844306,244.76182369329265,238.06920127909098,249.76701327313214,236.3428527332737,231.29842607988473,223.2777265480237,212.625146907026,213.11833753108692,215.22129057690037,214.50121158462628,207.39235154552364,204.23259126020073,194.06707124108823,196.5456429780391,178.70156935065978,171.1269370381179,172.87242413736206,172.47674316947362,0.00044459406916530497,-0.02093624710912545
North Macedonia,0,0,0,0,0,0,0,0,0,0,0,0,0,0,0,0,0,0,0,0,0,0,0,0,0,50.06336874832905,48.65599497124879,50.61626056437809,52.48439683043899,48.92648381395934,48.78621744437751,56.555408921096834,50.207645339775596,56.19270185926741,52.35546195141495,49.973916525739774,48.454431419590556,46.69699779023934,50.78929928165998,49.66906569351325,51.34151912197683,51.933464371191704,53.65863953713258,52.63235020486723,50.424809220007006,51.91100257641829,55.16770755970851,52.44947716271237,48.94390690415739,46.409585993966964,47.39634104801077,49.89228492634133,50.743094364851984,51.141892124940284,54.90240952311245,48.83101387974781,51.32826804220686,55.22286385236114,57.213514021696916,52.7965335369231,56.80229025878614,0.0788191791415731,0.01826801689836155
Norway,114.72083390936547,119.91295407041379,125.93219585794282,139.0024924131729,143.43848412706663,153.06486219088563,155.51537806229507,163.0418327354721,169.0155984399306,164.09067753131527,166.25222838942088,178.35547807223654,169.54958413083295,189.73506073362879,198.5662627005525,189.685361578851,191.8658031823034,187.63008592142972,198.76324217408663,202.58024666447022,203.80852590274193,204.3715334267369,210.01003214491246,211.28986942359623,220.13984778687515,222.56184538695263,207.01531940333527,213.3377448325495,217.76005219121325,216.82868659077874,225.94638273599207,221.24606908509406,228.4767071180455,234.5178196193893,235.78928034184096,246.75472100134056,232.55408644268235,236.53800976728428,223.8092924296592,224.4394959456267,241.4403068429965,228.19001107645204,239.0341859502452,235.55102399974962,218.7667311710802,216.41156834301069,216.67502930161285,228.87120046540684,215.16265524247007,216.3641429786976,214.67326656216972,216.4692690260343,222.41919641548168,215.32141183679042,205.95565016556867,209.97717570676764,211.48379692368053,201.31299753494218,202.8388207693995,197.047659281864,200.26552614937444,0.01911486569096721,-0.006923229759206562
Poland,89.08955958423728,90.02411564260336,91.88933711567228,98.1287623702515,104.07777177659914,108.90344114012518,111.61609178293766,116.79109415236844,117.95548136893868,120.60461546982657,36.5573474578102,134.59589536749974,138.94774629908758,144.6320476954263,145.50563188391607,150.87408749983254,134.79570841149766,136.1167987946651,135.44528908353215,139.59811339582495,141.55356569621966,144.6310015463153,148.46581479395715,145.01538565333715,139.1448165854757,112.04060434962611,109.78075291917698,107.01819207093305,106.8413953735503,102.34019250198995,104.9681519427996,109.21295316063694,108.40907039615661,101.75464933513128,99.5326645881962,95.55209761336134,94.6413214854286,93.33977811056297,96.72577115042152,97.34990674568166,99.84216819755817,104.56375446446484,104.0577659789244,105.96797622591461,102.13534571442547,108.49423428691766,108.51233201822473,104.89746728794493,104.94887953477182,100.74831776924324,101.5901784364085,105.75637176711493,110.85088799967268,112.61197204748001,108.9574554904758,104.2678116870086,112.37505076016724,106.77713821833676,99.49771209440576,98.91946144498664,102.86970600485137,0.04278308139789622,0.0012524171873218304
Portugal,17.015373068963182,17.933746842125107,19.362269917837722,20.108194296570318,21.36723384200263,27.196212522289674,30.071892017138286,31.910455730193572,35.1800041689037,36.215387938333066,36.5573474578102,36.85931531078103,37.83081792711734,39.118920249624374,41.21186033640939,41.69249186613496,42.6652016303316,44.88531877741767,45.68136185398726,46.452348505534616,46.76945167819505,51.40390058995652,52.24637850119199,56.49766414204063,66.2212587895451,66.54283670211096,69.58415239143136,74.25403011038142,73.3802749791464,75.2940657990645,82.03332937515206,79.96452843864722,82.19737936680592,90.06057411120628,95.4935947800285,95.18865370104321,94.43692715398583,97.38217323524908,94.62176412250467,95.82629430319244,98.16081276268739,92.58482629410258,93.15149499774616,89.8991189464654,88.67701223930833,88.40158844886211,86.61678658598393,81.05785485739719,84.46308726522176,84.55625726983594,88.47650283741568,91.156083191653,94.4984796229676,91.51578935178168,88.80188707152718,77.69544119758591,77.24064584640574,78.07215261813232,75.38999958708668,74.06040907553835,75.3925894659582,0.02077676115025473,-0.0158754379439201
Romania,53.24170367867478,56.60764535898764,62.31221034990188,65.0647687709146,73.35892962162295,76.7405306549666,79.78757900689493,82.12177673347612,88.45884994189196,87.78680016099992,94.65312461826578,101.5606240123645,106.44838145336874,113.58739440939155,114.87270803534156,114.90157075421813,114.54244058972589,113.28425079900313,112.61368043404204,111.00564253153647,109.88715268457415,112.55430748652807,116.35889842563333,117.11320364828556,117.29275471421455,111.35197494684846,92.38361726230316,82.50474068447666,80.03036337273731,76.56115092337518,81.06237891477443,84.33677116570867,79.37170570416602,72.01949620768079,63.95698130296073,64.66400488844775,67.42055569493758,69.01674710490789,71.95740456521433,72.3061421108459,72.02914104231982,74.5277437185279,73.26706152486575,73.42197948115155,64.47671800363405,64.28166647856239,68.24179543218239,66.48171409126779,61.070264904062206,61.68839116001657,62.11308318462087,62.243939030178325,64.71414534861306,65.27071191207996,64.6424140656579,62.46002750721522,66.31584359007311,61.84762013315639,60.44514698085838,61.04369685178424,60.319779225993734,-0.009151771361990524,-0.002925370979520392
Slovakia,84.5235341716146,87.02319405807845,87.31323840061687,96.24352471208144,100.56287271204359,109.67731309456809,117.64573028174173,122.67231320334085,126.88772948218376,130.9953657080888,136.12801809432295,139.88873807965697,145.07214202987618,151.0767557521157,154.85830800252367,155.8922682584085,153.96836975232168,151.6205190120232,150.9233641900276,162.19511404119734,165.86510955171914,164.4117250693249,166.93145762798292,167.24089142251051,168.81141359198904,168.86973348321428,149.82457072550145,141.36311748176263,135.2827909953173,133.11469713137987,136.60630593892378,136.52303266213804,135.42447548928246,132.5084488062769,134.11086988547365,137.5824289340101,147.3641558769406,149.69261304804053,147.39960036352844,143.89530137256537,147.55888945505473,146.1348566209464,136.69312634332073,141.22063441130618,126.58964701105035,134.45742931080792,130.84751752772368,125.24014136911282,127.47788038587211,119.23263351957013,120.9314950842005,121.84344260971248,128.1643276887647,126.61746106557815,121.61244442488226,118.98904680656017,129.05630133326932,119.12091199132514,121.02025776293931,116.48522068505554,118.29400522930732,0.018310286032168,-0.00220268387852407
Slovenia,0,0,0,0,0,0,0,0,0,0,0,0,0,0,0,0,0,0,0,0,0,0,0,0,0,116.7729492348216,114.84426255084836,106.97033547961054,111.60220565205017,118.28988161519959,126.10187181927698,132.60138259359317,137.41035803942927,135.30949195214262,132.75620092089554,130.81324181696652,137.46052747329867,138.6341912208958,137.11128249102654,142.4171804060241,145.13163665780849,145.30609355944608,145.12944206443498,157.19882965133448,141.35993996237355,141.84599361709525,140.56771346145896,134.55647959835886,130.54379077097948,130.65301505846705,122.80718391729145,130.00236804528316,133.98867878767427,134.37824149783393,130.25467069167706,123.22635083283528,121.42095761078025,114.7338234978375,114.06546978909596,120.51113041178729,117.13757028443405,-0.025330733076920242,-0.004715492638562524
Spain,33.50804527018871,36.42138794064562,40.27725459420475,41.81805168463227,46.26459379340356,50.52810719153905,54.84877443258014,58.47740778661787,65.33934445039274,67.0823373075337,69.11772654167338,74.41374129175755,72.87565737611355,72.40800135881189,76.69909612799705,79.61257383040721,81.21583573174111,79.84779838117925,81.31145941742638,81.70142632462951,80.797855000869,83.36290391982844,86.23234715760933,88.76368421101273,96.04309478845379,94.81078524665551,97.68344344939577,103.42791967744343,98.44123312613604,102.03715759984931,106.43313562391043,107.23983445785068,112.07570597333715,116.94503091244233,123.71934102975057,129.00611638874275,131.5885355249205,135.07424695756632,136.23191716074194,139.18283918209286,140.31191654470035,137.70457407782416,137.96199002434986,131.34371067427386,119.18877121950976,119.09643811724821,117.88920195149441,117.02578620139651,109.00655626274802,107.78489401404065,111.28959994041773,111.16866173376988,114.67100365341092,114.19631486794249,111.09162177400681,96.39535416233393,103.17744060012932,108.045359088474,103.51781559977155,106.16941731775086,108.51690553992053,0.024911079664066582,-0.002519803946761212
Sweden,140.6423260167131,152.20893465713004,152.29180200465535,165.1519569254014,170.09569765491142,181.42601540923377,174.94144700235685,179.63244918744692,187.14790351502856,171.0834739635985,184.0799883265842,200.72951151172813,198.2694097166008,233.7539741048183,245.4963503433421,229.9428292841629,227.69861551536195,218.15656150648505,209.48764384771312,221.65533897116967,243.02067442387838,262.72631936684996,246.03283537563127,239.91022710827067,230.04193352691033,216.729782831073,219.569475784056,205.06483612607957,204.2253215138961,220.73256128320682,217.96262050354352,224.04666822698357,219.5042850390163,227.66446459495538,221.96845702209342,200.7422146133255,222.4961797252213,218.1905945900309,213.99513816779265,232.28499345926178,225.53116490370692,216.0366119734496,215.0770701455518,210.11424449827402,185.40702414022078,199.84763356853696,193.48818215273434,199.1333601696852,192.18953859362495,187.1565290524314,179.43999766141627,183.15134679810782,185.4721665233716,182.0413540953263,184.21688762963777,160.73192701618095,171.09756693007975,165.1564941579507,157.4327943894098,159.08441072135486,155.25625985815336,-0.021389847262356376,-0.014372104562903942
Switzerland,83.17652494185867,86.53351184073166,90.74129732416316,96.25013144282877,101.13923625573689,112.01180809359101,114.8874152139839,117.51225076998047,129.4694841705608,120.51561192626734,121.51312247269978,122.28223412401904,129.34222596039547,130.559989603837,132.18353230865253,139.27954924045474,136.58023853007626,131.3435710891351,138.57680655475616,138.5922806716311,147.60078191607198,154.80711188198694,150.8710402179997,149.95170984949905,143.06224726222777,148.95319260808304,149.4203494248277,149.99934012972298,145.19831591602806,149.83371644314553,143.08333756960235,142.90781098176066,149.00788287025608,150.1845498293151,151.05085310119105,148.90413602146782,156.67582106850867,148.75985117875723,146.70830866801865,146.52338094301936,139.95338170170876,144.88766223079807,142.64660452887586,144.24505641024507,139.69607554801775,140.1851715390728,130.82911503016135,133.27464429341507,134.53051272185408,127.24796429729977,121.49953222022131,114.0423473753736,113.62569225642602,115.31901376877174,118.75239141708632,106.06979129980112,97.00917898823046,104.11130982254257,106.22887599424249,107.84065726988823,97.90813748980908,-0.08961627786928206,-0.02135671996411681
Türkiye,9.700053024555379,10.885482926315897,10.980070018143762,12.3895671031422,13.203478014078726,13.82686016160636,15.088436102479188,16.405243282600193,18.35042938112413,18.181250072262248,19.475973473981007,21.20301593996703,22.83155565460914,23.650858959599127,21.60328186408934,21.902415056716112,21.48769045009422,22.895135879019396,23.593697888081117,24.07939251466326,25.750719310025826,27.65685124497052,30.218648837221185,31.467363676386853,31.624877623207922,33.19944964287466,33.42455679820781,34.22345252309744,35.95984329282603,34.49273141112077,37.82219589578781,40.44473803410047,41.97839005286198,42.284396381606,41.3312014788925,44.21508307827392,40.12928417509093,42.695673498952246,44.729359463216085,46.58887391494468,47.92589123410827,52.618846297833294,56.41429761315462,56.14586555418171,56.075145450334254,56.97751530132158,60.232730584524916,63.029097201649975,61.56217779610569,64.01420643844368,66.609925651621,68.96746323040169,73.71976315385062,72.43749867919719,72.51809390471394,71.54373890529638,77.53176373312722,76.93235098820352,76.37080161470865,80.0869750946811,83.4824305523692,0.045252982038817224,0.022835077790513747
Ukraine,0,0,0,0,0,0,0,0,0,0,0,0,0,0,0,0,0,0,0,0,195.11131729618327,195.0395042807018,198.70342244804232,198.07049923141759,188.95647120786018,220.53422169092659,206.0550561070806,174.02523619268345,152.05793062251215,130.33789751603553,128.47913722539172,121.05302876610006,117.59123933281492,113.49937952277139,112.83677155025181,114.65364513019803,114.04335393557571,114.82585038431462,118.80389560441174,119.05802790191882,121.60991200016186,123.93554791276229,124.57321893976416,120.80269409873982,103.32139078969995,111.29111707878488,115.82109510026261,113.71113369554539,107.56112038237848,96.26080811259826,81.04244294481465,84.43931705142217,78.82943615132706,81.6168047832598,78.370842163278,76.43705217834979,79.33125875565928,57.54321596696417,59.90812044336077,60.072222474470856,61.1330025708432,0.02044651794214225,-0.027798425041961172
United Kingdom,152.8497839958987,152.7776072938261,151.98999456816162,156.85526603062291,162.0006995592037,164.5728512153718,161.03181444507015,162.87305763956007,170.56701232003888,161.9313850771632,152.65987719780608,155.83597960342502,158.94289325332076,159.80396945095123,167.1371192614196,152.0935578032234,147.77416589231825,145.94647914291468,146.50802655129485,146.18553388501206,152.12684720441283,155.81361405886247,155.20909871268395,156.90294249778267,156.77613159312605,157.3797704590159,160.29363621060935,158.81775284688328,160.50735441230728,158.06755272789468,158.25218074746948,165.69899058468152,162.32420584436173,163.04907715637455,161.62066915393936,162.43200592589855,163.75655720829,159.53480841263328,161.34815229609092,161.41640067516946,161.5742276068279,158.21708332252416,152.32374255950788,148.1496284331958,138.9604211360087,140.84360048464478,131.0615079226365,132.58165934428493,131.76139153277296,122.4863825752548,122.13897092171261,119.44963229572342,117.62948288551222,115.94278111818849,111.55396300999983,98.75823580004469,99.70769758021967,98.47749485866123,93.35834988123706,92.19934516772445,90.46357859912357,-0.01613808802084893,-0.029575057056707377
Other Europe,27.151610695565314,28.092529759907304,27.953627088594956,30.416300844192747,31.519219308797506,34.80757167281548,40.701906878876834,41.48875023353036,43.705192735670735,47.25717498360647,47.501806044466605,50.04847694386834,52.503815643226886,56.89261201205427,61.238417632448204,58.27864983755432,58.180392809836476,60.85279109883814,66.0818933148664,67.74707975961412,72.404152101924,74.8290875682727,75.06552467974241,77.11944474884001,74.98610143051,73.05269076290395,62.33625620013884,55.20800164173218,48.31059520784637,40.007060958940286,41.398968361777065,44.00023439052596,49.03768995548069,50.03477849583973,45.50921121598692,50.30977024311228,53.51212788443756,56.569563369621804,60.53982144526728,65.531763108564,64.74018435303742,67.67720357781494,67.11316294918238,68.96663544581502,69.39267159935883,71.98047121640401,74.73577941215551,69.7740498077305,73.29354136030807,67.46837876429944,73.11908549268634,77.6417616683925,79.56976759971481,81.28943101324901,81.45522563450378,79.75824432290142,83.75735586770118,85.85209699735701,86.18038399211952,86.59050932567298,85.51496312925767,-0.00971536757029734,0.015783458239104542
Total Europe,89.73079314372845,91.40837977843671,93.41452903021035,98.9211461668224,105.58645739362747,111.66284802437636,113.83753207570241,118.2757024447,124.31228539249904,121.31711651064943,119.32997164048854,126.03756712193388,126.64008968363376,130.88116674513083,134.9040804738134,130.91470857543848,126.66634562072518,123.70666041679542,124.21374819906562,127.14127803944895,136.25752276736142,138.19271214557915,140.0714651452643,140.6186098160806,140.20865479408985,140.49130715048094,138.37104437582335,133.07896231118684,130.2821454180125,127.20069205997189,129.54934449336034,132.98088210722668,131.94736041799723,132.3902846572446,131.34791471079302,132.5586770514139,133.9473403142891,133.83991438671202,136.3157842587231,137.554841932629,137.6100413429475,138.6464772414572,136.85758697895798,135.31972009464644,126.2478944185584,130.27916774695439,127.03280457081976,125.45776924768747,123.41188406476853,118.40931439099204,118.3929701124326,119.26505615388639,120.91917715149512,119.9057506067712,117.51218732470242,107.94328326867915,113.78811102831878,108.38215713618366,104.30740624382456,105.48064348296731,105.90947001542878,0.006816316627104024,-0.011080620023819154
,,,,,,,,,,,,,,,,,,,,,,,,,,,,,,,,,,,,,,,,,,,,,,,,,,,,,,,,,,,,,,,
Azerbaijan,0,0,0,0,0,0,0,0,0,0,0,0,0,0,0,0,0,0,0,0,123.02904230102246,131.25695594219468,125.60308118350517,123.96071059275815,124.90500681241625,128.10035852848827,121.52481743841697,102.55607761683777,86.94392311440136,79.14689366244099,73.50042537972006,59.180080232199565,55.706028205515885,55.094482562551406,54.843997980380664,56.832261167494714,54.405669092665036,52.63395112305423,56.285832798644854,63.05986752901163,67.51307783979246,65.89098500191702,59.84182050294553,59.226867265654725,50.152286175176336,48.1421992363054,54.852218816548984,56.409708460225794,57.43269091804752,57.93596056919203,62.3904820399818,60.846755134841956,59.20497979221925,62.048700547016495,65.18507653246216,64.68299771435521,68.67393954956472,72.54805410134739,74.79681683420031,70.47716341115812,68.55953104428096,-0.024544092746149326,0.009473562969644744
Belarus,0,0,0,0,0,0,0,0,0,0,0,0,0,0,0,0,0,0,0,0,147.70605117491988,167.61584620709908,169.15446681909347,170.73396942516362,164.29498793565656,164.66888554188762,164.1704680741628,142.6672826511808,118.75453055410199,99.29453084832282,88.49268911641396,91.06475631499252,92.48984797704202,90.81477450707332,88.70866307658972,91.86044088790091,89.7832819029349,93.49454766897003,93.45899856073363,105.38063558403591,105.76649806291238,113.17219571446094,110.92296072030284,112.78107504157434,106.9409307864271,116.11105931217075,114.23488274656913,123.67080198820912,111.80596958668718,111.9687935851361,101.19197780805511,103.2271792690575,104.95402230641913,116.30493356161546,117.37497910012328,109.89309439506641,122.47153806185294,119.66973772923302,122.0081280808113,126.83891399717177,125.8209426033846,-0.0053079647351762516,0.02202303664454197
Kazakhstan,0,0,0,0,0,0,0,0,0,0,0,0,0,0,0,0,0,0,0,0,176.46896702213516,178.1754094043305,178.9091092781289,182.19175997579063,176.90654544275418,177.3363246896756,175.96238928551853,173.24908989237247,152.82164302284218,136.9833267602106,125.32410912088238,111.15606842325704,100.28541185928569,96.85763924112857,91.99467545530696,82.4478849440843,92.57558738920937,93.55687499225569,102.48631886955162,107.99047378456733,110.46707456331409,118.27078021095775,130.19653639740872,136.30071501282302,120.5802716257387,127.63851940160347,143.47500109576097,149.05503783475075,147.2803067600123,152.54981195467377,123.40617407504473,135.50841423097037,143.9047527376957,146.65156290854202,146.28314299936852,132.4059332404906,146.20923833062471,143.37942246018005,145.7569926499589,149.9789866002901,157.24569431852441,0.051323975539117495,0.024528838428614863
Russian Federation,0,0,0,0,0,0,0,0,0,0,0,0,0,0,0,0,0,0,0,0,232.23706993035606,234.26449935676501,240.13404323233954,242.56083235326844,242.0411608410676,236.14879964463418,232.04569697768687,223.66725760776703,209.02764310471278,189.7937452456959,179.07584763776234,173.39259071000308,163.71922290819293,163.56979680267509,166.1627568340734,169.7609387733594,172.97800559159967,173.18924364968828,177.59162032813785,179.1521764029477,179.93897798048363,189.04994260276317,190.40798015704735,192.10549259717118,181.9305939388434,189.7065835459783,196.53694825151098,197.54696306861013,194.05602095021487,194.81467043942223,191.65652901925915,194.33021183066853,195.2112266319158,202.10943169655351,200.41892785809327,192.7897860899203,199.8309619743255,208.2156066710311,211.4141136800077,216.6834277732936,216.60349646643309,0.0023698301956487366,0.012311532395645752
Turkmenistan,0,0,0,0,0,0,0,0,0,0,0,0,0,0,0,0,0,0,0,0,158.62913913712904,191.51801258350352,184.73453056432575,180.41366688354472,180.15884629015937,150.20643895661738,131.27291605769764,133.3075771441021,107.53584773982166,112.55113886131043,90.66335111984316,130.1746894040296,98.56201654241791,119.01311187126562,110.14833499177458,93.64848000415478,117.60337454897001,97.20236596767141,130.66945417492997,129.70209622933655,127.95704244657388,126.7694268196536,120.76413353353497,97.64338461026124,154.46190844802766,163.42187762781606,177.27667914907354,188.72423366156772,163.82403757888125,165.92653822780437,192.08208193021832,183.3416946687289,179.26274960460026,193.16564741444554,187.0890804566886,214.67124501898198,217.98740492913242,227.14755211287132,210.18372821659662,184.65425007774573,202.12120238864085,0.09759162879912497,0.005107472753385522
USSR,105.87662967460489,111.15667200529695,115.78318479144718,118.51355956085101,122.59088714081933,127.47729897748549,132.69777400402626,138.42741429639003,144.39154663708123,150.92138198373056,157.24268904082138,161.65187237201394,167.08208389317258,172.16288403282465,175.40358471416226,177.718227162086,180.08136022761244,183.44657129912048,185.51890073112136,190.33032163297796,0,0,0,0,0,0,0,0,0,0,0,0,0,0,0,0,0,0,0,0,0,0,0,0,0,0,0,0,0,0,0,0,0,0,0,0,0,0,0,0,0,-,-
Uzbekistan,0,0,0,0,0,0,0,0,0,0,0,0,0,0,0,0,0,0,0,0,91.72153718604834,87.73085188404006,88.11672496037768,86.16321464901682,87.53253137224948,89.12861663940579,85.92983901554796,80.09152198768176,81.06305220237536,78.85433676599972,77.72399876770427,78.52523090951478,76.65347540551902,75.71997398378235,84.01761202472296,84.28030392214127,83.35010005986271,84.15264039184497,77.48156780676375,75.72367942534984,74.19698241472368,68.3914053861202,71.26866780739938,66.48706042913629,65.6195943423169,64.0532658728687,66.55888141221082,62.81009713299558,62.333039937357306,57.31241410106821,54.27138156991478,56.43195051410147,58.06960695043749,60.28883219743525,60.661058650428984,56.81209838231083,61.08539042063077,57.91506006148704,58.25421065077409,56.831876000935054,57.41470287211206,0.013023103917576773,0.0056462174416436195
Other CIS,0,0,0,0,0,0,0,0,0,0,0,0,0,0,0,0,0,0,0,0,74.91681846785866,70.2693213782745,71.79474189796056,76.45047488832039,72.50427101337229,71.74760992561448,57.38238589435935,46.578483488021774,34.216470955305304,26.155416782347274,22.809742311561724,24.927277109257982,23.8434911002978,23.843565003379936,21.40748327755473,20.23253789123844,20.10510137227283,20.03077422411931,20.32815061362545,22.386468333448466,23.62030188184115,24.052942192007805,26.357082878413593,26.259986406143977,25.245451006994493,24.998934341254586,26.29570416422459,27.326227171498797,25.687576115882965,26.869745452699366,27.01873844411364,26.905856694671428,27.199936280809887,29.65840925476115,27.836466304948544,27.752521124132016,28.228171886732323,28.310612568019817,27.21349366997256,29.301131544648854,27.948920758336307,-0.0435354654727057,0.003390529267469855
Total CIS,105.87662967460489,111.15667200529695,115.78318479144718,118.51355956085101,122.59088714081933,127.47729897748549,132.69777400402626,138.42741429639003,144.39154663708123,150.92138198373056,157.24268904082138,161.65187237201394,167.08208389317258,172.16288403282465,175.40358471416226,177.718227162086,180.08136022761244,183.44657129912048,185.51890073112136,190.33032163297796,195.81691218103472,198.00736652443163,201.61990222667725,203.2972589487752,201.7239570412267,197.2071763929719,192.03655436726712,182.9064521590372,168.46376929672462,152.64261532892004,143.16104079924045,138.8323027055581,130.70977050887805,130.46857738740337,132.08834246785,133.36248823299385,136.06007903236335,135.83170017636613,139.16923874030593,140.9609628811083,141.41059823551183,146.98013667855767,148.4616338097042,148.6349486645379,141.47030108777437,146.81201725487674,152.8209444058169,153.91934054540556,150.12130956996307,150.2245843949265,145.87403164503976,148.16718891269988,149.1735670868278,154.61935833138708,153.10023902787333,147.02463817391663,153.13450951374665,157.195782740556,158.3621795121622,160.40201214110772,160.71797410691696,0.00471493575701043,0.009737873820632181
,,,,,,,,,,,,,,,,,,,,,,,,,,,,,,,,,,,,,,,,,,,,,,,,,,,,,,,,,,,,,,,
Iran,13.505376321928324,14.275201383846532,15.24437645140139,16.278221646152726,17.348321580493515,19.910083977116436,21.179326806645644,23.211401752218684,27.211304935545073,29.975006864692524,33.96667483884897,37.09425720725839,40.79387791071704,38.157943815732644,40.04596646181751,35.70261344584166,33.918071304749205,36.3831768257439,41.75314095790606,43.59060136708651,45.916183343667534,41.2493531254034,42.63168932048771,42.06061479536312,44.93584972221927,49.13693014387978,52.16671396128255,56.214482182053096,51.6010441827758,58.23901224139324,60.28338350527115,64.90139498642027,66.44014895724695,68.1196473081131,72.68909116320084,75.29133847370335,79.20772051912715,85.27064656526096,85.7435174579895,92.71623952792224,95.89072390790419,102.31497665023628,107.17154817914924,110.10349590441604,111.44172412031018,113.45254411136,116.42703171571245,115.75705949611113,118.6527484004389,122.07348558679334,119.4685775344974,124.44852961740467,126.92235470668037,129.90441959379098,134.10902654679208,138.87618317761962,136.41821277827052,140.10692080529927,142.17032695523008,144.16404296268902,143.66183187667082,-0.0007534266093677244,0.01861195905177304
Iraq,10.036336893940723,10.687565997670527,10.42124853219871,10.686170140779268,11.941076199725572,14.354720251801874,15.170310636106468,17.1926701173708,16.270866327115353,15.331644959086418,16.197076742909413,19.782303561756997,19.984139186741817,20.432386918210213,24.69622564468069,26.48377533735866,24.041437336083597,24.22575791064538,27.05390191724798,29.08129343701533,32.60594240344465,36.687896808844364,41.30496843937505,46.906121105561134,52.0016433833082,46.80956119216073,29.545598023187125,44.81956672462634,57.04313793826627,61.81340180156205,59.24954958850031,57.662017940188825,66.61496944549747,48.075052009918494,33.853942645540705,46.62967733578215,50.46471479135192,46.205287288864284,39.62099681673352,41.14472282858782,37.910264012313974,36.53554434164448,37.2552036812679,42.32018340713866,40.05111263073923,45.98076853884544,47.38313335543037,47.953350934687585,49.85395945881039,46.97267164966598,45.7326404035693,48.15644722541228,54.32714864428968,55.476364560677894,58.696200483912975,45.701188023061235,48.39234850419883,50.84862183178124,53.93881593895015,52.55802466676269,53.52239844127064,0.021138741221924606,0.015853143973524775
Israel,42.43604306091717,42.877058068755794,50.685226281389276,50.32391547841148,55.40637633867327,57.45623235477446,63.13535645317545,57.937376717063984,60.05081416333434,58.7459822184918,58.83937614367851,58.823205705712304,60.263841151983804,64.23874136698537,64.80647393076988,64.20595002325135,63.77270978921694,67.27056848015958,65.69939580106117,66.64679767876899,60.45455743532668,62.43894756123609,65.25314843859813,68.035037682218,69.498689030977,102.28075522225562,98.86361461183994,111.21180156974025,117.72128834997613,119.74739876425691,131.20601624363198,132.39256688628305,141.00666703160633,144.70821049763885,146.03666233198686,133.90480338310584,130.64339204513053,130.59370532873348,132.17580376429922,132.469803531025,130.86394671699787,129.35220172759156,131.8714446411075,133.36473614277662,127.31590492862361,129.95984993373406,129.93390770275542,133.4446026265905,123.70205702075692,118.10554409125915,122.0008163658225,121.77513508559862,121.77292798018931,121.76592765512484,122.32199400971326,113.8067527192867,114.03081520368694,116.5863358146456,113.3475491538673,112.20285331610148,108.48560395293653,-0.030480762559417007,-0.01167236857587517
Kuwait,547.2214809461833,521.0939626253855,483.51482072233966,464.720818784141,436.8159025350805,326.6129348177531,304.4408248523829,316.67212762073643,297.0283413150256,268.3535777091643,224.84652214799485,251.35461109635864,240.7757004442685,248.21478841977176,285.0818629110778,202.6915785808177,247.1549368268552,231.5341640200183,243.60588489905666,248.70593698645786,229.1145027932017,251.94889430778903,223.60433542426327,242.8328075783667,251.71997972462282,195.49495405737946,122.86120605387454,179.8397380732629,215.663810863971,252.9284205770263,322.31635140495496,310.05554296903443,312.2390927250525,372.79216852771395,375.65430493202746,401.79014934865114,394.07712975735825,406.9621883730236,474.53279734502496,517.1330259145099,549.404233733377,500.3016115724603,458.88528913130693,468.85883245213455,450.9058948881388,495.45514594535103,470.98841691358103,456.0346583250356,460.22232519956344,429.4617171029008,440.0250559299214,418.9902462785527,404.5707962067513,401.90760771901734,358.9521400640031,343.380771457845,380.63602674841235,378.6068155632466,373.2711867993308,380.5444085396081,377.4863739002142,-0.0053182371108760895,-0.01521281778368333
Oman,0.5990233000020505,0.732627036559542,3.1754163419302874,3.7323114895403613,5.180339555679537,5.084294078589968,81.77351061049626,90.83445024429305,76.75377852963199,68.08727851049815,59.647011545019424,65.6475144224868,60.23964064659295,66.54702744850628,72.72411064611701,61.33361564767171,61.3823544433095,62.71822743223004,68.4086777450593,80.31992857348948,89.42004556839787,90.39366245961035,88.71021175272952,86.10460175453616,85.40868903275688,95.14509845494837,118.29284845093609,112.04495681128942,103.61124562553329,94.29475811933122,108.42753725341885,109.3507840861756,110.90741885832841,112.14812581385866,125.7165320755157,175.03577357386274,191.96973239492226,202.0332705210614,207.3203066633916,211.7517629952273,228.49088600624296,244.2000386424424,240.99400651880057,275.50414796505015,267.4154091879436,309.5249030406742,304.05687024719276,287.67726418663165,298.2394383705742,284.1964866401215,290.25948156793544,278.315973868188,278.689564766678,295.90527769802713,293.11209717547564,287.5968115207321,316.55883058260736,321.3581196577732,308.60760920450394,308.37269436851324,314.86806194082413,0.02386080198142726,0.008171043550003976
Qatar,79.29289003355969,70.84596631205673,89.97247053045187,252.67230160546708,353.5753846153846,356.6177395788569,314.68404062552344,312.09212591975756,400.8604556323799,318.917502057938,437.12550301159587,259.3445889061095,335.30661606409666,299.669398861907,700.9619901805388,696.3449301634944,626.168993313223,685.6291653228318,675.3703710755666,728.6372373625844,650.3690549869101,678.4533759321935,633.4190363136611,643.7299638367994,657.550823978011,644.7775015991945,718.7512302898597,1106.026896477701,1146.8338813385085,1129.2265760437206,1092.9523420316748,783.6649738531393,823.2628601941111,840.5981973512498,886.910069064753,752.6331782631032,688.366243310902,819.5077089545895,790.9837997886015,919.7238235006103,975.543188658031,907.9821129545585,833.609629651394,727.9966051379611,654.5218030518877,706.4149183056669,781.5474979128396,846.5156111348144,856.6934844460023,839.2272250304794,883.0208460767469,812.2472159782661,750.18368514457,747.4958412983764,750.1124335004414,661.37375081492,698.4147730557471,707.6829863547872,737.5741564385257,746.4234893179247,717.3221989927629,-0.036354729473141445,-0.020567904612922128
Saudi Arabia,289.0298961578082,282.23343170321795,275.66895473961137,269.24848730211096,263.02487098762293,265.62458881349306,254.50347601433276,260.0821672005515,263.8846799939519,265.9045845621947,200.10571566353687,219.23339989655918,244.8816196326775,257.75434560462645,294.6572263195381,249.9503114109303,281.04321035310517,291.1091867496868,296.80860255615676,334.54206195138556,322.2660560335455,327.37171230643594,327.951080908687,325.36453279039426,304.4473736511797,314.07862894072565,313.6733614418604,302.4232641750208,295.5387968508461,327.40992049639095,306.1137864189363,304.15642788497,298.080915042514,302.1860973953758,296.76365115120836,297.0484084525872,300.4681317880024,297.75023719134896,300.69503962677385,311.58991261287326,317.1214029808383,318.77375749278946,312.88035713297427,329.0324029615404,327.79779804999146,350.7537976911068,352.65222130405016,361.05377832372847,350.8113972592871,363.9510657393371,367.0924164310131,372.65553706100644,372.1000064882167,367.6937779737031,350.6926115866031,335.33200077246534,342.5209254599396,349.94227136684367,343.48442939552075,347.6423640987019,347.8804123730099,0.0034263525321380772,-0.0053610633450361656
United Arab Emirates,18.40971930776611,18.87242031949861,108.31564514942677,125.37091815174418,104.68217700260308,120.68336406015094,157.29153172729363,146.33374370802102,167.40498352421415,164.1098702477683,158.2245567885406,176.47483381125116,251.5786198147306,255.7884239454128,266.68280062718605,383.34458796888845,412.18354328525123,419.65889897716846,380.35544744010593,448.06295501670746,526.7979695350425,599.5667272961457,624.4759516313862,646.2033561899598,684.1879554152584,654.2074748975356,755.0060539432859,692.3363441195802,686.0615604020354,718.5102255487959,716.9519276187002,692.524427502075,666.3009821076805,632.4143010411054,593.4240557818426,552.1032950192009,523.5908557913198,538.3343366061586,541.9635947512402,548.7138259129048,543.7657550509241,532.761304017089,523.7851764029447,536.002228239995,496.7945606315019,504.56459343969175,510.4883057864379,515.7458108902648,520.2034422364992,495.91360641465855,507.3703812605816,505.86163997191073,471.9717254569176,435.51604983469633,465.71407093620894,447.7657215177615,444.81880338947406,455.0170953682356,467.58992967273105,460.56601770356275,463.1939416099974,0.008461215665513055,-0.009068176338210665
Other Middle East,14.300322204075375,14.257173633080196,14.102901059242832,14.65000751035295,14.756318705834323,15.878371557723913,16.54837035053664,15.922959043892588,18.113247506920683,19.537985878475315,20.165099936909204,21.530887424527734,22.987915733499786,24.361441444930396,26.818182639777177,26.20260741699615,26.72193067863909,30.309126705209447,31.503393610188404,32.756779713209866,33.3343216294297,32.771649939883865,32.941555995111365,32.9264960880875,32.4218411005249,31.288880808982487,32.076340968919936,32.24741025207056,32.181233523937564,32.61065613349852,33.12045633310097,33.05664629374808,34.27316902979305,36.29205278361553,35.93834228356442,35.26082588899382,35.243563071500525,35.56385903888206,36.141970261834345,36.235443401073205,38.97771701477609,38.59622882313876,37.823185070841376,38.605175077075906,38.045300696681586,37.18080161489215,35.45850440463431,32.56371376624672,30.640242180301716,30.453615937935652,27.87277040681264,26.575862823456394,26.516380387589297,26.38976756963154,25.849472212579176,24.12845653503594,23.048931468231633,22.206732606103994,22.01609672502908,22.26366784225261,21.597337058805934,-0.027271337377388738,-0.02518544087204777
Total Middle East,34.338046330971004,34.55666561761293,35.3542548678747,36.128787848853214,37.0065369311864,38.20589654987314,39.7773632117698,41.39547321258017,44.289333888871354,45.54336721277004,43.731816918498666,47.682004526741956,52.47659083088422,53.50548773676395,60.514132746443686,56.2666921261658,58.601045449258756,61.9420946846231,65.656206629126,71.51767183752177,73.0489238966114,73.91901869515601,75.74468173758831,77.48428869842346,79.09173816698667,79.97387993017605,80.70384126124021,85.578905417289,85.80746577669707,93.49360267898896,94.0389797043415,94.72791667174236,97.36663054978418,97.55632856294925,97.21876995783741,99.92947416093027,102.42444121317318,105.9681141882707,107.36201031565902,113.26022046212628,116.76538985810515,119.43152159535492,121.54240589188943,127.61257319212106,126.38471496872646,132.78095172030598,135.05551651333673,136.53872821560824,137.3330550627637,139.0304836436426,140.26558684545608,142.26561279720767,141.74410637029862,140.33602047049175,139.6106652880627,134.02404497591115,135.0329296189953,138.18135961802693,139.30997448571563,140.1467100546256,139.6188926592692,-0.0010367698333038078,-0.0004620091382695479
,,,,,,,,,,,,,,,,,,,,,,,,,,,,,,,,,,,,,,,,,,,,,,,,,,,,,,,,,,,,,,,
Algeria,7.0014260904274765,8.331651160926917,7.6732869332200915,7.991999537829014,8.771010228584828,9.304153378043083,9.980422990784556,10.899294118723471,12.619499420051808,13.782052495185846,16.01036438466812,17.84532873996674,18.974514506763455,23.210179497610497,29.5340027294418,34.175205756661384,40.16979409286986,44.77724444036508,47.369341790334374,43.885071993100404,42.69780440723385,43.841847347468615,43.64042137853772,45.55165702898637,43.1377816181593,44.64702127735037,43.15380856834758,43.239831897832424,39.237933664962576,38.93339629872101,39.548792559909415,38.396867479689696,36.233673202757565,36.884832345687705,36.74344863881282,34.92841118754845,35.69747032839863,36.491265725767526,37.6402833954369,38.54017425248755,39.7125409772961,40.559319741968615,42.036874675424166,43.74192374294241,45.46819415761058,43.63897809221759,45.243826161053676,48.47802357481277,50.30237252809646,53.73404948293624,55.51570044215163,54.3235499784021,53.78353790261621,56.61226361535756,57.63035034828636,52.94230812270017,56.8234172489822,58.03657898676332,58.67460375808142,60.093300650436774,60.425712069262765,0.008286469698224774,0.008510897420904717
Egypt,10.376543725273168,10.647685586260518,8.803792254776628,9.08174663205561,6.98089569279669,8.552429175262585,8.545864744328002,9.351724932710631,8.585996195842906,9.487651410901234,10.278563478372801,12.027984954199786,12.685144753609118,13.009910972638847,14.064108025787279,15.7660798263716,17.630969538415034,19.274416228579405,20.461325355275758,21.803422738782174,22.06385271515299,21.980690161598325,22.74224531622923,22.478835075334384,23.037059193651874,22.92331379320631,22.61070260674187,21.86722135071419,21.352115661721918,21.96508678254469,22.806473164346734,23.567594577720666,24.065920023836895,24.5317018823277,25.699105868694087,26.630789345481524,27.248097032593726,27.528271894001108,28.70900840614226,29.75753396065072,29.958341415600717,30.990900981000276,32.35285352922596,33.65966360177119,34.358493373150395,35.06500501550827,36.191632868161975,36.86213374039767,35.784987525087544,34.57859152207346,34.28554536293617,35.54830812249452,36.2797800775488,35.57387290076481,34.03005279029717,31.227896818075166,33.11122906479953,34.17675229054862,33.16178791358625,33.28494972640921,33.514156889103184,0.009644802628457017,-0.00227300321619639
Morocco,4.18407418109262,5.645408717110162,5.880295813782719,6.117586542911449,6.4336242552351735,6.600870743413647,6.794468437439401,7.181297662782101,8.03150392091457,8.350201160000907,8.421688146940081,8.948939727219903,9.695897217790149,10.046775117788101,10.921564635058719,10.69470895891032,10.257821557935435,10.46125593349746,10.500478969835408,10.41761278571628,10.476011763975443,10.556991874315264,10.610644168625225,10.976706489948908,11.817255990977893,11.869501694874508,11.817257955013856,13.121047821895102,13.19702040829393,14.23485762027062,13.80795052817241,13.86973908004769,14.191518665424974,14.4322618670689,15.012535143690345,14.683616628039504,15.596532382788848,15.79465719552853,15.50046596006738,17.450644349973807,18.87289216021782,19.012861688504863,18.593055872706184,20.26653207195673,19.16103832423189,20.804647545552193,21.876471338401085,22.05124782561599,22.0637050706518,22.200946629692215,22.197832684131484,22.152283511704738,22.963207236342132,23.217598078605864,25.003536897183736,22.736428764525126,24.973728736766137,24.617816545765248,24.53829502178489,24.839272375930268,25.820131530516257,0.04233615321155648,0.015230806517168238
South Africa,66.78907125323084,65.15413370189782,65.76597191325459,67.27872185937044,67.1666428402628,68.0944953999967,71.20982698364992,71.26931920383107,74.48827957839976,74.46305893286974,77.24034249240422,78.27675012516747,78.05023544544575,75.21446916908674,75.79383854202533,78.53022219378624,88.2513599467889,91.86103868126366,89.97868385394419,95.08384697657617,93.93544939242585,92.55808989092392,91.0918442667602,97.12113906218508,90.15876508618092,90.94222602693027,88.09487400730895,87.13901905184862,85.33898842908131,87.46168025142553,90.4138968299679,90.90682301596075,91.74946005607244,89.13486759689421,91.27177631155878,90.50750223325723,90.09127517678209,86.94819225804305,89.30509208247851,94.07930122088105,96.42673680695744,100.50905861899219,102.4445317782992,103.3789152212171,96.65814124143124,98.74952662016554,94.51302975948953,96.87950801345696,95.2653351444973,91.21216193491281,89.539478249754,89.79193278603395,85.34570977026091,86.68881624533913,89.63391342373133,79.1692340200643,78.6332661755172,74.58175456188924,76.74537833019838,78.87429305301802,77.73139037424771,-0.011790152778816343,-0.014042516555259121
Eastern Africa,3.2400592961818075,3.412453477182998,3.4727445556951584,3.4996162618192224,3.6444324906596863,3.8480328348110664,3.860508854232895,3.819916732562616,3.9688068731198918,3.9088383355578027,3.6572649772795014,3.7734430998809,3.6020369847463294,3.439392928145775,3.3817818684771312,3.3852114936625752,3.2286245643071063,3.0514534278895393,3.005968425638435,2.807892922175971,2.877484819431864,2.9660579490601693,3.027052814197919,3.170856837234116,3.09263476312052,3.385827614435854,3.095030637424967,2.98221620002257,3.0999625630236456,3.0604383625415648,3.013930729300424,2.923589306990121,3.001226836974524,2.9625993737774667,2.937072695586853,2.8343294694642,3.0174022886836727,2.905436350897505,2.841032199560557,2.9819713873493225,3.050646350887476,3.099750632265871,3.1437084855253072,3.0482686223930515,3.184905737046702,3.3239244454993453,3.3860352860947533,3.485457480893535,3.7162148139808946,4.061998917502037,4.235305698935897,4.124798246879002,4.2999898820460025,4.462722133972987,4.444522110556823,4.064702360565185,4.230972237919102,4.439415782367176,4.426006072136982,4.2119610614545655,4.472108768167351,0.06467297667946936,0.005455280966206955
Middle Africa,2.9997888006472464,3.0044300382048736,2.9492482553809443,2.9895902198229876,3.0306793307465107,3.053299228778783,3.4429075475535287,3.4879170312920773,3.832240279088477,3.8624950882477798,3.4387710790175796,3.2933342587888106,3.445203921606529,3.8261813995988763,3.720237423096941,3.700692661373799,3.8329382569548294,3.555854817860967,4.269811602113358,3.792209318893605,4.118627087986898,3.9082144971010098,3.8903177394613775,3.901428655334354,3.90049608013038,3.6492198489611933,3.346411131283513,3.0859067873363806,3.011289245329618,2.8333733340269314,2.8258436928230877,2.7158480926280677,2.699517818394604,2.5136547348881697,2.5442875869818917,2.6424223917546374,2.68995239830533,2.685439168807783,2.8306613426039857,3.3897992467584532,3.181973534796088,3.6027142467231354,3.7447390770609466,3.977903555196678,4.107334174305354,4.475258748425657,4.547743096277409,4.963365451049144,5.397071182792748,5.522556054870288,5.343555644615536,5.3638221604111145,5.091132344343772,5.052939397816022,5.021243969689679,4.415600842902706,4.733378024722568,4.9077670560759,4.703253939957184,4.746778474891528,4.433161288100634,-0.0635107665168898,-0.018504484578659275
Western Africa,2.1227616019056827,2.166536424043017,2.1050346993922555,2.083593218216101,2.2123800637144555,2.324781173254954,2.80463129865917,2.934243449588605,3.2343938833921784,3.267583918462864,3.451354838491934,3.779910356313458,4.124802447614198,4.280535755724204,4.559396268295355,4.7609062852733235,5.242591921507818,5.336723815545907,4.898434741526985,4.388067295161225,4.463788778432742,4.212612074095028,4.314566398809286,4.46464901797756,4.568213081810464,4.31739915777038,4.445325602402711,4.699664449270747,4.626863868219862,4.442640274069589,4.4545115938465765,4.7102334361180045,4.5654479510836685,4.625562743071913,4.443844651120833,4.661266881425043,4.975981666883089,5.306713721687007,5.0655148778653745,5.673766693688589,5.186676753132095,4.742085229462308,4.886734579715266,5.145705810873836,4.4871932402300505,4.661933620273589,5.298702759758869,5.623672767800009,5.7472080101365295,6.011971478963435,6.7770051175518295,6.5051047734392595,6.616443140495393,6.853077848574626,6.992967104961301,6.9886899105659746,7.959265532196901,7.846317698884632,7.572018465321607,7.790974296236836,8.23227993920323,0.05953810357257905,0.019643210308095016
Other Northern Africa,12.265877607163285,12.7487665614351,13.127841691943283,14.20816296631437,14.71832713450727,16.177365719659864,13.9697399730058,17.012033711779253,21.860907474119664,22.940508043626807,24.64480268672741,28.133304739638444,30.83487676012983,33.17542809877053,41.888294996951366,42.692915865660524,44.09675225107686,43.53359570850686,46.140319430942405,44.33079588421928,48.557411654724746,48.42463951769768,52.24301878581609,51.838706469759146,54.60201615203937,52.07375193121119,50.65156094567372,49.29753077864926,51.21232804287694,54.92576234833377,56.97839723046093,57.4546675667474,58.86970130293102,60.44912543995914,58.96738307756856,62.67684568053843,63.185413684868706,61.69031863726895,63.03628677575697,67.2069663286347,67.6663142790652,58.08088428430666,57.709950908889525,61.65862221339035,64.89706268244059,66.43261299270117,50.02236892366869,59.41660598347215,62.86188068269521,61.79531576005613,56.66141283721845,53.14149098502024,52.557311001474446,52.51159580513319,54.36092578404563,53.96489416836833,61.5975293490692,64.43436661162974,64.32100455689795,69.52169702660868,72.53747689145354,0.04623754620109133,0.025008589084228428
Other Southern Africa,1.6254210703138172,2.0597306984166477,2.169031880036695,2.3151540194346376,2.389796034753207,2.6060345597274726,2.6764403752038044,2.7369593522637503,3.0034840510116503,3.5640725553745165,3.8117070550631804,4.572342829694258,4.879329026816037,6.686024492336873,6.953074714571815,7.017916088954612,6.899613888035329,6.817931721400041,6.143446207755913,6.1529467820465085,6.526783535102123,6.924605799357406,6.886603286997092,7.381329018421902,7.836233749290706,13.20305052406985,12.848737003459187,13.889820547346142,13.74031331724673,14.102268419445467,14.738017582724257,13.730284024919753,14.433230087404786,15.660954921204658,16.28387349820687,16.17351845368724,16.46673647123558,16.079362596049947,15.964076003554933,15.993747606325954,17.073803760285323,16.44802592840787,17.00267211452784,17.76896017675258,18.04269059423936,15.157956435021982,16.242283608072952,18.09536120160965,18.751853513312536,20.129303145482712,20.80106390182417,20.74451485832921,21.047932809889762,22.336753167915152,20.789269765699373,17.986830420983075,18.542352044065513,18.731551876429037,19.96340188987204,20.620797497196563,18.742855008853837,-0.08858009496943864,-0.010365060752558608
Total Africa,7.691254618756818,7.834103537545541,7.7034792407824035,7.8919225214446005,7.8472323234688055,8.228871020444645,8.607369710759224,8.836242552145723,9.341132699173556,9.500724186507911,9.790551564291384,10.304397698520406,10.54424290910125,10.666972760203876,11.299212604177544,11.875374777224023,13.008684206454431,13.506602909245949,13.606573315252124,13.635966821558592,13.746027943877737,13.656087125504609,13.764142063685021,14.307898371676929,13.920283502118385,14.006544131489532,13.579317124022573,13.434017168134162,13.117182128461694,13.249572708540326,13.451547344069128,13.442650686240425,13.383217540364258,13.225362833223627,13.27746224350764,13.226909382093913,13.370023442154185,13.168637456850805,13.266920373040417,13.964918689786549,13.94388113433009,13.923964563797156,14.129386286268199,14.424712001952232,13.98488487723627,14.179087998605182,14.004918151723123,14.54062583299593,14.593749634119456,14.561454103712563,14.654572744407098,14.459928652680754,14.271034323342535,14.434016435082166,14.496655543941577,13.285319392637508,14.023053462102677,13.98727546672773,13.832354104028418,13.971892635918131,14.100451985335589,0.011966218827787367,-0.0038471374236714873
,,,,,,,,,,,,,,,,,,,,,,,,,,,,,,,,,,,,,,,,,,,,,,,,,,,,,,,,,,,,,,,
Australia,130.16869974811226,134.05693454838905,139.65363511998385,145.46290114535736,148.251352724203,157.19461588793894,159.6005623410475,163.27703001999757,171.83095904606645,179.6604062394721,179.99645712456987,184.8625694183034,192.4747973033141,196.0569146658619,201.4747608649425,199.99462833150648,200.01949812279997,195.45455022463068,190.98371231156486,194.87968901401283,197.53891417696576,198.23716267633483,200.8882508199466,206.77933456465962,213.76474823163093,214.8426871693397,210.18864086401146,211.1041017158363,213.7367489360153,220.01135522415467,223.5201436320969,227.47560365170693,230.69545773264633,233.9080905529666,240.85137436077167,239.4428451256889,238.57273690828174,240.58122751665084,241.27754476015593,246.5361921500016,244.499430736076,251.49580630926692,253.61342001938968,253.23166529751634,244.25674679738268,239.5686204478542,241.6350720074556,234.45049305326478,232.31784650848655,231.29128998297782,232.47310004233378,228.1909710228616,224.47104293461916,222.06379135187947,225.297170745368,207.7595071067342,203.75563182670484,209.4859892616233,205.55443020225596,207.8174115504041,204.93540340099509,-0.011166250572865688,-0.012528822077752522
Bangladesh,0,0,0,0,0,0,0.66923780565404,0.7461213204036057,0.9196263490118743,0.962239409178465,0.9469002353240377,1.0786323736635797,1.0810037876433736,1.117197076755173,1.20004694497725,1.3746756619264002,1.4198811649528125,1.5366587976233608,1.4687215319931035,1.5342598063850987,1.6815358233561164,1.8118606101172214,1.9541101867323019,2.1239315011220152,2.2308440631429143,2.3259561362726546,2.202470478040707,2.3643368668976956,2.5673342925211178,2.6633583984631155,3.1237283522672086,3.1933008150632625,3.296759622584955,3.440140150649735,3.4159815175453634,3.6063647452813115,4.046180411874187,4.011021417239414,4.1797771645943325,4.385339589793957,4.697630690462133,5.02803301589034,5.117150978208915,5.327226615571737,5.834916239126449,5.9058356982206766,6.325293073727847,6.811126945949398,7.013839122403021,7.228458815048895,8.653505952044682,8.617600879934216,8.897678904686131,9.434992854039784,10.491331944474188,9.854361528681402,10.531328903512678,10.838256297105135,10.936147173294687,10.584296641901474,11.53935401423246,0.0932203692172664,0.02919801530160071
China,7.429507197937564,7.881296029954789,6.921296345477986,6.784769362477297,8.076896775672648,10.121071470272025,11.699988035948033,12.314390888717476,12.705253570092047,12.816437044712718,14.127396901467199,14.658671498775837,15.776146628881257,17.121357721027927,17.369952937343665,17.259534244185897,16.726426620775293,17.159311493435915,17.941425592015083,19.020840113521327,20.27768599954644,20.91716388487003,22.18188830417421,23.414152895876253,24.142132288302957,24.000188976024877,24.88778465420965,25.888145117350955,27.545216916271066,28.95467702001702,29.449688540664333,30.833019623266004,30.746897642315588,30.546847973529996,31.434664782233195,32.23331511716025,33.60089847523019,36.45797999083527,42.517607657087176,49.36518209684428,55.781168253305964,60.78051306913378,65.6330238277192,67.11105869990841,69.79331492627787,73.79911112746488,79.39529954368093,81.35649386005373,83.65026482339205,84.59712245791715,84.81149795929731,84.28341632786844,86.79163372625878,90.28770368844204,92.75433403178829,94.97732271134903,100.07902227530984,101.80792196787787,108.31206947634332,111.87281000696011,114.5355625507442,0.026606541887897128,0.03050134258791748
China Hong Kong SAR,24.559508007343425,25.57540109301865,34.91353634407914,42.78209855422081,45.3773746626125,44.26143053612808,43.82161571789685,48.22657010732982,48.760475473131336,48.677121967191624,44.71397794419493,51.55570971316125,54.40753167945743,55.29173604584537,55.40653296745148,55.42082715027394,57.90863998817615,62.45732136151301,65.15145328480456,65.73125721527492,67.26450690342256,69.72979379917172,76.12866954701578,87.24308119569938,92.82324322353602,90.22194469406791,92.35842418410212,106.21376109547336,113.13965729512161,100.15032832908079,105.30020282967548,103.15452465892707,102.49783590377196,102.80742533659523,102.62763553375828,106.03233058211418,132.54814457978233,128.47158535158724,131.95392864547208,147.1360098714258,140.74367618462284,148.41883386621822,156.99213993315055,145.03800403144197,157.39091517280684,162.80753253237253,165.97329266467995,158.2145636013463,161.06839080080138,156.00777486072474,159.5297609550227,162.81370250562412,173.74987045975936,175.17720255326597,165.67549679202813,124.0224219851878,117.23524856601317,104.83106580369837,121.32436571237383,132.34107453213278,133.548796416696,0.011890556303829403,-0.01761928930349077
India,4.274269321198656,4.308176953718437,4.324743639411783,4.500019099303759,4.884762200085457,4.645743467340416,4.703970021345507,4.875607973394645,4.850699138095857,5.0610958043507575,5.269436578646482,5.3997807071673884,5.562186379887919,5.553079096856283,5.779067577113017,5.816598032834147,6.313642969916793,6.191754032935401,6.4036040159243095,6.660580506229795,6.91316670094538,7.25601089799851,7.601408418065997,8.078549986604614,8.596087620712389,9.039538102535952,9.30135381648854,9.635167256691867,9.677367314099664,9.947676084073482,10.552733971586367,10.826521941232697,11.221723201107366,11.611741996530153,11.736431359358434,12.163270560057486,12.026403650865115,12.264625644475196,12.49458175915466,13.178509322800945,13.780615871022858,14.224015819121313,15.201706321031292,15.931222477801175,16.957217056237415,17.446977444791532,18.044319452841627,18.849783378593052,19.13755940377299,20.193929197846124,20.637812184453765,21.3454334011381,21.808223813656163,22.753475663776086,22.94751822287656,21.427680463346903,23.117302867428617,24.06748328677295,25.764665111842838,26.754387656668936,26.70961074960148,0.0010615121919188564,0.026125287393477414
Indonesia,2.8604357115649375,2.735216581973944,2.6123564507887416,2.683440437967451,2.96278551555291,3.0595824105937766,2.9911476430816304,3.102078869855051,3.3985951378664994,3.5466318594111303,4.250865564207779,4.398316183153266,5.656288832827354,6.246264564782889,6.943061002151429,7.294524129251729,7.644019777606695,7.612011797171083,7.852849975750191,8.454593987268387,8.76114509211493,9.107483965288868,9.432926317297467,9.761974066283788,10.595873321574203,11.635215274482373,12.398601441660933,13.312960387046997,13.987254513318153,14.504865380784404,15.598919706432083,16.45055604626033,17.713211756926913,17.059937656879427,18.432372362159335,19.58329824768574,20.74782545195739,21.1004339990372,22.712181298534105,22.217747476832248,22.528867380696937,22.647254567044314,23.951327534525166,24.050137230167753,24.494762909986655,25.97450419835624,27.196147620260465,28.267107707629272,26.238763182888803,26.49080457225656,26.781675715829497,26.28234291777439,28.111680799790843,29.31292197459727,30.67315691830699,28.689796806027303,29.558549078597668,36.48408978967733,36.67618873788844,38.621025425722046,40.3052801481841,0.046468992672843434,0.04172339993055951
Japan,60.03710489055862,67.97005871956618,76.85169552171574,83.77690433356118,97.22153667813018,110.44511588554798,114.05746298881978,121.01590644898896,132.86144750031966,129.04403812121072,126.25928075176085,130.47518768134998,129.32699826307916,131.48292814600327,132.39746058903626,126.21152787357342,123.55449363381456,119.56255711763463,122.64281182343932,127.54062072312573,129.85604757173425,129.22819791820237,134.85358809929255,140.83871540368435,145.04638096890062,149.4828079032088,152.52920627706752,154.62168370013072,156.23615415632304,163.52855834911637,167.6952034439361,170.85242862657728,173.65560891162178,170.0181448207628,172.60962403839818,175.32602042915312,173.39678106738464,172.9358015304889,171.4941399357636,174.06025313773114,177.79637732062196,177.24697532275138,175.49645809893212,171.8588758407463,157.82126127218,167.75437209158704,158.21824912382638,155.64239840304458,153.90994213844974,149.3342878663168,147.3572776668582,145.50066215952728,146.51744030285937,145.79557509264635,142.94782714206798,132.22928448357953,138.86045053262572,138.0717101969068,135.05730591615267,134.20020042788857,133.89182245455862,0.0004355353965053155,-0.009537023313826554
Malaysia,12.695492564616739,14.314506623627844,15.026639039228078,15.150770361108703,16.158751136132114,14.822827540402887,16.369119131781105,17.807674737815645,18.38864246639497,18.274822886581962,18.422947911172322,20.188836629448645,23.254322376105762,30.223528301691644,33.899475530156316,34.34216066746491,34.34599954134953,35.711672848989195,39.69921447867951,40.66546448474935,38.82916700135173,41.25151878050191,40.8755059758306,41.44933961442956,45.45604689644038,47.05251330839461,57.53707772599578,63.489641495500514,62.04653615576195,63.76143721493816,68.31168456030423,73.94567399161451,85.43657886900839,79.98406298107179,82.58051379299557,93.64928235784232,93.9484870420406,96.89411473616511,102.75298573956859,108.4785108183204,114.78684308715411,113.38627464038763,118.54350300783031,119.91650954320824,113.98122504229809,115.76413821619829,115.36313619227052,124.03859976259514,127.17624064540149,125.98466087117087,125.68532722789445,128.88331948526417,127.202410158965,127.4700992899474,128.71201642377213,122.02263844461525,125.5609123428339,134.35754909087134,130.48542767468535,134.08935634223567,134.67569678904658,0.007124465241845845,0.006932747209104528
New Zealand,102.77235953504919,106.20099918660455,102.45013320016743,104.17684013873895,105.77319340611982,114.97160251819784,115.04838085007317,120.07465710807335,123.66833885869968,124.3530297247666,121.08942382301578,126.81420982379707,130.48880192824802,126.96385759709057,121.97483450712964,120.79045673460206,119.5636334377335,126.85212896539464,128.6001963757951,136.64210633796753,137.66089987262194,145.76430798253583,147.21529957710206,151.53228309229934,159.6315748094335,166.16045534188365,167.0406614434427,168.32280586891656,168.30582952969013,171.2727721658962,172.67837216111369,175.65717773789555,179.58360497900344,175.95500256664997,182.78864069602528,188.64857870987578,189.9328442801677,188.87028947602772,181.25273193698058,178.66398744485642,180.03518986530548,180.61328088300056,179.13081892231943,184.23732356536365,182.91049442728695,191.3700391281998,192.12813744013033,196.98438477900734,199.09096646176386,206.0531692310557,206.45089047014773,205.0672674728875,205.80540308211584,199.95245345223984,201.2804102379565,182.68463579944333,179.50309681812448,174.38375830934413,175.75122261787104,178.15818093948803,178.98826516975294,0.00741174518052401,-0.014172838123065246
Pakistan,2.5022739229611255,2.451287720817943,2.6266570223630703,2.8868548039227755,2.810354261337468,2.7087898552372134,5.2415879103413365,4.6265114016248905,4.808873753141715,5.094290519382237,5.14721048899881,5.034602795105214,5.2247514560926565,5.316825117814859,5.603731807626763,6.0096134522415685,6.22009783451463,6.590417907372649,6.734660177509397,6.927162214529021,7.064121126565045,7.333062372179009,7.786939702019638,8.013120459732722,8.272216016574774,8.434503496367196,8.635709040785231,8.7737756487762,9.451150430490113,9.564364697235094,9.797387063886566,10.106027011095966,9.771419697102063,9.993597201210466,10.320765097905246,10.446410077242188,10.397463262424033,10.4811399242657,10.939264420596448,11.980832883146354,12.000116609882925,12.51328415006926,12.876430193017237,12.72396587942194,12.866429278980874,12.602024662132672,12.385759114846921,12.291314669710466,12.319462418293886,12.299512811215356,12.824444471873427,13.781717259410343,14.539419267294123,14.55825816148121,14.26643186684623,13.750399896112171,15.200428954469057,13.811824696879215,12.421611984393923,12.17564142028138,12.241409718543538,0.008156154049894004,-0.004642055256546707
Philippines,6.561881057574378,7.062325267572529,7.44939974523027,8.514372813845528,8.924645375068584,8.834939706569251,9.311225703537104,9.620906240888212,10.493382059873639,9.611773087089913,10.217039454788841,10.270389309199023,10.870367715041663,10.990342690717306,11.530953239207719,11.696511301366257,12.11831260983574,11.760268408170164,12.087195636033027,10.87218570001656,10.4266148602589,10.053446933020776,10.58722527830394,11.24969602647709,12.142979437065167,12.29676861928689,12.05049441156652,12.572632032383419,13.218782444657835,13.565925000405299,14.809365897362623,15.463258154512815,16.668072921808168,16.814631177308858,16.93356188469543,16.987102093657953,16.01252504535254,15.710962552118554,15.627524612594963,15.729304507526107,15.358361561008884,14.597423602368464,14.84153517001248,15.065508770350467,14.8489600878542,14.943930696619798,14.792610710259716,14.973073566496604,15.46234521340677,16.132438335296413,17.416318869424988,18.539955471336185,19.591438630065348,19.884294612321792,20.34307192658879,18.46239394956482,19.084793467373345,19.87894221065117,21.679565344698656,22.679379354184896,22.039044045206357,-0.025571879958960153,0.02382006939421033
Singapore,92.15030713531227,102.69315613825873,120.42742752831913,146.38351723455136,140.89889771389667,150.09831999040495,128.0342627463491,157.66296267581626,146.161733499323,141.83446602731456,136.45419004700415,159.58791808733093,158.07058232030693,160.69846192284848,169.33557635951072,164.78248795135,182.51636487055464,171.12515474627747,177.33620283092094,184.0438436265929,186.7683840616008,216.08269611370787,224.1872386506661,253.24171400145406,279.953127492432,323.43937608424056,319.41902614544614,333.1114440553892,353.9054865537296,392.92855616574195,396.2063832690539,385.5237449474772,391.3846417348705,386.1392473897253,376.0015336405672,395.1951303427592,437.86333962740576,418.5758455320275,395.1185295960002,442.96617781421224,457.3205110936585,489.10007210007836,507.83359889587297,517.159850249799,537.5578031895167,578.4937460691148,588.9179262921988,580.5947993207246,570.3416859175676,574.2149537464501,608.6994064289862,625.9458179743825,648.8037918255179,649.2589591200924,630.4062225766758,595.5982172229077,603.4794814211441,582.4802267240534,602.1433237377793,630.7164368334485,627.7766688346313,-0.0019340417477343719,0.0030907585743131794
South Korea,9.026544434776024,10.715837982793037,12.090515189537367,13.591609983419561,15.996399345099158,18.261734215424983,19.343804757499978,19.6435321108568,23.89443377980422,24.2639927972916,26.32123860741333,29.05637341473354,33.11764969052618,36.65631570600906,41.74275219672508,42.56297195710343,43.80888383386048,43.25915693110941,46.28443471185522,49.9299400082359,54.34386370010656,60.39121602272181,66.0341541021778,73.01365514707045,78.20811046898258,88.18159027881,99.55815011693721,111.38266286990056,121.33457816926033,130.70830870171343,141.8692889569703,155.78509935907266,168.97900360177724,153.67286749652752,166.57475696327788,175.0402952208205,178.65482591859805,185.84597963119222,190.98784687212802,195.60262586735476,201.414762351679,204.8107456025877,209.5616834424259,212.9712335144099,213.34777392197796,228.90389745661705,238.61862631212855,238.85357811156862,236.270809153637,236.7550181954677,238.64000132563388,245.3024303340876,246.57849595249402,250.88372222949326,247.13733086151868,237.19084981986205,249.81773863030705,253.4608356906178,249.10435586280892,254.78435403757138,251.0822070977624,-0.01183059490993088,0.0050953632411741
Sri Lanka,3.21172203636171,3.219009119097144,3.2188596467315396,3.237829236802389,3.2519971195695248,5.366058911487692,5.310438130133183,5.468832890878084,5.648444691015546,4.548135256089254,4.641446625813418,4.455925367894079,4.690354320463577,4.783366180260582,4.925896146358881,4.877486427953068,5.027602697151028,5.389448468969623,5.448631423684014,5.390167071777622,4.8653591341156295,5.005039434104943,5.327156068553942,5.023069053185593,4.722195488620927,5.2247523390673125,5.184633643501681,5.661188279737652,5.80877004743004,6.211341775502607,6.539205949134336,7.336899320190575,7.39550239672954,7.645661905378269,8.083178221391055,8.820100791854728,8.445647235214532,8.7824838666755,8.79535136560145,8.585844242769863,9.852092417640971,10.215121113721327,10.574484658725208,9.783864818087292,9.96622477659435,10.255810360133577,11.538328593597527,12.23105362948316,11.263166914658845,12.960311824930606,13.337017530455515,15.28583892762054,16.142465796272173,16.254415863528962,16.625510521642582,14.81749408691987,15.218368005158682,12.695228999093235,13.555291924915222,14.928754662336257,15.565015738195912,0.04547632873271379,0.015568178142565836
Taiwan,17.910276589315405,18.659489207403382,19.969588755721517,22.01845502664857,23.03971634018412,24.801790065024743,30.752945173382138,32.003738498640054,37.01696605028081,34.13144376649521,36.91775059914693,45.023956929127976,48.68012487355389,56.35320935652228,59.016827695585356,61.807723296888305,56.181650786062455,61.69349471888891,67.72307215744672,70.07920863147099,71.94928810507713,77.3685120814669,83.40351849030985,91.46219954875917,95.95051392492746,101.046272458226,106.8000029108283,111.4391447073258,117.72946603433297,123.59596072944997,130.36135505458486,134.76090553905726,141.28281429710057,148.18856940255728,154.45321339376576,164.32990706955766,168.5849588391505,175.3786285357325,182.50149626664637,189.51174181082644,191.15765699672966,195.54791522151712,202.86881215823556,194.83053245838693,188.73662398204766,201.54679100250164,200.50695341892035,197.7808658333334,201.2316120736852,205.66538640176333,204.61101393519627,204.33621439131792,203.58593856356674,204.38290287721728,200.03805584812017,194.33738041493,206.74687746778494,197.9759145494414,188.48016964147607,186.16267658492043,184.43230235842728,-0.006580697430347282,-0.010329105814045447
Thailand,3.358611420846614,3.872119275681962,4.2498117535122875,5.3701736869223975,5.602442338092004,6.385728169964583,6.8719740787295,8.260743380293054,8.522979767656631,8.556005569158938,9.098087364962462,9.380264698457896,10.211921215711689,10.877801427921039,11.159554842729957,11.266865475420802,10.85025830787218,10.787244880694486,11.678480993357972,12.702028315777847,13.10994351662089,13.480911432901777,15.428276522215215,17.182972192908633,19.40139308909431,22.644498946221105,24.69378445185317,26.688215787752615,29.955640157922822,33.13344235530153,36.68013166945947,40.96355972489413,42.61010826594067,38.91481187328358,40.94423844814213,41.71416251140338,43.558619723495454,46.70085122669801,49.82576369734051,53.81116867795628,55.09053635300631,55.59188062784677,57.06430108563426,56.72893532488921,57.919896654797476,61.3815170889368,62.483325948081166,66.18338000661689,66.99758887019172,68.87044105355307,70.67404868688033,71.89342211635966,72.86485986364117,74.9231307858878,74.48915835696147,69.1770612336325,69.24548015227579,69.25559984903339,69.64765488964075,72.18030117797475,69.92853715255855,-0.028542122414282445,-0.0010598999429087819
Vietnam,2.7913675310966415,4.801783879747981,6.488162694430695,6.580062786543273,7.614201748813088,7.7658255829019085,6.7526105447565925,6.424966893137099,6.635425232955772,4.809263168730764,5.217828919864766,2.9048082016415,3.0261165106169483,3.0333102038473214,3.178306078603197,3.5141134432018215,3.4383570291541012,3.593922907207646,3.7195313301033597,3.618866655400932,3.5816900595348327,3.822606959172249,4.240404169141264,4.108002943862033,3.60161237856157,3.6613550386149942,3.5601803052672825,3.778646161849392,4.262125623966628,4.641699342148368,5.3185039717617615,6.017016122809907,7.037618052280903,7.6445303178970345,7.60198777456943,8.663478155639654,9.54641580761963,10.503839092139646,11.280795397706692,14.549740576682186,15.051497543366033,13.258693902781708,14.174542896924722,17.336720612399045,17.236924347777702,20.14987436042083,21.309891502354375,21.08948049810172,21.85964010311211,24.067817205609188,26.609775319850154,28.558221537796616,29.18619185833727,34.08970048756069,38.74805879395912,38.73633294951433,36.33235781638563,38.22008922986509,41.97553126441287,44.86531018402455,46.25017972556328,0.03369156162087328,0.05683508276432647
Other Asia Pacific,8.943286941137483,9.292076660413104,9.868421120857457,10.399460435532374,10.802695708947311,11.308844001299128,12.183345463457947,12.59285196651986,12.712572425790365,13.372491778251604,13.215436598485258,13.873217760765069,14.381124156984926,14.963347182161288,15.871291788261876,16.747754574947976,17.222839608176557,17.804138056242703,18.15047294540538,18.40441093379645,18.74362740274879,18.74617158703352,17.783029923202303,17.61246660548518,16.742640695142356,16.070765001260366,15.211215603378776,13.390757370433684,12.38484851833276,11.421578270593251,10.978302682565555,9.984758515183353,9.765747835469455,9.143375024915768,9.488617768906657,10.127013520144123,10.330541914174123,9.834783186954837,10.129410188840183,10.221003285473941,10.56863062743879,10.822794807489522,10.323098340075186,10.604454240779406,10.556340259523852,11.240295483045466,10.611889545614018,10.888154288364714,10.375271393692834,11.037053972178924,11.504856156685925,11.952197109435742,14.713650094779592,15.425694255189045,16.254616627657185,16.155135675907506,15.224891626834957,15.686101591252823,16.89046029838005,17.267973487952354,17.455109938084657,0.01360661511929484,0.04256739680839994
Total Asia Pacific,9.998359225473182,10.738249321643814,10.96551894958028,11.47962111426201,12.913116134687115,14.49945039697605,15.39406630319083,16.11969953044202,17.030657912175233,16.8800400045649,17.36066017937599,17.920620802467255,18.564905669872918,19.365306308414542,19.7347705930588,19.404075591814692,19.147145507519337,19.045657616670628,19.60636212809707,20.382301343227763,21.064741398358343,21.505617355005903,22.46193204174861,23.551286330338897,24.347508790309153,24.853115407718192,25.573606104288253,26.357550306372755,27.287681559323925,28.378523079522328,29.227163346782255,30.22551832116838,30.74826991679342,30.22532492131831,30.972214722657302,31.79297142829652,32.34858652565193,33.51847432173198,35.90961216437128,38.937970608800285,41.590393058480295,43.48885684241192,45.62667477605599,46.19581005200403,46.83643387433314,49.13223641197221,51.03815664160544,51.90040719136043,52.4846011333484,53.0581954593725,53.41360541693061,53.53747780102915,54.824987483521625,56.47882744650048,57.30741776911049,56.25586894399804,58.78967987448907,59.94318721831418,62.35981496433338,63.9829944551724,64.63249902422358,0.012918743736239024,0.01924808802953537
,,,,,,,,,,,,,,,,,,,,,,,,,,,,,,,,,,,,,,,,,,,,,,,,,,,,,,,,,,,,,,,
Total World,44.89481580587675,46.36331442135335,47.13248783486719,48.9564945051868,51.26887250726053,53.515628936458604,54.51421504550579,56.41705397611964,58.64081816801047,57.645815088266914,56.99906643731547,59.12939717380732,60.21967843513916,61.40121054655256,62.29090050013976,60.59043999382588,59.197808596471006,57.78344867362771,57.67253994486268,59.25949230657684,59.81601685920122,60.09050754180179,61.21218230695627,62.383609447837564,62.575841499177955,62.17580255470727,61.58488496074718,60.99960431361188,60.4160709965338,60.317069967491726,60.62296061169227,61.53625924504501,61.24879928633837,60.76215928285991,61.00294247083413,61.82183599244904,61.76174978538107,62.333242096777404,63.776324797001195,66.08975267714294,67.42367119044374,68.5192941184994,69.7661496553092,69.51992502452326,67.46811810884812,69.85432696791909,70.52670190344239,70.48118683965545,70.65749258633664,70.42775725670691,70.11575403381094,69.96266882293068,70.50032488361909,71.54356448986556,71.26008967155767,67.54738508410497,70.40206002166379,70.88265172689087,71.57375370075037,72.55323410223984,72.92758398825681,0.00791352023227132,0.003939684560996248
of which: OECD,122.1425024828238,126.70515341701852,130.02995512880096,137.08276836271796,144.78439900308354,151.56845823753568,153.51132561307583,159.7479031335857,167.2074417731618,162.44401882732652,158.01403923137016,165.5571766990392,167.8142038517699,170.85977249937193,173.4897336699453,167.18436931756298,161.8447125164664,155.47286894474334,154.68009630106528,160.21423282962925,162.19357355619476,163.14386231362602,167.04996672769667,171.30806679459982,173.44492661517342,172.62848560066774,172.7929659793089,173.07175979364462,173.8730921368801,175.88582864173313,178.52649015688183,183.26410327012738,183.6929274696303,183.29081178515094,184.70788791499731,187.1465379001092,185.11592998837924,185.64771088864887,186.11489817938875,188.43216567785186,188.19098581927133,187.39725292808373,187.38704433095177,183.54993658337082,173.02515968115554,178.24355934430187,174.4947552782996,171.1703094323023,171.53788944395683,168.9801270136297,167.94373214850862,167.30085120602848,167.66369085363965,168.88486261226646,165.9489433838606,152.40541829813733,159.46068735136967,158.70251558724522,154.83536520962386,155.74097206313644,156.59859325877986,0.00826152823116244,-0.006969916187360314
                 Non-OECD,17.964087538008176,18.65075728516474,18.842864405891188,19.223950333325785,20.089403959095353,21.20562696359354,22.24194747749872,23.073474598211572,23.98680734729143,24.561809638794323,25.464712520264982,26.276127368464184,27.366714377609004,28.338717618840448,29.072113381405533,29.09671998320407,29.21905401990751,29.607567423357693,30.04115422407068,30.858565473075487,31.112102327672336,31.563293501245056,32.28764172566694,32.9789635405491,32.992193453553796,33.025893833301964,32.52117499978151,31.968424763398833,31.281092430497843,30.892266855608426,30.867947806037165,31.096592978856783,30.899158616161017,30.664594927932857,30.877502296825153,31.544820198165137,32.189493873312216,32.98306481666113,34.8552046947763,37.36062746001743,39.25438936492389,40.98356582102368,42.70105497174916,43.44337832268354,43.48935208050136,73.73336022770168,47.23311113108157,48.08460033230054,48.37870589275304,48.8031005855129,48.76973156249622,48.840394663014635,49.53157730352471,50.643214375489265,51.03318621219286,49.53930655385643,51.64014928714043,52.478437373830275,54.20996716089828,55.31799094353264,55.719941148776876,0.01002580839967071,0.013411966963057909
                 European Union #,91.00972808835398,93.1434506031518,95.98768704544986,102.27105564621787,110.32755242901753,117.71331435595731,120.78408195347743,126.35652653296667,132.92118677029387,130.4049356313084,129.13134092115754,137.42406031985325,137.64956915631075,142.85992724288764,147.28468035213098,144.42892413315573,139.59539530169428,135.88620731261918,136.101415585355,140.18382562397045,144.52075327072112,146.6262693384914,148.9894717944132,149.573340860288,150.52908115833517,145.84547626453457,145.0379187914774,141.68099778766995,140.28715469779044,139.4481334704722,142.75669701263087,147.40029865382382,146.25494789567367,147.16047683151507,146.27909435782024,147.10067649052576,149.62464459947537,149.57593305577103,152.27847495483292,153.58185810568537,153.1035989048234,153.9836078661461,151.35470425773497,149.9816684944365,139.88902506326266,144.6695692124326,140.24390942116,137.51449293423588,135.53026782547917,130.661980711507,131.83526227821406,132.79053485942345,135.24036178877947,133.896529031443,131.3103561153244,119.38524178963222,126.65456387820537,120.36835989741436,114.43543926135865,115.70581097007481,116.2436937093016,0.007401172034690928,-0.012507555602493503
,,,,,,,,,,,,,,,,,,,,,,,,,,,,,,,,,,,,,,,,,,,,,,,,,,,,,,,,,,,,,,,
"* In this review, energy supply comprises commercially-traded fuels, including modern renewables used to generate electricity. ",,,,,,,,,,,,,,,,,,,,,,,,,,,,,,,,,,,,,,,,,,,,,,,,,,,,,,,,,,,,,,,
 ^ Less than 0.05.,,,,,,,,,,,,,,,,,,,,,,,,,,,,,,,,,,,,,,,,,,,,,,,,,,,,,,,,,,,,,,,
w Less than 0.05%.,,,,,,,,,,,,,,,,,,,,,,,,,,,,,,,,,,,,,,,,,,,,,,,,,,,,,,,,,,,,,,,
 n/a not available.,,,,,,,,,,,,,,,,,,,,,,,,,,,,,,,,,,,,,,,,,,,,,,,,,,,,,,,,,,,,,,,
"USSR includes CIS, Georgia, Ukraine and the Baltic States.",,,,,,,,,,,,,,,,,,,,,,,,,,,,,,,,,,,,,,,,,,,,,,,,,,,,,,,,,,,,,,,
" # Excludes Estonia, Latvia and Lithuania prior to 1985 and Slovenia prior to 1990.",,,,,,,,,,,,,,,,,,,,,,,,,,,,,,,,,,,,,,,,,,,,,,,,,,,,,,,,,,,,,,,
Energy from non-fossil fuel combustible electricity generation is accounted for on their input heat requirements and non-combustible renewables on the energy content of their gross electrical output.,,,,,,,,,,,,,,,,,,,,,,,,,,,,,,,,,,,,,,,,,,,,,,,,,,,,,,,,,,,,,,,
See the appendix or https://www.energyinst.org/statistical-review for more details on this methodology.,,,,,,,,,,,,,,,,,,,,,,,,,,,,,,,,,,,,,,,,,,,,,,,,,,,,,,,,,,,,,,,
Notes: Annual changes and share of total are calculated using exajoules figures. Growth rates are adjusted for leap years.,,,,,,,,,,,,,,,,,,,,,,,,,,,,,,,,,,,,,,,,,,,,,,,,,,,,,,,,,,,,,,,
